Sample,pH_(input),Pressure,Temperature,O2_(input),Na+_(input),Cl-_(input),Ca+2_(input),HCO3-_(input),Pb+2_(input),CO,CO2,CO3-2,Ca+2,CaCO3,CaCl+,CaCl2,CaHCO3+,CaOH+,Cl-,ClO-,ClO2-,ClO3-,ClO4-,H+,H2,H2O,H2O2,HCO3-,HCl,HClO,HClO2,HO2-,HPbO2-,Na+,NaCl,NaOH,O2,OH-,Pb+2,PbCl+,PbCl2,PbCl3-,PbCl4-2,PbO,PbOH+,pH,aragonite,calcite,cerussite,halite,litharge,portlandite,DEFAULT,O2/H2O,charge imbalance,charge imbalance % of mean charge,charge imbalance % of total charge,ionic strength,mean charge,sigma(mz) anions,sigma(mz) cations,stoichiometric ionic strength,total charge,Ca+2_Log_ion-H+_activity_ratio,Cl-_Log_ion-H+_activity_ratio,ClO-_Log_ion-H+_activity_ratio,ClO2-_Log_ion-H+_activity_ratio,ClO3-_Log_ion-H+_activity_ratio,ClO4-_Log_ion-H+_activity_ratio,HCO3-_Log_ion-H+_activity_ratio,Na+_Log_ion-H+_activity_ratio,OH-_Log_ion-H+_activity_ratio,Pb+2_Log_ion-H+_activity_ratio,CH4(g),CO(g),CO2(g),H2(g),H2O(g),O2(g),Ca+2_total,Cl-_total,H+_total,HCO3-_total,Na+_total,O2_total,OH-_total,Pb+2_total
,pH,bar,degC,ppm,ppm,mg/L,mg/L,"Alk., mg/L CaCO3",ppm,molality,molality,molality,molality,molality,molality,molality,molality,molality,molality,molality,molality,molality,molality,molality,molality,molality,molality,molality,molality,molality,molality,molality,molality,molality,molality,molality,molality,molality,molality,molality,molality,molality,molality,molality,molality,pH,affinity_kcal,affinity_kcal,affinity_kcal,affinity_kcal,affinity_kcal,affinity_kcal,Eh_volts,Eh_volts,%,%,eq/kg.H2O,molality,eq/kg.H2O,eq/kg.H2O,eq/kg.H2O,eq/kg.H2O,molality,Log ion-H+ activity ratio,Log ion-H+ activity ratio,Log ion-H+ activity ratio,Log ion-H+ activity ratio,Log ion-H+ activity ratio,Log ion-H+ activity ratio,Log ion-H+ activity ratio,Log ion-H+ activity ratio,Log ion-H+ activity ratio,Log ion-H+ activity ratio,log_fugacity,log_fugacity,log_fugacity,log_fugacity,log_fugacity,log_fugacity,molality,molality,molality,molality,molality,molality,molality,molality
F_10.00,10,1.1958424984549831,10.4,1.12E+01,5.40E+00,1.40E+01,2.73E+01,9.60E+01,9.00E-03,6.413e-56,5.0758e-07,0.00075622,0.00040141,0.00027315,5.5123e-08,1.1482e-11,6.63e-06,9.3133e-08,0.00039479,1.4512999999999999e-21,9.869999999999998e-32,2.4807e-27,2.437e-27,1.0714e-10,1.3571e-47,55.364055576117075,5.2497e-20,0.0018818,9.1226e-15,6.5823e-24,6.771899999999999e-40,5.8139e-22,4.1431e-11,0.0030114,1.5915e-07,5.245e-08,0.00035011,3.2015e-05,7.8932e-12,6.0654e-14,7.2315e-17,1.4088e-20,4.1207e-24,9.2294e-10,4.2476e-08,10.0,1.95969,2.14796,-0.82189,-9.76305,-5.72768,-9.37099,0.67,0.67,9.94604182e-12,0.0,0.0,0.0049787,0.0038210648047,-0.0038210647997,0.0038210648097,0.00505577,0.0076421296094,16.47788,-13.43557,-30.86947,-41.03692,-36.63701,-36.64473,-12.75666,7.44573,-14.52623,8.76765,-155.07024,-52.31303,-5.02452,-43.81269,-1.98854,-0.68148,0.000681333,0.000395006,,0.00291832,0.00301164,0.000350114,0.00106107,4.34488e-08
F_9.95,9.95,1.1958424984549831,10.4,1.12E+01,5.40E+00,1.40E+01,2.73E+01,9.60E+01,9.00E-03,7.2188000000000005e-56,5.7139e-07,0.00067197,0.0004182,0.00025603,5.7781e-08,1.2075e-11,6.9609e-06,8.6867e-08,0.0003948,1.4514999999999999e-21,9.8709e-32,2.4808e-27,2.4371e-27,1.2004e-10,1.3572e-47,55.364055576117075,5.2497e-20,0.001885,1.0252e-14,7.3975e-24,7.6106e-40,5.1738e-22,3.2997e-11,0.0028087,1.4893e-07,4.3674e-08,0.00035011,2.8489e-05,8.8348e-12,6.8332e-14,8.1742e-17,1.5926e-20,4.6433000000000005e-24,8.26e-10,4.2581e-08,9.95,1.92322,2.11149,-0.81772,-9.80045,-5.79021,-9.47414,0.673,0.673,4.5412822808e-11,0.0,0.0,0.0047424,0.0036522356303,-0.0036522356076,0.003652235653,0.00485301,0.0073044712605,16.39837,-13.38486,-30.81877,-40.98622,-36.58631,-36.59403,-12.70526,7.3662,-14.52623,8.71946,-155.01884,-52.26163,-4.97312,-43.81269,-1.98854,-0.68148,0.000681333,0.000395006,,0.00282054,0.00280888,0.000350114,0.000956087,4.34488e-08
F_9.90,9.9,1.1958424984549831,10.4,1.12E+01,5.40E+00,1.40E+01,2.73E+01,9.60E+01,9.00E-03,8.122900000000001e-56,6.4299e-07,0.00059724,0.0004347,0.00023921,6.0394e-08,1.266e-11,7.286e-06,8.0803e-08,0.00039481,1.4515999999999999e-21,9.8717e-32,2.4809e-27,2.4372000000000002e-27,1.3452e-10,1.3572e-47,55.364055576117075,5.2497e-20,0.0018878,1.152e-14,8.3123e-24,8.551699999999999e-40,4.604699999999999e-22,2.6272e-11,0.0026256,1.3965e-07,3.6443e-08,0.00035011,2.5355e-05,9.8907e-12,7.6949e-14,9.2328e-17,1.799e-20,5.2298e-24,7.3892e-10,4.2674e-08,9.9,1.88493,2.07321,-0.81401,-9.83674,-5.85299,-9.57892,0.676,0.675,4.5836797465e-11,0.0,0.0,0.0045344,0.0035024689049,-0.003502468882,0.0035024689278,0.00466991,0.0070049378098,16.31761,-13.33423,-30.76813,-40.93558,-36.53567,-36.54339,-12.65401,7.2876,-14.52622,8.67107,-154.96758,-52.21038,-4.92188,-43.81269,-1.98854,-0.68148,0.000681333,0.000395006,,0.00273221,0.00262578,0.000350114,0.000861323,4.34488e-08
F_9.85,9.85,1.1958424984549831,10.4,1.12E+01,5.40E+00,1.40E+01,2.73E+01,9.60E+01,9.00E-03,9.1374e-56,7.2333e-07,0.00053094,0.0004508,0.00022279,6.2946e-08,1.323e-11,7.6032e-06,7.496e-08,0.00039481,1.4517e-21,9.8724e-32,2.481e-27,2.4373e-27,1.5076e-10,1.3573e-47,55.364055576117075,5.2498e-20,0.0018903,1.2943e-14,9.338900000000001e-24,9.6079e-40,4.0988999999999997e-22,2.0912e-11,0.0024602,1.312e-07,3.0476e-08,0.00035011,2.2569e-05,1.1075e-11,8.6619e-14,1.0421e-16,2.0308e-20,5.888e-24,6.6075e-10,4.2756e-08,9.85,1.84486,2.03314,-0.8107,-9.87187,-5.91599,-9.6853,0.678,0.678,1.2141431523e-11,0.0,0.0,0.00435132,0.0033695723865,-0.0033695723804,0.0033695723926,0.00450448,0.006739144773,16.23561,-13.28365,-30.71756,-40.88501,-36.4851,-36.49282,-12.6029,7.20994,-14.52622,8.62251,-154.91647,-52.15927,-4.87076,-43.81269,-1.98854,-0.68148,0.000681333,0.000395006,,0.00265237,0.00246035,0.000350114,0.00077573,4.34488e-08
F_9.80,9.8,1.1958424984549831,10.4,1.12E+01,5.40E+00,1.40E+01,2.73E+01,9.60E+01,9.00E-03,1.0276e-55,8.1347e-07,0.00047211,0.00046643,0.00020686,6.5423e-08,1.3785e-11,7.911e-06,6.9354e-08,0.00039482,1.4518e-21,9.873e-32,2.4811e-27,2.4374e-27,1.6898e-10,1.3574e-47,55.364055576117075,5.2498e-20,0.0018925,1.454e-14,1.0491e-23,1.0793e-39,3.6489999999999996e-22,1.6641e-11,0.0023107,1.2353e-07,2.5543e-08,0.00035011,2.0091e-05,1.2403e-11,9.747e-14,1.1755e-16,2.2909000000000002e-20,6.626500000000001e-24,5.9064e-10,4.2829e-08,9.8,1.80306,1.99133,-0.80774,-9.90583,-5.97919,-9.79326,0.681,0.681,9.3699535977e-12,0.0,0.0,0.00419015,0.003251609244,-0.0032516092393,0.0032516092487,0.00435494,0.0065032184879,16.1524,-13.23314,-30.66704,-40.83449,-36.43458,-36.4423,-12.55191,7.13326,-14.52622,8.5738,-154.86548,-52.10828,-4.81978,-43.81268,-1.98854,-0.68148,0.000681333,0.000395006,,0.00258017,0.00231081,0.000350114,0.000698387,4.34488e-08
F_9.75,9.75,1.1958424984549831,10.4,1.12E+01,5.40E+00,1.40E+01,2.73E+01,9.60E+01,9.00E-03,1.1553e-55,9.1461e-07,0.00041988,0.0004815,0.00019149,6.7812e-08,1.4319e-11,8.2077e-06,6.4001e-08,0.00039482,1.4518e-21,9.8736e-32,2.4812e-27,2.4375e-27,1.8942e-10,1.3574e-47,55.364055576117075,5.2498e-20,0.0018944,1.6331e-14,1.1784e-23,1.2123e-39,3.2489e-22,1.324e-11,0.0021755,1.1656e-07,2.1458e-08,0.00035011,1.7888e-05,1.3892e-11,1.0965e-13,1.3253e-16,2.5829e-20,7.4552e-24,5.278e-10,4.2894e-08,9.75,1.75957,1.94784,-0.80512,-9.93856,-6.04258,-9.90277,0.684,0.684,7.2265323066e-12,0.0,0.0,0.00404825,0.0031468688154,-0.0031468688118,0.003146868819,0.00421976,0.0062937376308,16.068,-13.18267,-30.61658,-40.78402,-36.38412,-36.39184,-12.50103,7.05756,-14.52622,8.52494,-154.81459,-52.0574,-4.7689,-43.81268,-1.98853,-0.68148,0.000681333,0.000395006,,0.00251489,0.00217563,0.000350114,0.000628481,4.34488e-08
F_9.70,9.7,1.1958424984549831,10.4,1.12E+01,5.40E+00,1.40E+01,2.73E+01,9.60E+01,9.00E-03,1.2986e-55,1.0281e-06,0.00037351,0.00049595,0.00017676,7.0103e-08,1.4832e-11,8.4921e-06,5.8911e-08,0.00039483,1.4519e-21,9.874e-32,2.4813000000000002e-27,2.4376e-27,2.1235e-10,1.3575e-47,55.364055576117075,5.2498e-20,0.0018961,1.8342e-14,1.3234e-23,1.3615e-39,2.8929e-22,1.0532e-11,0.0020533,1.1023e-07,1.8068e-08,0.00035011,1.5928e-05,1.5563e-11,1.2331e-13,1.4934e-16,2.9106e-20,8.385e-24,4.7151e-10,4.2951e-08,9.7,1.71445,1.90273,-0.80278,-9.97003,-6.10613,,0.687,0.687,5.5699945524e-12,0.0,0.0,0.0039233,0.0030538403987,-0.0030538403959,0.0030538404015,0.00409753,0.0061076807974,15.98245,-13.13225,-30.56616,-40.7336,-36.3337,-36.34142,-12.45024,6.98289,-14.52622,8.47596,-154.76381,-52.00662,-4.71812,-43.81268,-1.98853,-0.68148,0.000681333,0.000395006,,0.00245586,0.0020534,0.000350114,0.000565289,4.34488e-08
F_9.65,9.65,1.1958424984549831,10.4,1.12E+01,5.40E+00,1.40E+01,2.73E+01,9.60E+01,9.00E-03,1.4594e-55,1.1554e-06,0.00033231,0.00050973,0.00016271,7.2287e-08,1.5322e-11,8.7631e-06,5.4094e-08,0.00039483,1.452e-21,9.8745e-32,2.4814e-27,2.4376e-27,2.3808e-10,1.3575e-47,55.364055576117075,5.2498e-20,0.0018976,2.0597e-14,1.4862e-23,1.529e-39,2.5762e-22,8.3766e-12,0.0019428,1.0448e-07,1.5251e-08,0.00035011,1.4184e-05,1.7437e-11,1.3864e-13,1.682e-16,3.2783e-20,9.4283e-24,4.2111e-10,4.3002e-08,9.65,1.66779,1.85606,-0.80071,,-6.16983,,0.69,0.689,4.2910137249e-12,0.0,0.0,0.00381323,0.0029711897859,-0.0029711897838,0.0029711897881,0.00398705,0.0059423795719,15.89579,-13.08188,-30.51578,-40.68323,-36.28332,-36.29104,-12.39955,6.90927,-14.52622,8.42686,-154.71312,-51.95593,-4.66742,-43.81268,-1.98853,-0.68148,0.000681333,0.000395006,,0.0024025,0.00194292,0.000350114,0.000508168,4.34488e-08
F_9.60,9.6,1.1958424984549831,10.4,1.12E+01,5.40E+00,1.40E+01,2.73E+01,9.60E+01,9.00E-03,1.6398e-55,1.2982e-06,0.00029571,0.0005228,0.00014939,7.4358e-08,1.5785e-11,9.02e-06,4.9554e-08,0.00039483,1.452e-21,9.8748e-32,2.4814e-27,2.4377e-27,2.6694e-10,1.3575e-47,55.364055576117075,5.2498e-20,0.0018988,2.3128e-14,1.6688e-23,1.7169e-39,2.2943999999999997e-22,6.6612e-12,0.001843,9.9271e-08,1.2904e-08,0.00035011,1.2632e-05,1.954e-11,1.5583e-13,1.8936e-16,3.6909000000000003e-20,1.0598999999999999e-23,3.7601e-10,4.3046e-08,9.6,1.61965,1.80793,-0.79887,,-6.23367,,0.692,0.692,3.3048130205e-12,0.0,0.0,0.00371625,0.0028977383988,-0.0028977383972,0.0028977384005,0.0038872,0.0057954767977,15.80808,-13.03154,-30.46545,-40.63289,-36.23299,-36.24071,-12.34893,6.83671,-14.52622,8.37767,-154.6625,-51.90531,-4.61681,-43.81268,-1.98853,-0.68148,0.000681333,0.000395006,,0.00235427,0.00184307,0.000350114,0.000456543,4.34488e-08
F_9.55,9.55,1.1958424984549831,10.4,1.12E+01,5.40E+00,1.40E+01,2.73E+01,9.60E+01,9.00E-03,1.8422e-55,1.4585e-06,0.00026318,0.00053513,0.00013682,7.6311e-08,1.6223e-11,9.2623e-06,4.5294e-08,0.00039483,1.4521e-21,9.8752e-32,2.4815e-27,2.4377e-27,2.9933e-10,1.3576e-47,55.364055576117075,5.2498e-20,0.0019,2.5968e-14,1.8737e-23,1.9277e-39,2.0434999999999998e-22,5.2964e-12,0.0017528,9.4546e-08,1.0946e-08,0.00035011,1.1251e-05,2.1898e-11,1.7513e-13,2.1311e-16,4.154e-20,1.1912e-23,3.3567e-10,4.3086e-08,9.55,1.57012,1.7584,-0.79724,,-6.29762,,0.695,0.695,2.5454480104e-12,0.0,0.0,0.00363076,0.0028324448023,-0.002832444801,0.0028324448036,0.00379699,0.0056648896046,15.71935,-12.98124,-30.41515,-40.5826,-36.18269,-36.19041,-12.29839,6.76523,-14.52622,8.32838,-154.61195,-51.85476,-4.56626,-43.81268,-1.98853,-0.68148,0.000681333,0.000395006,,0.00231072,0.00175286,0.000350114,0.000409895,4.34488e-08
F_9.50,9.5,1.1958424984549831,10.4,1.12E+01,5.40E+00,1.40E+01,2.73E+01,9.60E+01,9.00E-03,2.0692e-55,1.6383e-06,0.00023427,0.00054671,0.00012501,7.8146e-08,1.6634e-11,9.4896e-06,4.1314e-08,0.00039484,1.4521e-21,9.875399999999999e-32,2.4815e-27,2.4378e-27,3.3567e-10,1.3576e-47,55.364055576117075,5.2499e-20,0.001901,2.9155e-14,2.1035999999999998e-23,2.1642e-39,1.8202e-22,4.2107e-12,0.0016713,9.0267e-08,9.3084e-09,0.00035011,1.0021e-05,2.4544e-11,1.9677e-13,2.3975e-16,4.6734e-20,1.3385e-23,2.996e-10,4.312e-08,9.5,1.51928,1.70755,-0.7958,,-6.36168,,0.698,0.698,1.961494335e-12,0.0,0.0,0.00355536,0.0027743883731,-0.0027743883721,0.002774388374,0.00371555,0.0055487767461,15.62968,-12.93098,-30.36488,-40.53233,-36.13242,-36.14014,-12.2479,6.69485,-14.52621,8.279,-154.56147,-51.80428,-4.51578,-43.81268,-1.98853,-0.68148,0.000681333,0.000395006,,0.00227141,0.00167142,0.000350114,0.000367757,4.34488e-08
F_9.45,9.45,1.1958424984549831,10.4,1.12E+01,5.40E+00,1.40E+01,2.73E+01,9.60E+01,9.00E-03,2.324e-55,1.8401e-06,0.00020855,0.00055753,0.00011398,7.986e-08,1.7018e-11,9.7021e-06,3.7608e-08,0.00039484,1.4522e-21,9.8757e-32,2.4815e-27,2.4378e-27,3.7645e-10,1.3576e-47,55.364055576117075,5.2499e-20,0.0019019,3.273e-14,2.3616e-23,2.4297e-39,1.6214e-22,3.3472e-12,0.0015978,8.6395e-08,7.9359e-09,0.00035011,8.9267e-06,2.7513e-11,2.2106e-13,2.6965e-16,5.2563e-20,1.5038e-23,2.6736e-10,4.315e-08,9.45,1.46721,1.65548,-0.79452,,-6.42583,,0.701,0.701,1.5128280573e-12,0.0,0.0,0.00348884,0.0027227549067,-0.0027227549059,0.0027227549075,0.00364205,0.0054455098134,15.53912,-12.88074,-30.31464,-40.48209,-36.08218,-36.0899,-12.19747,6.62557,-14.52621,8.22956,-154.51104,-51.75385,-4.46535,-43.81268,-1.98853,-0.68148,0.000681333,0.000395006,,0.00223596,0.00159792,0.000350114,0.000329707,4.34488e-08
F_9.40,9.4,1.1958424984549831,10.4,1.12E+01,5.40E+00,1.40E+01,2.73E+01,9.60E+01,9.00E-03,2.6099e-55,2.0665e-06,0.00018568,0.00056761,0.00010371,8.1455e-08,1.7376e-11,9.8997e-06,3.4171e-08,0.00039484,1.4522e-21,9.875899999999999e-32,2.4816000000000003e-27,2.4379e-27,4.222e-10,1.3576e-47,55.364055576117075,5.2499e-20,0.0019027,3.6742e-14,2.6511e-23,2.7275e-39,1.4444e-22,2.6605e-12,0.0015315,8.2894e-08,6.783e-09,0.00035011,7.9522e-06,3.0843e-11,2.483e-13,3.0319e-16,5.9102e-20,1.6893e-23,2.3855e-10,4.3176e-08,9.4,1.41399,1.60226,-0.7934,,-6.49007,,0.704,0.704,1.1681974832e-12,0.0,0.0,0.00343012,0.0026768239539,-0.0026768239533,0.0026768239545,0.00357576,0.0053536479078,15.44772,-12.83052,-30.26443,-40.43188,-36.03197,-36.03969,-12.14709,6.55739,-14.52621,8.18004,-154.46065,-51.70347,-4.41497,-43.81268,-1.98853,-0.68148,0.000681333,0.000395006,,0.00220402,0.00153163,0.000350114,0.00029536,4.34488e-08
F_9.35,9.35,1.1958424984549831,10.4,1.12E+01,5.40E+00,1.40E+01,2.73E+01,9.60E+01,9.00E-03,2.9306000000000002e-55,2.3204e-06,0.00016534,0.00057695,9.4182e-05,8.2934e-08,1.7707e-11,1.0083e-05,3.0994e-08,0.00039484,1.4522e-21,9.8761e-32,2.4816000000000003e-27,2.4379e-27,4.7353e-10,1.3577e-47,55.364055576117075,5.2499e-20,0.0019034,4.1243e-14,2.9759e-23,3.0616e-39,1.2868e-22,2.1145e-12,0.0014718,7.9732e-08,5.8122e-09,0.00035011,7.0844e-06,3.4579e-11,2.7887e-13,3.4081e-16,6.6438e-20,1.8973e-23,2.1281e-10,4.3199e-08,9.35,1.3597,1.54797,-0.79241,,-6.5544,,0.706,0.706,9.033680921400001e-13,0.0,0.0,0.00337825,0.0026359576915,-0.002635957691,0.0026359576919,0.00351602,0.005271915383,15.35554,-12.78033,-30.21424,-40.38169,-35.98178,-35.9895,-12.09675,6.49031,-14.52621,8.13047,-154.41031,-51.65313,-4.36463,-43.81268,-1.98853,-0.68148,0.000681333,0.000395006,,0.00217528,0.00147189,0.000350114,0.000264365,4.34488e-08
F_9.30,9.3,1.1958424984549831,10.4,1.12E+01,5.40E+00,1.40E+01,2.73E+01,9.60E+01,9.00E-03,3.2905e-55,2.6054e-06,0.00014724,0.00058559,8.5383e-05,8.43e-08,1.8013e-11,1.0252e-05,2.8068e-08,0.00039484,1.4522e-21,9.8763e-32,2.4816000000000003e-27,2.4379e-27,5.3113e-10,1.3577e-47,55.364055576117075,5.2499e-20,0.001904,4.6294e-14,3.3403e-23,3.4365e-39,1.1465e-22,1.6804e-12,0.001418,7.6879e-08,4.9929e-09,0.00035011,6.3116e-06,3.8769e-11,3.1316e-13,3.8302e-16,7.4667e-20,2.1306e-23,1.8983e-10,4.3218e-08,9.3,1.30443,1.4927,-0.79154,,-6.61879,,0.709,0.709,6.996311082600001e-13,0.0,0.0,0.00333241,0.0025995911489,-0.0025995911486,0.0025995911493,0.00346222,0.0051991822978,15.26264,-12.73016,-30.16407,-40.33152,-35.93161,-35.93933,-12.04645,6.42432,-14.52621,8.08084,-154.36001,-51.60283,-4.31433,-43.81268,-1.98853,-0.68148,0.000681333,0.000395006,,0.00214944,0.00141809,0.000350114,0.000236403,4.34488e-08
F_9.25,9.25,1.1958424984549831,10.4,1.12E+01,5.40E+00,1.40E+01,2.73E+01,9.60E+01,9.00E-03,3.6942e-55,2.9251e-06,0.00013113,0.00059353,7.7281e-05,8.5557e-08,1.8294e-11,1.0408e-05,2.538e-08,0.00039485,1.4523e-21,9.8765e-32,2.4817e-27,2.4379e-27,5.9575e-10,1.3577e-47,55.364055576117075,5.2499e-20,0.0019045,5.1961e-14,3.7492e-23,3.8571999999999997e-39,1.0213999999999999e-22,1.3353e-12,0.0013696,7.4307e-08,4.2995e-09,0.00035011,5.6233e-06,4.3471e-11,3.5162e-13,4.3037e-16,8.3899e-20,2.3924e-23,1.6931e-10,4.3234e-08,9.25,1.24825,1.43653,-0.79078,,-6.68325,,0.712,0.712,5.426429704900001e-13,0.0,0.0,0.00329189,0.0025672236273,-0.002567223627,0.0025672236276,0.0034138,0.0051344472546,15.16908,-12.68001,-30.11392,-40.28137,-35.88146,-35.88918,-11.99619,6.35939,-14.52621,8.03116,-154.30975,-51.55257,-4.26407,-43.81267,-1.98853,-0.68148,0.000681333,0.000395006,,0.00212624,0.00136967,0.000350114,0.000211182,4.34488e-08
F_9.20,9.2,1.1958424984549831,10.4,1.12E+01,5.40E+00,1.40E+01,2.73E+01,9.60E+01,9.00E-03,4.1472e-55,3.2839e-06,0.00011679,0.00060083,6.9845e-05,8.6711e-08,1.8553e-11,1.0551e-05,2.2918e-08,0.00039485,1.4523e-21,9.876599999999999e-32,2.4817e-27,2.4380000000000002e-27,6.6826e-10,1.3577e-47,55.364055576117075,5.2499e-20,0.001905,5.8319e-14,4.2079e-23,4.3291e-39,9.1009e-23,1.0611e-12,0.0013261,7.199e-08,3.7113e-09,0.00035011,5.0103e-06,4.8745e-11,3.9477e-13,4.8349e-16,9.4255e-20,2.6861e-23,1.51e-10,4.3248e-08,9.2,1.19124,1.37951,-0.79012,,-6.74777,,0.715,0.715,4.2144781588e-13,0.0,0.0,0.00325603,0.0025384111654,-0.0025384111652,0.0025384111656,0.00337026,0.0050768223308,15.0749,-12.62988,-30.06379,-40.23123,-35.83133,-35.83905,-11.94595,6.2955,-14.52621,7.98143,-154.25951,-51.50233,-4.21383,-43.81267,-1.98853,-0.68148,0.000681333,0.000395006,,0.00210544,0.00132613,0.000350114,0.000188434,4.34488e-08
F_9.15,9.15,1.1958424984549831,10.4,1.12E+01,5.40E+00,1.40E+01,2.73E+01,9.60E+01,9.00E-03,4.6555e-55,3.6863e-06,0.00010403,0.00060751,6.3038e-05,8.7767e-08,1.8789e-11,1.0681e-05,2.0668e-08,0.00039485,1.4523e-21,9.8767e-32,2.4817e-27,2.4380000000000002e-27,7.4961e-10,1.3577e-47,55.364055576117075,5.2499e-20,0.0019054,6.5453e-14,4.7227e-23,4.8587e-39,8.1091e-23,8.4306e-13,0.0012869,6.9905e-08,3.211e-09,0.00035011,4.4642e-06,5.466e-11,4.4317e-13,5.4307e-16,1.0587000000000001e-19,3.0155e-23,1.3465e-10,4.3258e-08,9.15,1.13347,1.32174,-0.78955,,-6.81234,,0.718,0.718,1.818575672e-13,0.0,0.0,0.0032243,0.0025127599223,-0.0025127599222,0.0025127599223,0.00333112,0.0050255198445,14.98017,-12.57976,-30.01367,-40.18111,-35.78121,-35.78893,-11.89574,6.23261,-14.52621,7.93166,-154.2093,-51.45212,-4.16362,-43.81267,-1.98853,-0.68148,0.000681333,0.000395006,,0.00208682,0.00128699,0.000350114,0.000167914,4.34488e-08
F_9.10,9.1,1.1958424984549831,10.4,1.12E+01,5.40E+00,1.40E+01,2.73E+01,9.60E+01,9.00E-03,5.2258e-55,4.1379e-06,9.267e-05,0.0006136,5.6825e-05,8.873e-08,1.9005e-11,1.08e-05,1.8618e-08,0.00039485,1.4523e-21,9.8768e-32,2.4817e-27,2.4380000000000002e-27,8.4089e-10,1.3577e-47,55.364055576117075,5.2499e-20,0.0019058,7.3457e-14,5.3002e-23,5.4529e-39,7.2255e-23,6.6981e-13,0.0012518,6.803e-08,2.7844e-09,0.00035011,3.9778e-06,6.1296e-11,4.9746e-13,6.099e-16,1.189e-19,3.385e-23,1.2006e-10,4.3266e-08,9.1,1.07499,1.26326,-0.78906,,-6.87697,,0.721,0.72,6.9818933621e-14,0.0,0.0,0.00319619,0.0024899203624,-0.0024899203624,0.0024899203624,0.00329597,0.0049798407248,14.88491,-12.52965,-29.96356,-40.13101,-35.7311,-35.73882,-11.84556,6.1707,-14.52621,7.88185,-154.15912,-51.40194,-4.11344,-43.81267,-1.98853,-0.68148,0.000681333,0.000395006,,0.00207019,0.00125184,0.000350114,0.000149398,4.34488e-08
F_9.05,9.05,1.1958424984549831,10.4,1.12E+01,5.40E+00,1.40E+01,2.73E+01,9.60E+01,9.00E-03,5.8656e-55,4.6446e-06,8.2553e-05,0.00061915,5.1166e-05,8.9608e-08,1.9202e-11,1.0909e-05,1.6754e-08,0.00039485,1.4523e-21,9.8769e-32,2.4817e-27,2.4380000000000002e-27,9.4331e-10,1.3577e-47,55.364055576117075,5.2499e-20,0.0019061,8.2439e-14,5.9483e-23,6.1196e-39,6.438399999999999e-23,5.3213e-13,0.0012202,6.6345e-08,2.4196e-09,0.00035011,3.5445e-06,6.8739e-11,5.5835e-13,6.8486e-16,1.3352000000000001e-19,3.7994e-23,1.0704e-10,4.3272e-08,9.05,1.01588,1.20415,-0.78864,,-6.94164,,0.723,0.723,-7.6523054386e-13,-0.0,-0.0,0.00317129,0.0024695821416,-0.002469582142,0.0024695821412,0.00326442,0.0049391642832,14.78919,-12.47956,-29.91347,-40.08091,-35.681,-35.68872,-11.79539,6.10971,-14.52621,7.83201,-154.10895,-51.35177,-4.06327,-43.81267,-1.98852,-0.68148,0.000681333,0.000395006,,0.00205535,0.00122029,0.000350114,0.000132681,4.34488e-08
F_9.00,9,1.1958424984549831,10.4,1.12E+01,5.40E+00,1.40E+01,2.73E+01,9.60E+01,9.00E-03,6.5836e-55,5.2132e-06,7.3545e-05,0.0006242,4.6023e-05,9.0405e-08,1.938e-11,1.1008e-05,1.5062e-08,0.00039485,1.4523e-21,9.877e-32,2.4817e-27,2.4380000000000002e-27,1.0582e-09,1.3577e-47,55.364055576117075,5.2499e-20,0.0019064,9.2516e-14,6.675399999999999e-23,6.8676e-39,5.7372e-23,4.2272e-13,0.0011919,6.4832e-08,2.1069e-09,0.00035011,3.1584e-06,7.7087e-11,6.2665e-13,7.6894e-16,1.4991000000000002e-19,4.2643e-23,9.5426e-11,4.3275e-08,9.0,0.95619,1.14447,-0.78829,,-7.00635,,0.726,0.726,-4.5254230051000004e-13,-0.0,-0.0,0.00314921,0.0024514696078,-0.002451469608,0.0024514696075,0.00323611,0.0049029392155,14.69304,-12.42947,-29.86338,-40.03083,-35.63092,-35.63864,-11.74524,6.04961,-14.52621,7.78213,-154.0588,-51.30163,-4.01313,-43.81267,-1.98852,-0.68148,0.000681333,0.000395006,,0.00204216,0.00119198,0.000350114,0.000117573,4.34488e-08
F_8.95,8.95,1.1958424984549831,10.4,1.12E+01,5.40E+00,1.40E+01,2.73E+01,9.60E+01,9.00E-03,7.389100000000001e-55,5.851e-06,6.5523e-05,0.00062877,4.1359e-05,9.1127e-08,1.9542e-11,1.1097e-05,1.3529e-08,0.00039485,1.4524e-21,9.877099999999999e-32,2.4818e-27,2.4380000000000002e-27,1.1872e-09,1.3578e-47,55.364055576117075,5.2499e-20,0.0019066,1.0382e-13,7.491199999999999e-23,7.707e-39,5.1124e-23,3.3579e-13,0.0011665,6.3474e-08,1.8381e-09,0.00035011,2.8145e-06,8.645e-11,7.0325e-13,8.6324e-16,1.6830000000000003e-19,4.7855999999999997e-23,8.5066e-11,4.3276e-08,8.95,0.89598,1.08425,-0.78801,,-7.07111,,0.729,0.729,-2.6757979513000004e-13,-0.0,-0.0,0.00312963,0.0024353378345,-0.0024353378347,0.0024353378344,0.00321074,0.004870675669,14.5965,-12.3794,-29.81331,-39.98075,-35.58085,-35.58857,-11.69511,5.99034,-14.52621,7.73222,-154.00867,-51.2515,-3.963,-43.81267,-1.98852,-0.68148,0.000681333,0.000395006,,0.00203046,0.00116661,0.000350114,0.000103903,4.34488e-08
F_8.90,8.9,1.1958424984549831,10.4,1.12E+01,5.40E+00,1.40E+01,2.73E+01,9.60E+01,9.00E-03,8.2929e-55,6.5667e-06,5.8378e-05,0.00063292,3.7136e-05,9.1782e-08,1.9689e-11,1.1178e-05,1.2142e-08,0.00039485,1.4524e-21,9.8772e-32,2.4818e-27,2.4380000000000002e-27,1.3318e-09,1.3578e-47,55.364055576117075,5.2499e-20,0.0019069,1.1651e-13,8.4065e-23,8.6487e-39,4.5558e-23,2.6673e-13,0.0011438,6.2257e-08,1.6066e-09,0.00035011,2.508e-06,9.6951e-11,7.8915e-13,9.69e-16,1.8892000000000002e-19,5.3703e-23,7.5825e-11,4.3275e-08,8.9,0.83529,1.02356,-0.78779,,-7.13591,,0.732,0.732,-1.5822564613000002e-13,-0.0,-0.0,0.00311226,0.0024209691279,-0.002420969128,0.0024209691278,0.00318801,0.0048419382558,14.49961,-12.32933,-29.76324,-39.93068,-35.53078,-35.5385,-11.645,5.93186,-14.52621,7.68227,-153.95856,-51.20138,-3.91288,-43.81267,-1.98852,-0.68148,0.000681333,0.000395006,,0.00202011,0.00114388,0.000350114,9.15111e-05,4.34488e-08
F_8.85,8.85,1.1958424984549831,10.4,1.12E+01,5.40E+00,1.40E+01,2.73E+01,9.60E+01,9.00E-03,9.307e-55,7.3698e-06,5.2014e-05,0.00063666,3.3319e-05,9.2373e-08,1.9821e-11,1.1251e-05,1.089e-08,0.00039485,1.4524e-21,9.8772e-32,2.4818e-27,2.4381e-27,1.4942e-09,1.3578e-47,55.364055576117075,5.2499e-20,0.0019071,1.3074e-13,9.4336e-23,9.705299999999999e-39,4.0598e-23,2.1185e-13,0.0011235,6.1166e-08,1.4066e-09,0.00035011,2.235e-06,1.0873e-10,8.8549e-13,1.0876e-15,2.1204000000000003e-19,6.026e-23,6.7583e-11,4.3271e-08,8.85,0.77417,0.96245,-0.78762,,-7.20075,,0.735,0.735,-9.358377788e-14,-0.0,-0.0,0.00309684,0.0024081699418,-0.0024081699418,0.0024081699418,0.00316764,0.0048163398836,14.4024,-12.27927,-29.71318,-39.88062,-35.48072,-35.48844,-11.5949,5.87412,-14.52621,7.6323,-153.90845,-51.15128,-3.86278,-43.81267,-1.98852,-0.68148,0.000681333,0.000395006,,0.00201101,0.00112351,0.000350114,8.02524e-05,4.34488e-08
F_8.80,8.8,1.1958424984549831,10.4,1.12E+01,5.40E+00,1.40E+01,2.73E+01,9.60E+01,9.00E-03,1.0445e-54,8.2708e-06,4.6346e-05,0.00064004,2.9873e-05,9.2907e-08,1.994e-11,1.1317e-05,9.7608e-09,0.00039485,1.4524e-21,9.8773e-32,2.4818e-27,2.4381e-27,1.6763e-09,1.3578e-47,55.364055576117075,5.2499e-20,0.0019072,1.4671e-13,1.0586e-22,1.0890999999999999e-38,3.6179e-23,1.6826e-13,0.0011052,6.0188e-08,1.2334e-09,0.00035011,1.9917e-06,1.2193e-10,9.9353e-13,1.2206e-15,2.3797e-19,6.7612e-23,6.0233e-11,4.3265e-08,8.8,0.71267,0.90094,-0.7875,,-7.26563,,0.737,0.737,-5.5367386023e-14,-0.0,-0.0,0.00308315,0.0023967681541,-0.0023967681541,0.0023967681541,0.00314941,0.0047935363082,14.30491,-12.22922,-29.66313,-39.83057,-35.43067,-35.43839,-11.54481,5.81708,-14.52621,7.5823,-153.85836,-51.10119,-3.81269,-43.81267,-1.98852,-0.68148,0.000681333,0.000395006,,0.00200304,0.00110528,0.000350114,6.99925e-05,4.34488e-08
F_8.75,8.75,1.1958424984549831,10.4,1.12E+01,5.40E+00,1.40E+01,2.73E+01,9.60E+01,9.00E-03,1.1721e-54,9.2817e-06,4.1296e-05,0.00064309,2.6768e-05,9.3388e-08,2.0048e-11,1.1377e-05,8.7434e-09,0.00039485,1.4524e-21,9.8773e-32,2.4818e-27,2.4381e-27,1.8807e-09,1.3578e-47,55.364055576117075,5.2499e-20,0.0019074,1.6463e-13,1.1879e-22,1.2221e-38,3.2240999999999997e-23,1.3363e-13,0.0010889,5.9313e-08,1.0832e-09,0.00035011,1.7749e-06,1.3674e-10,1.1147e-12,1.3697e-15,2.6705e-19,7.5857e-23,5.3678e-11,4.3257e-08,8.75,0.65081,0.83908,-0.78744,,-7.33055,,0.74,0.74,-3.2763939131e-14,-0.0,-0.0,0.00307099,0.0023866106591,-0.0023866106591,0.0023866106591,0.0031331,0.0047732213182,14.20715,-12.17917,-29.61308,-39.78052,-35.38062,-35.38834,-11.49472,5.76067,-14.52621,7.53226,-153.80828,-51.05111,-3.76261,-43.81267,-1.98852,-0.68148,0.000681333,0.000395006,,0.00199611,0.00108897,0.000350114,6.0608e-05,4.34488e-08
F_8.70,8.7,1.1958424984549831,10.4,1.12E+01,5.40E+00,1.40E+01,2.73E+01,9.60E+01,9.00E-03,1.3154e-54,1.0416e-05,3.6797e-05,0.00064583,2.3971e-05,9.3821e-08,2.0145e-11,1.143e-05,7.8279e-09,0.00039485,1.4524e-21,9.8774e-32,2.4818e-27,2.4381e-27,2.11e-09,1.3578e-47,55.364055576117075,5.2499e-20,0.0019075,1.8474e-13,1.333e-22,1.3714e-38,2.8732e-23,1.0612e-13,0.0010743,5.853e-08,9.5256e-10,0.00035011,1.5817e-06,1.5334e-10,1.2505e-12,1.5369e-15,2.9964000000000005e-19,8.51e-23,4.7834e-11,4.3246e-08,8.7,0.58864,0.77691,-0.78744,,-7.39551,,0.743,0.743,-1.9385534844e-14,-0.0,-0.0,0.00306019,0.0023775612378,-0.0023775612378,0.0023775612378,0.00311851,0.0047551224755,14.10916,-12.12913,-29.56304,-39.73048,-35.33058,-35.3383,-11.44465,5.70485,-14.52621,7.4822,-153.75821,-51.00104,-3.71253,-43.81267,-1.98852,-0.68148,0.000681333,0.000395006,,0.00199015,0.00107438,0.000350114,5.19844e-05,4.34488e-08
F_8.65,8.65,1.1958424984549831,10.4,1.12E+01,5.40E+00,1.40E+01,2.73E+01,9.60E+01,9.00E-03,1.4761e-54,1.1689e-05,3.279e-05,0.0006483,2.1456e-05,9.421e-08,2.0232e-11,1.1478e-05,7.005e-09,0.00039485,1.4524e-21,9.8774e-32,2.4818e-27,2.4381e-27,2.3672e-09,1.3578e-47,55.364055576117075,5.2499e-20,0.0019077,2.073e-13,1.4956999999999998e-22,1.5388e-38,2.5606e-23,8.4268e-14,0.0010613,5.783e-08,8.3873e-10,0.00035011,1.4096e-06,1.7195e-10,1.4027e-12,1.7244e-15,3.3619e-19,9.5463e-23,4.2622e-11,4.3233e-08,8.65,0.52618,0.71446,-0.78748,,-7.46051,,0.746,0.746,-1.146348641e-14,-0.0,-0.0,0.00305059,0.0023694986722,-0.0023694986722,0.0023694986722,0.00310547,0.0047389973444,14.01096,-12.07909,-29.513,-39.68044,-35.28054,-35.28826,-11.39459,5.64959,-14.52621,7.4321,-153.70815,-50.95097,-3.66247,-43.81267,-1.98852,-0.68148,0.000681333,0.000395006,,0.00198507,0.00106134,0.000350114,4.40156e-05,4.34488e-08
F_8.60,8.6,1.1958424984549831,10.4,1.12E+01,5.40E+00,1.40E+01,2.73E+01,9.60E+01,9.00E-03,1.6564e-54,1.3117e-05,2.9219e-05,0.00065051,1.9197e-05,9.456e-08,2.0311e-11,1.1521e-05,6.2659e-09,0.00039485,1.4524e-21,9.8774e-32,2.4818e-27,2.4381e-27,2.6559e-09,1.3578e-47,55.364055576117075,5.2499e-20,0.0019078,2.3261e-13,1.6784e-22,1.7266999999999998e-38,2.2819e-23,6.6912e-14,0.0010496,5.7203e-08,7.3937e-10,0.00035011,1.2562e-06,1.9282e-10,1.5734e-12,1.9345e-15,3.7716000000000003e-19,1.0708e-22,3.7976e-11,4.3216e-08,8.6,0.46348,0.65175,-0.78757,,-7.52555,,0.749,0.749,-6.7665057584999995e-15,-0.0,-0.0,0.00304205,0.0023623150753,-0.0023623150753,0.0023623150753,0.00309381,0.0047246301506,13.91258,-12.02906,-29.46297,-39.63041,-35.23051,-35.23823,-11.34453,5.59482,-14.52621,7.38197,-153.65809,-50.90091,-3.61241,-43.81267,-1.98852,-0.68148,0.000681333,0.000395006,,0.00198082,0.00104968,0.000350114,3.66027e-05,4.34488e-08
F_8.55,8.55,1.1958424984549831,10.4,1.12E+01,5.40E+00,1.40E+01,2.73E+01,9.60E+01,9.00E-03,1.8588e-54,1.4719e-05,2.6037e-05,0.0006525,1.7168e-05,9.4874e-08,2.0381e-11,1.156e-05,5.6027e-09,0.00039485,1.4524e-21,9.8775e-32,2.4818e-27,2.4381e-27,2.9798e-09,1.3578e-47,55.364055576117075,5.2499e-20,0.0019079,2.6101e-13,1.8832999999999999e-22,1.9375e-38,2.0336999999999998e-23,5.3126e-14,0.0010392,5.6643e-08,6.5247e-10,0.00035011,1.1195e-06,2.162e-10,1.7647e-12,2.17e-15,4.2308000000000002e-19,1.2009999999999998e-22,3.3833e-11,4.3197e-08,8.55,0.40054,0.58881,-0.78772,,-7.59064,,0.751,0.751,-3.9807566964999995e-15,-0.0,-0.0,0.00303446,0.0023559144104,-0.0023559144104,0.0023559144104,0.00308339,0.0047118288208,13.81402,-11.97903,-29.41294,-39.58038,-35.18048,-35.1882,-11.29448,5.54052,-14.52621,7.33181,-153.60804,-50.85086,-3.56236,-43.81267,-1.98852,-0.68148,0.000681333,0.000395006,,0.00197735,0.00103926,0.000350114,2.96525e-05,4.34488e-08
F_8.50,8.5,1.1958424984549831,10.4,1.12E+01,5.40E+00,1.40E+01,2.73E+01,9.60E+01,9.00E-03,2.0858e-54,1.6517e-05,2.3203e-05,0.00065429,1.5348e-05,9.5156e-08,2.0444e-11,1.1595e-05,5.0079e-09,0.00039485,1.4524e-21,9.8775e-32,2.4818e-27,2.4381e-27,3.3432e-09,1.3578e-47,55.364055576117075,5.2499e-20,0.001908,2.9288e-13,2.1131999999999999e-22,2.1741e-38,1.8124e-23,4.2178e-14,0.0010299,5.6143e-08,5.7634e-10,0.00035011,9.9773e-07,2.4241e-10,1.9791e-12,2.4339e-15,4.745400000000001e-19,1.3469e-22,3.014e-11,4.3174e-08,8.5,0.33739,0.52567,-0.78792,,-7.65577,,0.754,0.754,-2.3284325856e-15,-0.0,-0.0,0.0030277,0.0023502111779,-0.0023502111779,0.0023502111779,0.00307408,0.0047004223559,13.71531,-11.929,-29.36291,-39.53036,-35.13045,-35.13817,-11.24443,5.48664,-14.52621,7.2816,-153.55799,-50.80082,-3.51232,-43.81267,-1.98852,-0.68148,0.000681333,0.000395006,,0.00197462,0.00102995,0.000350114,2.30774e-05,4.34488e-08
F_8.45,8.45,1.1958424984549831,10.4,1.12E+01,5.40E+00,1.40E+01,2.73E+01,9.60E+01,9.00E-03,2.3405000000000002e-54,1.8534e-05,2.0677e-05,0.00065589,1.3717e-05,9.5408e-08,2.05e-11,1.1626e-05,4.4749e-09,0.00039485,1.4524e-21,9.8775e-32,2.4818e-27,2.4381e-27,3.7509e-09,1.3578e-47,55.364055576117075,5.2499e-20,0.001908,3.2863e-13,2.3712e-22,2.4395e-38,1.6152e-23,3.3483e-14,0.0010216,5.5696e-08,5.0955e-10,0.00035011,8.8918e-07,2.7178e-10,2.2194e-12,2.7297e-15,5.322100000000001e-19,1.5105e-22,2.6847e-11,4.3148e-08,8.45,0.27407,0.46234,-0.78818,,-7.72096,,0.757,0.757,-4.5200388571000005e-13,-0.0,-0.0,0.0030217,0.0023451292499,-0.0023451292502,0.0023451292497,0.00306576,0.0046902584999,13.61646,-11.87898,-29.31289,-39.48033,-35.08043,-35.08815,-11.19439,5.43315,-14.52621,7.23136,-153.50795,-50.75078,-3.46228,-43.81267,-1.98852,-0.68148,0.000681333,0.000395006,,0.00197258,0.00102163,0.000350114,1.67935e-05,4.34488e-08
F_8.40,8.4,1.1958424984549831,10.4,1.12E+01,5.40E+00,1.40E+01,2.73E+01,9.60E+01,9.00E-03,2.6263000000000003e-54,2.0797e-05,1.8427e-05,0.00065732,1.2255e-05,9.5635e-08,2.0551e-11,1.1654e-05,3.9975e-09,0.00039485,1.4524e-21,9.8775e-32,2.4818e-27,2.4381e-27,4.2084e-09,1.3578e-47,55.364055576117075,5.2499e-20,0.0019081,3.6875e-13,2.6607e-22,2.7373e-38,1.4395e-23,2.6578e-14,0.0010142,5.5297e-08,4.5086e-10,0.00035011,7.9244e-07,3.0468e-10,2.4886e-12,3.0611e-15,5.9682e-19,1.6937e-22,2.3912e-11,4.3118e-08,8.4,0.21058,0.39885,-0.7885,,-7.7862,,0.76,0.76,-2.7928961227e-13,-0.0,-0.0,0.00301635,0.0023406008366,-0.0023406008368,0.0023406008365,0.00305834,0.0046812016732,13.51749,-11.82896,-29.26287,-39.43031,-35.03041,-35.03813,-11.14436,5.38,-14.52621,7.18108,-153.45792,-50.70074,-3.41224,-43.81267,-1.98852,-0.68148,0.000681333,0.000395006,,0.00197123,0.00101421,0.000350114,1.07204e-05,4.34488e-08
F_8.35,8.35,1.1958424984549831,10.4,1.12E+01,5.40E+00,1.40E+01,2.73E+01,9.60E+01,9.00E-03,2.947e-54,2.3336e-05,1.6421e-05,0.00065861,1.0946e-05,9.5837e-08,2.0596e-11,1.1679e-05,3.5702e-09,0.00039485,1.4524e-21,9.877599999999999e-32,2.4818e-27,2.4381e-27,4.7218e-09,1.3578e-47,55.364055576117075,5.2499e-20,0.0019082,4.1376e-13,2.9853999999999997e-22,3.0714e-38,1.2829e-23,2.1095e-14,0.0010075,5.494e-08,3.9922e-10,0.00035011,7.0624e-07,3.4154e-10,2.7901e-12,3.4323e-15,6.6919e-19,1.8988999999999999e-22,2.1296e-11,4.3083e-08,8.35,0.14694,0.33521,-0.78889,,-7.8515,,0.763,0.763,-1.6740623644000002e-13,-0.0,-0.0,0.0030116,0.0023365655658,-0.0023365655659,0.0023365655657,0.00305171,0.0046731311317,13.41841,-11.77894,-29.21285,-39.38029,-34.98039,-34.98811,-11.09433,5.32717,-14.52621,7.13075,-153.40788,-50.65071,-3.36221,-43.81267,-1.98852,-0.68148,0.000681333,0.000395006,,0.00197055,0.00100758,0.000350114,4.77964e-06,4.34488e-08
F_8.30,8.3,1.1958424984549831,10.4,1.12E+01,5.40E+00,1.40E+01,2.73E+01,9.60E+01,9.00E-03,3.3068e-54,2.6185e-05,1.4634e-05,0.00065976,9.7749e-06,9.6018e-08,2.0637e-11,1.1702e-05,3.1878e-09,0.00039486,1.4524e-21,9.877599999999999e-32,2.4818e-27,2.4381e-27,5.2977e-09,1.3578e-47,55.364055576117075,5.2499e-20,0.0019082,4.6426e-13,3.3498e-22,3.4463e-38,1.1433e-23,1.6741e-14,0.0010016,5.4622e-08,3.5373e-10,0.00035011,6.2941e-07,3.8282e-10,3.1278e-12,3.8481e-15,7.502500000000001e-19,2.1286999999999997e-22,1.8963e-11,4.3044e-08,8.3,0.08316,0.27144,-0.78934,,-7.91686,,0.766,0.765,-9.5229596778e-14,-0.0,-0.0,0.00300736,0.0023329696679,-0.002332969668,0.0023329696679,0.0030469,0.0046659393358,13.31923,-11.72892,-29.16283,-39.33028,-34.93037,-34.93809,-11.0443,5.27463,-14.52621,7.08037,-153.35786,-50.60068,-3.31218,-43.81267,-1.98852,-0.68148,0.000681333,0.000395006,1.10571e-06,0.00197051,0.00100166,0.000350114,,4.34488e-08
F_8.25,8.25,1.1958424984549831,10.4,1.12E+01,5.40E+00,1.40E+01,2.73E+01,9.60E+01,9.00E-03,3.7105e-54,2.9382e-05,1.3042e-05,0.00066079,8.7271e-06,9.618e-08,2.0673e-11,1.1722e-05,2.8459e-09,0.00039486,1.4524e-21,9.877599999999999e-32,2.4818e-27,2.4381e-27,5.944e-09,1.3578e-47,55.364055576117075,5.2499e-20,0.0019083,5.2093e-13,3.7587e-22,3.867e-38,1.019e-23,1.3284e-14,0.00099632,5.4337e-08,3.1361e-10,0.00035011,5.6094e-07,4.2904e-10,3.506e-12,4.3136e-15,8.410100000000001e-19,2.3861e-22,1.6884e-11,4.2999e-08,8.25,0.01928,0.20755,-0.78987,,-7.9823,,0.768,0.768,-4.8970593206e-14,-0.0,-0.0,0.00300359,0.0023297652498,-0.0023297652498,0.0023297652497,0.00304752,0.0046595304995,13.21996,-11.67891,-29.11282,-39.28026,-34.88035,-34.88808,-10.99427,5.22235,-14.52621,7.02994,-153.30783,-50.55066,-3.26216,-43.81267,-1.98852,-0.68148,0.000681333,0.000395006,7.0123e-06,0.00197114,0.000996379,0.000350114,,4.34488e-08
F_8.20,8.2,1.1958424984549831,10.4,1.12E+01,5.40E+00,1.40E+01,2.73E+01,9.60E+01,9.00E-03,4.1635e-54,3.2969e-05,1.1623e-05,0.0006617,7.7902e-06,9.6325e-08,2.0706e-11,1.174e-05,2.5401e-09,0.00039486,1.4524e-21,9.877599999999999e-32,2.4818e-27,2.4381e-27,6.6691e-09,1.3578e-47,55.364055576117075,5.2499e-20,0.0019083,5.8451e-13,4.2175e-22,4.3389999999999996e-38,9.0813e-24,1.054e-14,0.00099161,5.4084e-08,2.7819e-10,0.00035011,4.9993e-07,4.8079e-10,3.9293e-12,4.8347e-15,9.426200000000002e-19,2.6742e-22,1.5031e-11,4.2949e-08,8.2,-0.04472,0.14355,-0.79048,,-8.04781,,0.771,0.771,-1.9606928928e-14,-0.0,-0.0,0.00300024,0.0023269096497,-0.0023269096497,0.0023269096497,0.00304881,0.0046538192994,13.12062,-11.6289,-29.0628,-39.23025,-34.83034,-34.83806,-10.94425,5.17031,-14.52621,6.97945,-153.25781,-50.50064,-3.21213,-43.81267,-1.98852,-0.68148,0.000681333,0.000395006,1.30173e-05,0.00197243,0.000991666,0.000350114,,4.34488e-08
F_8.15,8.15,1.1958424984549831,10.4,1.12E+01,5.40E+00,1.40E+01,2.73E+01,9.60E+01,9.00E-03,4.6717000000000005e-54,3.6994e-05,1.0358e-05,0.00066253,6.9527e-06,9.6455e-08,2.0735e-11,1.1756e-05,2.2669e-09,0.00039486,1.4524e-21,9.877599999999999e-32,2.4818e-27,2.4381e-27,7.4826e-09,1.3578e-47,55.364055576117075,5.2499e-20,0.0019083,6.5585e-13,4.7322e-22,4.8685e-38,8.0935e-24,8.3609e-15,0.00098741,5.3857e-08,2.4689e-10,0.00035011,4.4555e-07,5.387e-10,4.403e-12,5.4179e-15,1.0563e-18,2.9966e-22,1.3379e-11,4.2892e-08,8.15,-0.10881,0.07946,-0.79119,,-8.11342,,0.774,0.774,-1.243146211e-15,-0.0,-0.0,0.00299725,0.0023243648637,-0.0023243648637,0.0023243648637,0.00305079,0.0046487297275,13.0212,-11.57888,-29.01279,-39.18024,-34.78033,-34.78805,-10.89423,5.11847,-14.52621,6.92888,-153.20779,-50.45062,-3.16211,-43.81267,-1.98852,-0.68148,0.000681333,0.000395006,1.91995e-05,0.00197441,0.000987461,0.000350114,,4.34488e-08
F_8.10,8.1,1.1958424984549831,10.4,1.12E+01,5.40E+00,1.40E+01,2.73E+01,9.60E+01,9.00E-03,5.2419e-54,4.151e-05,9.2312e-06,0.00066326,6.2043e-06,9.6571e-08,2.0761e-11,1.177e-05,2.0227e-09,0.00039486,1.4524e-21,9.877599999999999e-32,2.4818e-27,2.4381e-27,8.3955e-09,1.3578e-47,55.364055576117075,5.2499e-20,0.0019084,7.3589e-13,5.3098e-22,5.4627e-38,7.2132e-24,6.6314e-15,0.00098366,5.3655e-08,2.1921e-10,0.00035011,3.9709e-07,6.0348e-10,4.933e-12,6.0704e-15,1.1835e-18,3.3574e-22,1.1907e-11,4.2828e-08,8.1,-0.17298,0.01529,-0.79199,,-8.17912,,0.777,0.777,9.9820325616e-15,0.0,0.0,0.00299459,0.0023220970354,-0.0023220970354,0.0023220970354,0.00305348,0.0046441940707,12.92172,-11.52887,-28.96278,-39.13023,-34.73032,-34.73804,-10.84421,5.06683,-14.52621,6.87825,-153.15777,-50.4006,-3.1121,-43.81267,-1.98852,-0.68148,0.000681333,0.000395006,2.56402e-05,0.0019771,0.000983709,0.000350114,,4.34488e-08
F_8.05,8.05,1.1958424984549831,10.4,1.12E+01,5.40E+00,1.40E+01,2.73E+01,9.60E+01,9.00E-03,5.881800000000001e-54,4.6576e-05,8.2269e-06,0.00066392,5.5357e-06,9.6674e-08,2.0784e-11,1.1783e-05,1.8046e-09,0.00039486,1.4524e-21,9.877599999999999e-32,2.4818e-27,2.4381e-27,9.4197e-09,1.3578e-47,55.364055576117075,5.2499e-20,0.0019084,8.257e-13,5.9578e-22,6.1294e-38,6.4286e-24,5.2587e-15,0.00098031,5.3475e-08,1.9471e-10,0.00035011,3.539e-07,6.7594e-10,5.5258e-12,6.8001e-15,1.3258e-18,3.7607999999999997e-22,1.0594e-11,4.2757e-08,8.05,-0.23723,-0.04896,-0.7929,,-8.24492,,0.78,0.78,1.6595882654e-14,0.0,0.0,0.00299222,0.0023200760014,-0.0023200760014,0.0023200760014,0.00305692,0.0046401520028,12.82219,-11.47886,-28.91277,-39.08022,-34.68031,-34.68803,-10.7942,5.01536,-14.52621,6.82753,-153.10775,-50.35058,-3.06208,-43.81267,-1.98852,-0.68148,0.000681333,0.000395006,3.24243e-05,0.00198053,0.000980362,0.000350114,,4.34488e-08
F_8.00,8,1.1958424984549831,10.4,1.12E+01,5.40E+00,1.40E+01,2.73E+01,9.60E+01,9.00E-03,6.599700000000001e-54,5.2261e-05,7.332e-06,0.0006645,4.9386e-06,9.6767e-08,2.0804e-11,1.1794e-05,1.6099e-09,0.00039486,1.4524e-21,9.877599999999999e-32,2.4818e-27,2.4381e-27,1.0569e-08,1.3578e-47,55.364055576117075,5.2499e-20,0.0019084,9.2647e-13,6.6849e-22,6.8774e-38,5.7294000000000005e-24,4.1693e-15,0.00097732,5.3315e-08,1.7301e-10,0.00035011,3.154e-07,7.5695e-10,6.1885e-12,7.6159e-15,1.4849e-18,4.2117999999999996e-22,9.4245e-12,4.2676e-08,8.0,-0.30155,-0.11328,-0.79393,,-8.31085,,0.782,0.782,2.024704189e-14,0.0,0.0,0.00299011,0.0023182748881,-0.0023182748881,0.0023182748881,0.00306115,0.0046365497762,12.7226,-11.42886,-28.86276,-39.03021,-34.6303,-34.63802,-10.74418,4.96404,-14.52621,6.77672,-153.05774,-50.30057,-3.01207,-43.81267,-1.98852,-0.68148,0.000681333,0.000395006,3.96412e-05,0.00198477,0.000977377,0.000350114,,4.34488e-08
F_7.95,7.95,1.1958424984549831,10.4,1.12E+01,5.40E+00,1.40E+01,2.73E+01,9.60E+01,9.00E-03,7.405200000000001e-54,5.864e-05,6.5344e-06,0.00066503,4.4054e-06,9.6849e-08,2.0823e-11,1.1804e-05,1.436e-09,0.00039486,1.4524e-21,9.877599999999999e-32,2.4818e-27,2.4381e-27,1.1858e-08,1.3578e-47,55.364055576117075,5.2499e-20,0.0019085,1.0395e-12,7.500699999999999e-22,7.7167e-38,5.1063000000000005e-24,3.3048e-15,0.00097466,5.3171e-08,1.5378e-10,0.00035011,2.811e-07,8.4747e-10,6.9291e-12,8.5276e-15,1.6626e-18,4.7159e-22,8.382e-12,4.2586e-08,7.95,-0.36593,-0.17765,-0.7951,,-8.3769,,0.785,0.785,2.202339873e-14,0.0,0.0,0.00298823,0.0023166697514,-0.0023166697514,0.0023166697514,0.00306623,0.0046333395028,12.62297,-11.37885,-28.81276,-38.9802,-34.58029,-34.58801,-10.69417,4.91287,-14.52621,6.72581,-153.00773,-50.25055,-2.96205,-43.81267,-1.98852,-0.68148,0.000681333,0.000395006,4.73864e-05,0.00198985,0.000974714,0.000350114,,4.34488e-08
F_7.90,7.9,1.1958424984549831,10.4,1.12E+01,5.40E+00,1.40E+01,2.73E+01,9.60E+01,9.00E-03,8.308900000000001e-54,6.5796e-05,5.8236e-06,0.00066549,3.9294e-06,9.6923e-08,2.0839e-11,1.1814e-05,1.2808e-09,0.00039486,1.4524e-21,9.8777e-32,2.4818e-27,2.4381e-27,1.3305e-08,1.3578e-47,55.364055576117075,5.2499e-20,0.0019085,1.1664e-12,8.415999999999999e-22,8.658399999999999e-38,4.5509000000000004e-24,2.6189e-15,0.00097229,5.3043e-08,1.3673e-10,0.00035011,2.5053e-07,9.4858e-10,7.7562e-12,9.5459e-15,1.8612e-18,5.2788e-22,7.4529e-12,4.2485e-08,7.9,-0.43036,-0.24208,-0.79641,,-8.44311,,0.788,0.788,2.2626431978e-14,0.0,0.0,0.00298656,0.0023152392569,-0.0023152392568,0.0023152392569,0.00307223,0.0046304785137,12.5233,-11.32884,-28.76275,-38.93019,-34.53029,-34.53801,-10.64416,4.86181,-14.52621,6.67478,-152.95772,-50.20054,-2.91204,-43.81267,-1.98852,-0.68148,0.000681333,0.000395006,5.57623e-05,0.00199585,0.000972339,0.000350114,,4.34488e-08
F_7.85,7.85,1.1958424984549831,10.4,1.12E+01,5.40E+00,1.40E+01,2.73E+01,9.60E+01,9.00E-03,9.323000000000001e-54,7.3827e-05,5.1901e-06,0.00066591,3.5045e-06,9.6988e-08,2.0854e-11,1.1822e-05,1.1423e-09,0.00039486,1.4524e-21,9.8777e-32,2.4818e-27,2.4381e-27,1.4928e-08,1.3578e-47,55.364055576117075,5.2499e-20,0.0019085,1.3087e-12,9.443099999999999e-22,9.715099999999999e-38,4.0559e-24,2.0747e-15,0.00097017,5.2929e-08,1.2159e-10,0.00035011,2.2328e-07,1.0615e-09,8.6796e-12,1.0683e-14,2.0828e-18,5.9073e-22,6.6248e-12,4.2372e-08,7.85,-0.49484,-0.30656,-0.79789,,-8.50947,,0.791,0.791,2.2518228601e-14,0.0,0.0,0.00298506,0.0023139643947,-0.0023139643947,0.0023139643947,0.00307923,0.0046279287895,12.4236,-11.27884,-28.71274,-38.88019,-34.48028,-34.488,-10.59415,4.81087,-14.52621,6.62363,-152.90771,-50.15053,-2.86203,-43.81267,-1.98852,-0.68148,0.000681333,0.000395006,6.48799e-05,0.00200285,0.00097022,0.000350114,,4.34488e-08
F_7.80,7.8,1.1958424984549831,10.4,1.12E+01,5.40E+00,1.40E+01,2.73E+01,9.60E+01,9.00E-03,1.0461e-53,8.2837e-05,4.6256e-06,0.00066628,3.1254e-06,9.7047e-08,2.0867e-11,1.1829e-05,1.0187e-09,0.00039486,1.4524e-21,9.8777e-32,2.4818e-27,2.4381e-27,1.675e-08,1.3578e-47,55.364055576117075,5.2499e-20,0.0019085,1.4684e-12,1.0595e-21,1.0900999999999999e-37,3.6148000000000004e-24,1.6431e-15,0.00096828,5.2827e-08,1.0816e-10,0.00035011,1.99e-07,1.1874e-09,9.7098e-12,1.1951e-14,2.3301e-18,6.6084e-22,5.8869e-12,4.2246e-08,7.8,-0.55936,-0.37108,-0.79955,,-8.57602,,0.794,0.794,2.1991740026e-14,0.0,0.0,0.00298374,0.0023128282262,-0.0023128282262,0.0023128282262,0.00308732,0.0046256564524,12.32386,-11.22883,-28.66274,-38.83018,-34.43028,-34.438,-10.54414,4.76003,-14.52621,6.57234,-152.8577,-50.10052,-2.81202,-43.81267,-1.98852,-0.68148,0.000681333,0.000395006,7.48599e-05,0.00201094,0.000968331,0.000350114,,4.34488e-08
F_7.75,7.75,1.1958424984549831,10.4,1.12E+01,5.40E+00,1.40E+01,2.73E+01,9.60E+01,9.00E-03,1.1737e-53,9.2946e-05,4.1225e-06,0.00066661,2.787e-06,9.7099e-08,2.0879e-11,1.1835e-05,9.0837e-10,0.00039486,1.4524e-21,9.8777e-32,2.4818e-27,2.4381e-27,1.8793e-08,1.3578e-47,55.364055576117075,5.2499e-20,0.0019085,1.6476e-12,1.1887999999999998e-21,1.2231e-37,3.2217e-24,1.3008e-15,0.00096659,5.2737e-08,9.6232e-11,0.00035011,1.7735e-07,1.3278e-09,1.0858e-11,1.3365e-14,2.6057e-18,7.3901e-22,5.2292e-12,4.2105e-08,7.75,-0.62392,-0.43564,-0.80142,,-8.64277,,0.796,0.796,2.1240821602e-14,0.0,0.0,0.00298255,0.0023118156573,-0.0023118156573,0.0023118156574,0.00309661,0.0046236313147,12.22409,-11.17883,-28.61273,-38.78018,-34.38027,-34.38799,-10.49413,4.70928,-14.52621,6.5209,-152.80769,-50.05052,-2.76201,-43.81267,-1.98852,-0.68148,0.000681333,0.000395006,8.58347e-05,0.00202023,0.000966646,0.000350114,,4.34488e-08
F_7.70,7.7,1.1958424984549831,10.4,1.12E+01,5.40E+00,1.40E+01,2.73E+01,9.60E+01,9.00E-03,1.317e-53,0.00010429,3.6741e-06,0.00066691,2.4852e-06,9.7146e-08,2.0889e-11,1.1841e-05,8.0996e-10,0.00039486,1.4524e-21,9.8777e-32,2.4818e-27,2.4381e-27,2.1086e-08,1.3578e-47,55.364055576117075,5.2499e-20,0.0019086,1.8487e-12,1.3338999999999998e-21,1.3723e-37,2.8713e-24,1.0294e-15,0.00096509,5.2656e-08,8.5634e-11,0.00035011,1.5806e-07,1.4842e-09,1.2138e-11,1.494e-14,2.9129e-18,8.261e-22,4.6432e-12,4.1948e-08,7.7,-0.68851,-0.50024,-0.80351,,-8.70975,,0.799,0.799,2.0383000843e-14,0.0,0.0,0.0029815,0.002310913238,-0.002310913238,0.002310913238,0.00310722,0.004621826476,12.1243,-11.12882,-28.56273,-38.73017,-34.33027,-34.33799,-10.44412,4.65861,-14.52621,6.46928,-152.75768,-50.00051,-2.71201,-43.81267,-1.98852,-0.68148,0.000681333,0.000395006,9.79496e-05,0.00203084,0.000965143,0.000350114,,4.34488e-08
F_7.65,7.65,1.1958424984549831,10.4,1.12E+01,5.40E+00,1.40E+01,2.73E+01,9.60E+01,9.00E-03,1.4777e-53,0.00011702,3.2745e-06,0.00066717,2.2159e-06,9.7188e-08,2.0899e-11,1.1846e-05,7.2218e-10,0.00039486,1.4524e-21,9.8777e-32,2.4818e-27,2.4381e-27,2.3659e-08,1.3578e-47,55.364055576117075,5.2499e-20,0.0019086,2.0743e-12,1.4967e-21,1.5398e-37,2.5590000000000003e-24,8.1427e-16,0.00096375,5.2583e-08,7.6216e-11,0.00035011,1.4087e-07,1.6583e-09,1.3562e-11,1.6693e-14,3.2547e-18,9.2304e-22,4.121e-12,4.1773e-08,7.65,-0.75313,-0.56486,-0.80585,,-8.77697,,0.802,0.802,1.9496773987e-14,0.0,0.0,0.00298056,0.0023101089826,-0.0023101089826,0.0023101089826,0.0031193,0.0046202179651,12.02449,-11.07882,-28.51273,-38.68017,-34.28026,-34.28798,-10.39412,4.60801,-14.52621,6.41747,-152.70768,-49.9505,-2.662,-43.81267,-1.98852,-0.68148,0.000681333,0.000395006,0.000111365,0.00204292,0.000963802,0.000350114,,4.34488e-08
F_7.60,7.6,1.1958424984549831,10.4,1.12E+01,5.40E+00,1.40E+01,2.73E+01,9.60E+01,9.00E-03,1.6579999999999998e-53,0.0001313,2.9183e-06,0.00066741,1.9757e-06,9.7225e-08,2.0907e-11,1.1851e-05,6.4389e-10,0.00039486,1.4524e-21,9.8777e-32,2.4818e-27,2.4381e-27,2.6546e-08,1.3578e-47,55.364055576117075,5.2499e-20,0.0019086,2.3274e-12,1.6792999999999998e-21,1.7277e-37,2.2807e-24,6.4379e-16,0.00096255,5.2519e-08,6.7844e-11,0.00035011,1.2555e-07,1.8519e-09,1.5146e-11,1.8643e-14,3.6349e-18,1.0308e-21,3.6558e-12,4.1578e-08,7.6,-0.81779,-0.62951,-0.80847,,-8.84447,,0.805,0.805,1.8627243845000002e-14,0.0,0.0,0.00297972,0.0023093922102,-0.0023093922102,0.0023093922102,0.003133,0.0046187844204,11.92466,-11.02881,-28.46272,-38.63017,-34.23026,-34.23798,-10.34411,4.55747,-14.52621,6.36544,-152.65767,-49.9005,-2.61199,-43.81267,-1.98852,-0.68148,0.000681333,0.000395006,0.00012626,0.00205661,0.000962607,0.000350114,,4.34488e-08
F_7.55,7.55,1.1958424984549831,10.4,1.12E+01,5.40E+00,1.40E+01,2.73E+01,9.60E+01,9.00E-03,1.8604e-53,0.00014732,2.6009e-06,0.00066762,1.7615e-06,9.7258e-08,2.0914e-11,1.1855e-05,5.7406e-10,0.00039486,1.4524e-21,9.8777e-32,2.4818e-27,2.4381e-27,2.9784e-08,1.3578e-47,55.364055576117075,5.2499e-20,0.0019086,2.6114e-12,1.8842e-21,1.9385e-37,2.0327e-24,5.0871e-16,0.00096149,5.2461e-08,6.0399e-11,0.00035011,1.119e-07,2.067e-09,1.6906e-11,2.081e-14,4.0573e-18,1.1505999999999998e-21,3.2413e-12,4.1362e-08,7.55,-0.88246,-0.69419,-0.81141,,-8.91228,,0.808,0.808,1.7798913385e-14,0.0,0.0,0.00297898,0.0023087534027,-0.0023087534027,0.0023087534028,0.0031485,0.0046175068055,11.8248,-10.97881,-28.41272,-38.58016,-34.18026,-34.18798,-10.29411,4.507,-14.52621,6.31318,-152.60767,-49.85049,-2.56199,-43.81267,-1.98852,-0.68148,0.000681333,0.000395006,0.000142831,0.00207212,0.00096154,0.000350114,,4.34488e-08
F_7.50,7.5,1.1958424984549831,10.4,1.12E+01,5.40E+00,1.40E+01,2.73E+01,9.60E+01,9.00E-03,2.0874e-53,0.00016529,2.318e-06,0.00066781,1.5704e-06,9.7288e-08,2.0921e-11,1.1859e-05,5.1178e-10,0.00039486,1.4524e-21,9.8777e-32,2.4818e-27,2.4381e-27,3.3418e-08,1.3578e-47,55.364055576117075,5.2499e-20,0.0019086,2.9301e-12,2.1142e-21,2.1751e-37,1.8116e-24,4.0174e-16,0.00096054,5.241e-08,5.3778e-11,0.00035011,9.9729e-08,2.3057e-09,1.8859e-11,2.3214e-14,4.526e-18,1.2834999999999998e-21,2.872e-12,4.1121e-08,7.5,-0.94716,-0.75888,-0.81468,,-8.98044,,0.811,0.81,1.7027395119e-14,0.0,0.0,0.00297831,0.0023081840781,-0.0023081840781,0.0023081840781,0.00316602,0.0046163681562,11.72494,-10.92881,-28.36272,-38.53016,-34.13026,-34.13798,-10.2441,4.45657,-14.52621,6.26065,-152.55766,-49.80049,-2.51199,-43.81267,-1.98852,-0.68148,0.000681333,0.000395006,0.000161298,0.00208963,0.000960588,0.000350114,,4.34488e-08
F_7.45,7.45,1.1958424984549831,10.4,1.12E+01,5.40E+00,1.40E+01,2.73E+01,9.60E+01,9.00E-03,2.3421e-53,0.00018547,2.0659e-06,0.00066797,1.4e-06,9.7314e-08,2.0927e-11,1.1862e-05,4.5625e-10,0.00039486,1.4524e-21,9.8777e-32,2.4818e-27,2.4381e-27,3.7496e-08,1.3578e-47,55.364055576117075,5.2499e-20,0.0019086,3.2876e-12,2.3720999999999997e-21,2.4405e-37,1.6146e-24,3.1705e-16,0.00095969,5.2364e-08,4.7888e-11,0.00035011,8.8883e-08,2.5703e-09,2.1023e-11,2.5878e-14,5.0455e-18,1.4307999999999999e-21,2.5431e-12,4.0855e-08,7.45,-1.01187,-0.8236,-0.81833,,-9.04897,,0.813,0.813,1.6317459536e-14,0.0,0.0,0.00297772,0.0023076766772,-0.0023076766772,0.0023076766772,0.00318578,0.0046153533545,11.62505,-10.87881,-28.31271,-38.48016,-34.08025,-34.08797,-10.1941,4.40619,-14.52621,6.20783,-152.50766,-49.75048,-2.46198,-43.81267,-1.98852,-0.68148,0.000681333,0.000395006,0.000181907,0.00210939,0.000959739,0.000350114,,4.34488e-08
F_7.40,7.4,1.1958424984549831,10.4,1.12E+01,5.40E+00,1.40E+01,2.73E+01,9.60E+01,9.00E-03,2.6279e-53,0.0002081,1.8412e-06,0.00066812,1.2481e-06,9.7338e-08,2.0932e-11,1.1865e-05,4.0673e-10,0.00039486,1.4524e-21,9.8777e-32,2.4818e-27,2.4381e-27,4.2071e-08,1.3578e-47,55.364055576117075,5.2499e-20,0.0019086,3.6888e-12,2.6616e-21,2.7383e-37,1.4390000000000002e-24,2.5002e-16,0.00095893,5.2324e-08,4.2646e-11,0.00035011,7.9217e-08,2.863e-09,2.3418e-11,2.8826e-14,5.6203e-18,1.5937999999999999e-21,2.2502e-12,4.056e-08,7.4,-1.07661,-0.88833,-0.82241,,-9.11792,,0.816,0.816,1.5672792925e-14,0.0,0.0,0.00297719,0.0023072244638,-0.0023072244638,0.0023072244638,0.00320804,0.0046144489275,11.52516,-10.8288,-28.26271,-38.43016,-34.03025,-34.03797,-10.1441,4.35585,-14.52621,6.15469,-152.45765,-49.70048,-2.41198,-43.81267,-1.98852,-0.68148,0.000681333,0.000395006,0.00020493,0.00213166,0.000958981,0.000350114,,4.34488e-08
F_7.35,7.35,1.1958424984549831,10.4,1.12E+01,5.40E+00,1.40E+01,2.73E+01,9.60E+01,9.00E-03,2.9486e-53,0.00023349,1.641e-06,0.00066826,1.1126e-06,9.7358e-08,2.0937e-11,1.1867e-05,3.6257e-10,0.00039486,1.4524e-21,9.8777e-32,2.4818e-27,2.4381e-27,4.7204e-08,1.3578e-47,55.364055576117075,5.2499e-20,0.0019086,4.1389e-12,2.9863999999999998e-21,3.0724e-37,1.2825000000000001e-24,1.97e-16,0.00095825,5.2287e-08,3.7982e-11,0.00035011,7.0602e-08,3.1865e-09,2.6065e-11,3.2084e-14,6.2555e-18,1.7738999999999998e-21,1.9894e-12,4.0234e-08,7.35,-1.14135,-0.95308,-0.82695,,-9.18734,,0.819,0.819,1.5088191113e-14,0.0,0.0,0.00297672,0.0023068214343,-0.0023068214343,0.0023068214343,0.00323311,0.0046136428686,11.42525,-10.7788,-28.21271,-38.38015,-33.98025,-33.98797,-10.09409,4.30554,-14.52621,6.10119,-152.40765,-49.65048,-2.36197,-43.81267,-1.98852,-0.68148,0.000681333,0.000395006,0.000230674,0.00215673,0.000958304,0.000350114,,4.34488e-08
F_7.30,7.3,1.1958424984549831,10.4,1.12E+01,5.40E+00,1.40E+01,2.73E+01,9.60E+01,9.00E-03,3.3084e-53,0.00026198,1.4625e-06,0.00066837,9.9181e-07,9.7377e-08,2.0941e-11,1.187e-05,3.232e-10,0.00039486,1.4524e-21,9.8777e-32,2.4818e-27,2.4381e-27,5.2964e-08,1.3578e-47,55.364055576117075,5.2499e-20,0.0019086,4.6439e-12,3.3507999999999995e-21,3.4473e-37,1.143e-24,1.5509e-16,0.00095765,5.2255e-08,3.383e-11,0.00035011,6.2924e-08,3.5434e-09,2.8984e-11,3.5678e-14,6.9562e-18,1.9726e-21,1.7572e-12,3.9875e-08,7.3,-1.20612,-1.01784,-0.832,,-9.25727,,0.822,0.822,1.4564738304e-14,0.0,0.0,0.0029763,0.0023064622387,-0.0023064622387,0.0023064622387,0.00326131,0.0046129244775,11.32534,-10.7288,-28.16271,-38.33015,-33.93025,-33.93797,-10.04409,4.25527,-14.52621,6.04729,-152.35765,-49.60047,-2.31197,-43.81267,-1.98852,-0.68148,0.000681333,0.000395006,0.000259479,0.00218493,0.000957699,0.000350114,,4.34488e-08
F_7.25,7.25,1.1958424984549831,10.4,1.12E+01,5.40E+00,1.40E+01,2.73E+01,9.60E+01,9.00E-03,3.7121e-53,0.00029395,1.3035e-06,0.00066848,8.8411e-07,9.7394e-08,2.0945e-11,1.1872e-05,2.881e-10,0.00039486,1.4524e-21,9.8777e-32,2.4818e-27,2.4381e-27,5.9426e-08,1.3578e-47,55.364055576117075,5.2499e-20,0.0019086,5.2106e-12,3.7597e-21,3.868e-37,1.0187e-24,1.2197e-16,0.00095711,5.2225e-08,3.0134e-11,0.00035011,5.608e-08,3.9362e-09,3.2197e-11,3.9634e-14,7.7276e-18,2.1914e-21,1.5506e-12,3.9479e-08,7.25,-1.27089,-1.08262,-0.83761,,-9.32776,,0.825,0.825,1.4093977721e-14,0.0,0.0,0.00297593,0.002306142109,-0.002306142109,0.002306142109,0.00329302,0.0046122842179,11.22541,-10.6788,-28.11271,-38.28015,-33.88025,-33.88797,-9.99409,4.20502,-14.52621,5.99296,-152.30765,-49.55047,-2.26197,-43.81267,-1.98852,-0.68148,0.000681333,0.000395006,0.000291728,0.00221663,0.000957159,0.000350114,,4.34488e-08
F_7.20,7.2,1.1958424984549831,10.4,1.12E+01,5.40E+00,1.40E+01,2.73E+01,9.60E+01,9.00E-03,4.1651e-53,0.00032982,1.1617e-06,0.00066857,7.8809e-07,9.7409e-08,2.0948e-11,1.1874e-05,2.5681e-10,0.00039486,1.4524e-21,9.8777e-32,2.4818e-27,2.4381e-27,6.6677e-08,1.3578e-47,55.364055576117075,5.2499e-20,0.0019086,5.8464e-12,4.2184e-21,4.3399e-37,9.0793e-25,9.5814e-17,0.00095662,5.2199e-08,2.6844e-11,0.00035011,4.9982e-08,4.3678e-09,3.5728e-11,4.3981e-14,8.575e-18,2.4316999999999997e-21,1.3667e-12,3.9044e-08,7.2,-1.33568,-1.1474,-0.84385,,-9.39888,,0.827,0.827,1.3671572555e-14,0.0,0.0,0.0029756,0.0023058567957,-0.0023058567957,0.0023058567957,0.00332865,0.0046117135914,11.12548,-10.6288,-28.06271,-38.23015,-33.83024,-33.83796,-9.94409,4.15481,-14.52621,5.93815,-152.25764,-49.50047,-2.21197,-43.81267,-1.98852,-0.68148,0.000681333,0.000395006,0.000327849,0.00225227,0.000956675,0.000350114,,4.34488e-08
F_7.15,7.15,1.1958424984549831,10.4,1.12E+01,5.40E+00,1.40E+01,2.73E+01,9.60E+01,9.00E-03,4.6733e-53,0.00037007,1.0354e-06,0.00066866,7.0248e-07,9.7422e-08,2.0951e-11,1.1875e-05,2.2891e-10,0.00039486,1.4524e-21,9.8777e-32,2.4818e-27,2.4381e-27,7.4813e-08,1.3578e-47,55.364055576117075,5.2499e-20,0.0019086,6.5598e-12,4.7331999999999994e-21,4.8695e-37,8.091900000000001e-25,7.5178e-17,0.00095619,5.2176e-08,2.3914e-11,0.00035011,4.4546e-08,4.8409e-09,3.9598e-11,4.8745e-14,9.5039e-18,2.6950999999999998e-21,1.2032e-12,3.8567e-08,7.15,-1.40047,-1.2122,-0.85077,,-9.47067,,0.83,0.83,1.3295571241000001e-14,0.0,0.0,0.0029753,0.002305602512,-0.0023056025119,0.002305602512,0.00336869,0.0046112050239,11.02554,-10.5788,-28.0127,-38.18015,-33.78024,-33.78796,-9.89408,4.10461,-14.52621,5.88281,-152.20764,-49.45047,-2.16196,-43.81267,-1.98852,-0.68148,0.000681333,0.000395006,0.000368322,0.00229231,0.000956243,0.000350114,,4.34488e-08
F_7.10,7.1,1.1958424984549831,10.4,1.12E+01,5.40E+00,1.40E+01,2.73E+01,9.60E+01,9.00E-03,5.2436e-53,0.00041523,9.2276e-07,0.00066873,6.2616e-07,9.7434e-08,2.0954e-11,1.1877e-05,2.0404e-10,0.00039486,1.4524e-21,9.8777e-32,2.4818e-27,2.4381e-27,8.3941e-08,1.3578e-47,55.364055576117075,5.2499e-20,0.0019086,7.3602e-12,5.3106999999999995e-21,5.4637e-37,7.2119e-25,5.8909e-17,0.0009558,5.2155e-08,2.1304e-11,0.00035011,3.9702e-08,5.3581e-09,4.383e-11,5.3954e-14,1.052e-17,2.9829999999999996e-21,1.0579e-12,3.8046e-08,7.1,-1.46527,-1.277,-0.85843,,-9.54321,,0.833,0.833,1.296076961e-14,0.0,0.0,0.00297504,0.0023053758826,-0.0023053758826,0.0023053758827,0.00341367,0.0046107517653,10.92559,-10.5288,-27.9627,-38.13015,-33.73024,-33.73796,-9.84408,4.05444,-14.52621,5.82691,-152.15764,-49.40046,-2.11196,-43.81267,-1.98853,-0.68148,0.000681333,0.000395006,0.000413682,0.00233729,0.000955855,0.000350114,,4.34488e-08
F_7.05,7.05,1.1958424984549831,10.4,1.12E+01,5.40E+00,1.40E+01,2.73E+01,9.60E+01,9.00E-03,5.8834e-53,0.00046589,8.2241e-07,0.0006688,5.5813e-07,9.7444e-08,2.0956e-11,1.1878e-05,1.8187e-10,0.00039486,1.4524e-21,9.8777e-32,2.4818e-27,2.4381e-27,9.4183e-08,1.3578e-47,55.364055576117075,5.2499e-20,0.0019086,8.2584e-12,5.958699999999999e-21,6.1304e-37,6.427600000000001e-25,4.6094e-17,0.00095546,5.2136e-08,1.8981e-11,0.00035011,3.5384e-08,5.922e-09,4.8443e-11,5.9634e-14,1.1627e-17,3.2969999999999995e-21,9.2876e-13,3.7477e-08,7.05,-1.53008,-1.34181,-0.86691,,-9.61657,,0.836,0.836,1.4169221352e-14,0.0,0.0,0.0029748,0.0023051738999,-0.0023051738999,0.0023051738999,0.00346417,0.0046103477998,10.82564,-10.4788,-27.9127,-38.08015,-33.68024,-33.68796,-9.79408,4.00428,-14.52621,5.77037,-152.10764,-49.35046,-2.06196,-43.81267,-1.98853,-0.68148,0.000681333,0.000395006,0.000464533,0.00238779,0.000955508,0.000350114,,4.34488e-08
F_7.00,7,1.1958424984549831,10.4,1.12E+01,5.40E+00,1.40E+01,2.73E+01,9.60E+01,9.00E-03,6.601299999999999e-53,0.00052274,7.3297e-07,0.00066886,4.9749e-07,9.7454e-08,2.0958e-11,1.1879e-05,1.6211e-10,0.00039486,1.4524e-21,9.8777e-32,2.4818e-27,2.4381e-27,1.0568e-07,1.3578e-47,55.364055576117075,5.2499e-20,0.0019086,9.266e-12,6.6857999999999996e-21,6.8784e-37,5.7286e-25,3.601e-17,0.00095514,5.212e-08,1.6911e-11,0.00035011,3.1536e-08,6.535e-09,5.3458e-11,6.5807e-14,1.2831e-17,3.6383e-21,8.1411e-13,3.6859e-08,7.0,-1.5949,-1.40663,-0.87628,,-9.69081,,0.839,0.839,1.3924625342e-14,0.0,0.0,0.00297459,0.002304993883,-0.002304993883,0.002304993883,0.00352087,0.004609987766,10.72568,-10.42879,-27.8627,-38.03015,-33.63024,-33.63796,-9.74408,3.95414,-14.52621,5.71315,-152.05764,-49.30046,-2.01196,-43.81267,-1.98853,-0.68148,0.000681333,0.000395006,0.000521549,0.00244449,0.000955196,0.000350114,,4.34488e-08
F_6.95,6.95,1.1958424984549831,10.4,1.12E+01,5.40E+00,1.40E+01,2.73E+01,9.60E+01,9.00E-03,7.4068e-53,0.00058653,6.5326e-07,0.00066891,4.4342e-07,9.7462e-08,2.096e-11,1.188e-05,1.4449e-10,0.00039486,1.4524e-21,9.8777e-32,2.4818e-27,2.4381e-27,1.1857e-07,1.3578e-47,55.364055576117075,5.2499e-20,0.0019086,1.0397e-11,7.5016e-21,7.7177e-37,5.1056e-25,2.8084e-17,0.00095486,5.2104e-08,1.5068e-11,0.00035011,2.8106e-08,7.1992e-09,5.8892e-11,7.2496e-14,1.4135e-17,4.0081999999999994e-21,7.124e-13,3.619e-08,6.95,-1.65973,-1.47145,-0.8866,,-9.76601,,0.842,0.841,1.3704965982e-14,0.0,0.0,0.00297441,0.0023048334428,-0.0023048334428,0.0023048334428,0.00358453,0.0046096668856,10.62571,-10.37879,-27.8127,-37.98015,-33.58024,-33.58796,-9.69408,3.90401,-14.52621,5.65519,-152.00764,-49.25046,-1.96196,-43.81268,-1.98853,-0.68148,0.000681333,0.000395006,0.000585486,0.00250815,0.000954914,0.000350114,,4.34488e-08
F_6.90,6.9,1.1958424984549831,10.4,1.12E+01,5.40E+00,1.40E+01,2.73E+01,9.60E+01,9.00E-03,8.3106e-53,0.0006581,5.8222e-07,0.00066896,3.9523e-07,9.7469e-08,2.0962e-11,1.1881e-05,1.2879e-10,0.00039486,1.4524e-21,9.8777e-32,2.4818e-27,2.4381e-27,1.3304e-07,1.3578e-47,55.364055576117075,5.2499e-20,0.0019086,1.1665e-11,8.417e-21,8.6594e-37,4.5504e-25,2.1863e-17,0.00095461,5.2091e-08,1.3425e-11,0.00035011,2.505e-08,7.9163e-09,6.4758e-11,7.9718e-14,1.5543e-17,4.4074e-21,6.2225e-13,3.5467e-08,6.9,-1.72456,-1.53628,-0.89797,,-9.84225,,0.844,0.844,1.3510243271e-14,0.0,0.0,0.00297424,0.0023046904501,-0.0023046904501,0.0023046904501,0.00365598,0.0046093809003,10.52575,-10.32879,-27.7627,-37.93015,-33.53024,-33.53796,-9.64408,3.8539,-14.52621,5.59643,-151.95764,-49.20046,-1.91195,-43.81268,-1.98853,-0.68148,0.000681333,0.000395006,0.000657194,0.0025796,0.000954661,0.000350114,,4.34488e-08
F_6.85,6.85,1.1958424984549831,10.4,1.12E+01,5.40E+00,1.40E+01,2.73E+01,9.60E+01,9.00E-03,9.3247e-53,0.0007384,5.189e-07,0.000669,3.5228e-07,9.7476e-08,2.0963e-11,1.1882e-05,1.1479e-10,0.00039486,1.4524e-21,9.8777e-32,2.4818e-27,2.4381e-27,1.4927e-07,1.3578e-47,55.364055576117075,5.2499e-20,0.0019086,1.3089e-11,9.443999999999999e-21,9.716e-37,4.0555000000000005e-25,1.6985e-17,0.00095438,5.2078e-08,1.1963e-11,0.00035011,2.2326e-08,8.6875e-09,7.1067e-11,8.7485e-14,1.7057e-17,4.8368e-21,5.4242e-13,3.469e-08,6.85,-1.78939,-1.60112,-0.91046,,-9.91962,,0.847,0.847,1.3333951998e-14,0.0,0.0,0.00297409,0.0023045630073,-0.0023045630073,0.0023045630073,0.00373618,0.0046091260146,10.42578,-10.27879,-27.7127,-37.88014,-33.48024,-33.48796,-9.59407,3.80379,-14.52621,5.5368,-151.90764,-49.15045,-1.86195,-43.81268,-1.98853,-0.68148,0.000681333,0.000395006,0.000737623,0.0026598,0.000954431,0.000350114,,4.34488e-08
F_6.80,6.8,1.1958424984549831,10.4,1.12E+01,5.40E+00,1.40E+01,2.73E+01,9.60E+01,9.00E-03,1.0462999999999998e-52,0.0008285,4.6247e-07,0.00066904,3.1399e-07,9.7482e-08,2.0965e-11,1.1883e-05,1.0231e-10,0.00039486,1.4524e-21,9.8777e-32,2.4818e-27,2.4381e-27,1.6748e-07,1.3578e-47,55.364055576117075,5.2499e-20,0.0019086,1.4686e-11,1.0596e-20,1.0902e-36,3.6145000000000003e-25,1.3168e-17,0.00095417,5.2067e-08,1.0659e-11,0.00035011,1.9898e-08,9.5135e-09,7.7825e-11,9.5804e-14,1.8679e-17,5.296699999999999e-21,4.7183e-13,3.3857e-08,6.8,-1.85423,-1.66596,-0.92414,,-9.99818,,0.85,0.85,1.3177610045e-14,0.0,0.0,0.00297396,0.0023044494231,-0.0023044494231,0.0023044494231,0.00382619,0.0046088988462,10.3258,-10.22879,-27.6627,-37.83014,-33.43024,-33.43796,-9.54407,3.7537,-14.52621,5.47625,-151.85764,-49.10045,-1.81195,-43.81268,-1.98853,-0.68148,0.000681333,0.000395006,0.00082784,0.00274981,0.000954223,0.000350114,,4.34488e-08
F_6.75,6.75,1.1958424984549831,10.4,1.12E+01,5.40E+00,1.40E+01,2.73E+01,9.60E+01,9.00E-03,1.1739e-52,0.0009296,4.1217e-07,0.00066907,2.7986e-07,9.7487e-08,2.0966e-11,1.1883e-05,9.1191e-11,0.00039486,1.4524e-21,9.8777e-32,2.4818e-27,2.4381e-27,1.8792e-07,1.3578e-47,55.364055576117075,5.2499e-20,0.0019087,1.6478e-11,1.1889000000000001e-20,1.2232e-36,3.2214000000000002e-25,1.0185e-17,0.00095398,5.2057e-08,9.4982e-12,0.00035011,1.7734e-08,1.0394e-08,8.5031e-11,1.0467e-13,2.0409e-17,5.787199999999999e-21,4.0949e-13,3.2969e-08,6.75,-1.91907,-1.7308,-0.93912,,,,0.853,0.853,1.3037747965e-14,0.0,0.0,0.00297384,0.0023043481903,-0.0023043481903,0.0023043481903,0.00392721,0.0046086963805,10.22583,-10.17879,-27.6127,-37.78014,-33.38024,-33.38796,-9.49407,3.70361,-14.52621,5.41471,-151.80764,-49.05045,-1.76195,-43.81268,-1.98853,-0.68148,0.000681333,0.000395006,0.000929044,0.00285082,0.000954033,0.000350114,,4.34488e-08
F_6.70,6.7,1.1958424984549831,10.4,1.12E+01,5.40E+00,1.40E+01,2.73E+01,9.60E+01,9.00E-03,1.3171999999999999e-52,0.001043,3.6735e-07,0.0006691,2.4943e-07,9.7492e-08,2.0967e-11,1.1884e-05,8.1278e-11,0.00039486,1.4524e-21,9.8777e-32,2.4818e-27,2.4381e-27,2.1085e-07,1.3578e-47,55.364055576117075,5.2498e-20,0.0019087,1.8488e-11,1.334e-20,1.3724e-36,2.8711000000000004e-25,7.8592e-18,0.00095381,5.2047e-08,8.4638e-12,0.00035011,1.5805e-08,1.1329e-08,9.2679e-11,1.1409e-13,2.2244e-17,6.307699999999999e-21,3.5453e-13,3.2026e-08,6.7,-1.98392,-1.79564,-0.95546,,,,0.856,0.855,1.2912414193e-14,0.0,0.0,0.00297374,0.0023042579654,-0.0023042579654,0.0023042579654,0.00404057,0.0046085159308,10.12585,-10.12879,-27.5627,-37.73014,-33.33024,-33.33796,-9.44407,3.65353,-14.52622,5.35212,-151.75764,-49.00045,-1.71195,-43.81268,-1.98853,-0.68148,0.000681333,0.000395006,0.00104258,0.00296418,0.000953858,0.000350114,,4.34488e-08
F_6.65,6.65,1.1958424984549831,10.4,1.12E+01,5.40E+00,1.40E+01,2.73E+01,9.60E+01,9.00E-03,1.4778999999999998e-52,0.0011703,3.274e-07,0.00066913,2.2232e-07,9.7496e-08,2.0968e-11,1.1884e-05,7.2442e-11,0.00039486,1.4524e-21,9.8777e-32,2.4818e-27,2.4381e-27,2.3658e-07,1.3578e-47,55.364055576117075,5.2498e-20,0.0019087,2.0744e-11,1.4968e-20,1.5399e-36,2.5588e-25,6.0488e-18,0.00095365,5.2039e-08,7.5421e-12,0.00035011,1.4086e-08,1.2317e-08,1.0076e-10,1.2403e-13,2.4183e-17,6.8574e-21,3.0615e-13,3.1031e-08,6.65,-2.04877,-1.86049,-0.97325,,,,0.858,0.858,1.2801825572e-14,0.0,0.0,0.00297365,0.0023041775513,-0.0023041775513,0.0023041775513,0.00416777,0.0046083551027,10.02587,-10.07879,-27.5127,-37.68014,-33.28024,-33.28796,-9.39407,3.60346,-14.52622,5.28841,-151.70764,-48.95045,-1.66195,-43.81268,-1.98853,-0.68148,0.000681333,0.000395006,0.00116995,0.00309139,0.000953697,0.000350114,,4.34488e-08
F_6.60,6.6,1.1958424984549831,10.4,1.12E+01,5.40E+00,1.40E+01,2.73E+01,9.60E+01,9.00E-03,1.6581999999999998e-52,0.0013131,2.918e-07,0.00066915,1.9815e-07,9.75e-08,2.0969e-11,1.1885e-05,6.4566e-11,0.00039486,1.4524e-21,9.8777e-32,2.4818e-27,2.4381e-27,2.6544e-07,1.3578e-47,55.364055576117075,5.2498e-20,0.0019087,2.3275e-11,1.6794e-20,1.7278e-36,2.2805e-25,4.6428e-18,0.0009535,5.2031e-08,6.7208e-12,0.00035011,1.2554e-08,1.3354e-08,1.0924e-10,1.3448e-13,2.622e-17,7.434899999999999e-21,2.6366e-13,2.9985e-08,6.6,-2.11362,-1.92534,-0.99256,,,,0.861,0.861,1.2700777929e-14,0.0,0.0,0.00297356,0.002304105881,-0.002304105881,0.002304105881,0.00431052,0.004608211762,9.92588,-10.02879,-27.4627,-37.63014,-33.23024,-33.23796,-9.34407,3.55339,-14.52622,5.22352,-151.65764,-48.90045,-1.61194,-43.81268,-1.98853,-0.68148,0.000681333,0.000395006,0.00131284,0.00323414,0.000953548,0.000350114,,4.34488e-08
F_6.55,6.55,1.1958424984549831,10.4,1.12E+01,5.40E+00,1.40E+01,2.73E+01,9.60E+01,9.00E-03,1.8606e-52,0.0014733,2.6006e-07,0.00066917,1.7661e-07,9.7503e-08,2.0969e-11,1.1885e-05,5.7546e-11,0.00039486,1.4524e-21,9.8777e-32,2.4818e-27,2.4381e-27,2.9783e-07,1.3578e-47,55.364055576117075,5.2498e-20,0.0019087,2.6116e-11,1.8843000000000002e-20,1.9386e-36,2.0325000000000002e-25,3.5535e-18,0.00095336,5.2023e-08,5.989e-12,0.00035011,1.1189e-08,1.4437e-08,1.1811e-10,1.4539e-13,2.8347e-17,8.0382e-21,2.2643e-13,2.8893e-08,6.55,-2.17847,-1.9902,-1.01347,,,,0.864,0.864,1.2612090192000001e-14,0.0,0.0,0.00297349,0.0023040420035,-0.0023040420035,0.0023040420035,0.0044707,0.0046080840069,9.8259,-9.97879,-27.4127,-37.58014,-33.18024,-33.18796,-9.29407,3.50333,-14.52622,5.15741,-151.60764,-48.85044,-1.56194,-43.81268,-1.98853,-0.68148,0.000681333,0.000395006,0.00147316,0.00339431,0.000953408,0.000350114,,4.34488e-08
F_6.50,6.5,1.1958424984549831,10.4,1.12E+01,5.40E+00,1.40E+01,2.73E+01,9.60E+01,9.00E-03,2.0875999999999998e-52,0.0016531,2.3178e-07,0.00066919,1.5741e-07,9.7506e-08,2.097e-11,1.1886e-05,5.1289e-11,0.00039486,1.4524e-21,9.8777e-32,2.4818e-27,2.4381e-27,3.3417e-07,1.3578e-47,55.364055576117075,5.2498e-20,0.0019087,2.9302e-11,2.1143e-20,2.1751999999999998e-36,1.8115000000000002e-25,2.7118e-18,0.00095322,5.2016e-08,5.337e-12,0.00035011,9.9722e-09,1.5563e-08,1.2731e-10,1.5673e-13,3.0557e-17,8.664899999999999e-21,1.9388e-13,2.7758e-08,6.5,-2.24333,-2.05505,-1.03604,,,,0.867,0.867,1.253120871e-14,0.0,0.0,0.00297343,0.0023039850712,-0.0023039850712,0.0023039850712,0.00465043,0.0046079701424,9.72591,-9.92879,-27.3627,-37.53014,-33.13024,-33.13796,-9.24407,3.45327,-14.52622,5.09001,-151.55764,-48.80044,-1.51194,-43.81268,-1.98853,-0.68148,0.000681333,0.000395006,0.00165303,0.00357405,0.000953275,0.000350114,,4.34488e-08
F_6.45,6.45,1.1958424984549831,10.4,1.12E+01,5.40E+00,1.40E+01,2.73E+01,9.60E+01,9.00E-03,2.3423e-52,0.0018548,2.0657e-07,0.00066921,1.4029e-07,9.7509e-08,2.0971e-11,1.1886e-05,4.5713e-11,0.00039486,1.4524e-21,9.8777e-32,2.4818e-27,2.4381e-27,3.7495e-07,1.3578e-47,55.364055576117075,5.2498e-20,0.0019087,3.2878e-11,2.3722e-20,2.4406e-36,1.6145000000000003e-25,2.0632e-18,0.0009531,5.2009e-08,4.7559e-12,0.00035011,8.8877e-09,1.6725e-08,1.3682e-10,1.6843e-13,3.2839e-17,9.311899999999998e-21,1.655e-13,2.6587e-08,6.45,-2.30819,-2.11991,-1.06034,,,,0.87,0.87,1.2457916643e-14,0.0,0.0,0.00297337,0.0023039343289,-0.0023039343289,0.0023039343289,0.00485211,0.0046078686577,9.62592,-9.87879,-27.3127,-37.48014,-33.08024,-33.08796,-9.19407,3.40321,-14.52622,5.02128,-151.50764,-48.75044,-1.46194,-43.81268,-1.98854,-0.68148,0.000681333,0.000395006,0.00185483,0.00377573,0.000953149,0.000350114,,4.34488e-08
F_6.40,6.4,1.1958424984549831,10.4,1.12E+01,5.40E+00,1.40E+01,2.73E+01,9.60E+01,9.00E-03,2.6281999999999996e-52,0.0020812,1.8411e-07,0.00066922,1.2504e-07,9.7511e-08,2.0971e-11,1.1886e-05,4.0742e-11,0.00039486,1.4524e-21,9.8777e-32,2.4818e-27,2.4381e-27,4.207e-07,1.3578e-47,55.364055576117075,5.2497e-20,0.0019087,3.6889e-11,2.6617000000000002e-20,2.7384e-36,1.4389e-25,1.5647e-18,0.00095297,5.2002e-08,4.2382e-12,0.00035011,7.9211e-09,1.7917e-08,1.4657e-10,1.8044e-13,3.518e-17,9.975699999999999e-21,1.4084e-13,2.5385e-08,6.4,-2.37305,-2.18477,-1.0864,,,,0.872,0.872,1.2395032917e-14,0.0,0.0,0.00297332,0.0023038891033,-0.0023038891033,0.0023038891033,0.00507841,0.0046077782065,9.52593,-9.82879,-27.2627,-37.43014,-33.03024,-33.03796,-9.14407,3.35316,-14.52622,4.95119,-151.45764,-48.70044,-1.41194,-43.81269,-1.98854,-0.68148,0.000681333,0.000395006,0.00208125,0.00400203,0.000953026,0.000350114,,4.34488e-08
F_6.35,6.35,1.1958424984549831,10.4,1.12E+01,5.40E+00,1.40E+01,2.73E+01,9.60E+01,9.00E-03,2.9488999999999996e-52,0.0023351,1.6409e-07,0.00066924,1.1144e-07,9.7513e-08,2.0972e-11,1.1887e-05,3.6312e-11,0.00039486,1.4524e-21,9.8777e-32,2.4818e-27,2.4381e-27,4.7203e-07,1.3578e-47,55.364055576117075,5.2497e-20,0.0019087,4.139e-11,2.9865e-20,3.0725e-36,1.2824e-25,1.1829e-18,0.00095285,5.1996e-08,3.7768e-12,0.00035011,7.0597e-09,1.9133e-08,1.5652e-10,1.9268e-13,3.7567e-17,1.0653000000000001e-20,1.1946e-13,2.4159e-08,6.35,-2.43791,-2.24963,-1.11429,,,,0.875,0.875,1.233670284e-14,0.0,0.0,0.00297327,0.0023038487944,-0.0023038487944,0.0023038487944,0.00533233,0.0046076975889,9.42594,-9.77879,-27.2127,-37.38014,-32.98024,-32.98796,-9.09407,3.3031,-14.52623,4.8797,-151.40764,-48.65044,-1.36193,-43.81269,-1.98854,-0.68148,0.000681333,0.000395006,0.00233529,0.00425595,0.000952907,0.000350114,,4.34488e-08
F_6.30,6.3,1.1958424984549831,10.4,1.12E+01,5.40E+00,1.40E+01,2.73E+01,9.60E+01,9.00E-03,3.3086999999999996e-52,0.0026201,1.4624e-07,0.00066925,9.9326e-08,9.7515e-08,2.0972e-11,1.1887e-05,3.2364e-11,0.00039486,1.4524e-21,9.8777e-32,2.4818e-27,2.4381e-27,5.2963e-07,1.3577e-47,55.364055576117075,5.2497e-20,0.0019087,4.6441e-11,3.3509e-20,3.4474e-36,1.1430000000000002e-25,8.913100000000002e-19,0.00095274,5.199e-08,3.3656e-12,0.00035011,6.2919e-09,2.0364e-08,1.6659e-10,2.0508e-13,3.9985e-17,1.1338e-20,1.01e-13,2.2918e-08,6.3,-2.50277,-2.3145,-1.14401,,,,0.878,0.878,1.2282059050000001e-14,0.0,0.0,0.00297323,0.0023038128677,-0.0023038128677,0.0023038128677,0.00561725,0.0046076257354,9.32595,-9.72879,-27.1627,-37.33014,-32.93024,-32.93796,-9.04407,3.25305,-14.52623,4.80679,-151.35765,-48.60043,-1.31193,-43.81269,-1.98854,-0.68148,0.000681333,0.000395006,0.00262033,0.00454086,0.000952788,0.000350114,,4.34488e-08
F_6.25,6.25,1.1958424984549831,10.4,1.12E+01,5.40E+00,1.40E+01,2.73E+01,9.60E+01,9.00E-03,3.7123999999999994e-52,0.0029398,1.3034e-07,0.00066926,8.8526e-08,9.7517e-08,2.0972e-11,1.1887e-05,2.8845e-11,0.00039486,1.4524e-21,9.8777e-32,2.4818e-27,2.4381e-27,5.9425e-07,1.3577e-47,55.364055576117075,5.2497e-20,0.0019087,5.2107e-11,3.7598e-20,3.8680999999999996e-36,1.0186e-25,6.6939e-19,0.00095262,5.1983e-08,2.9992e-12,0.00035011,5.6076e-09,2.1604e-08,1.7673e-10,2.1756e-13,4.2419e-17,1.2028e-20,8.5107e-14,2.1668e-08,6.25,-2.56763,-2.37936,-1.17559,,,,0.881,0.881,1.2235872038e-14,0.0,0.0,0.00297319,0.0023037808464,-0.0023037808464,0.0023037808464,0.00593693,0.0046075616929,9.22596,-9.67879,-27.1127,-37.28014,-32.88024,-32.88796,-8.99407,3.20299,-14.52623,4.73245,-151.30765,-48.55043,-1.26193,-43.81269,-1.98855,-0.68148,0.000681333,0.000395006,0.00294014,0.00486055,0.000952669,0.000350114,,4.34488e-08
F_6.20,6.2,1.1958424984549831,10.4,1.12E+01,5.40E+00,1.40E+01,2.73E+01,9.60E+01,9.00E-03,4.1653999999999994e-52,0.0032985,1.1616e-07,0.00066927,7.89e-08,9.7518e-08,2.0973e-11,1.1887e-05,2.5708e-11,0.00039486,1.4524e-21,9.8777e-32,2.4818e-27,2.4381e-27,6.6676e-07,1.3577e-47,55.364055576117075,5.2496e-20,0.0019087,5.8465e-11,4.2185e-20,4.3399999999999997e-36,9.078699999999999e-26,5.0106000000000005e-19,0.0009525,5.1976e-08,2.6727e-12,0.00035011,4.9978e-09,2.2842e-08,1.8687e-10,2.3004e-13,4.4851e-17,1.2718e-20,7.1479e-14,2.0419e-08,6.2,-2.6325,-2.44423,-1.20905,,,,0.884,0.884,1.219228711e-14,0.0,0.0,0.00297316,0.002303752306,-0.0023037523059,0.002303752306,0.00629564,0.0046075046119,9.12597,-9.62879,-27.0627,-37.23014,-32.83024,-32.83796,-8.94407,3.15294,-14.52623,4.65667,-151.25765,-48.50043,-1.21193,-43.8127,-1.98855,-0.68148,0.000681333,0.000395006,0.00329897,0.00521926,0.000952547,0.000350114,,4.34488e-08
F_6.15,6.15,1.1958424984549831,10.4,1.12E+01,5.40E+00,1.40E+01,2.73E+01,9.60E+01,9.00E-03,4.6737e-52,0.003701,1.0353e-07,0.00066928,7.0321e-08,9.752e-08,2.0973e-11,1.1887e-05,2.2912e-11,0.00039486,1.4524e-21,9.8777e-32,2.4818e-27,2.4381e-27,7.4811e-07,1.3577e-47,55.364055576117075,5.2496e-20,0.0019087,6.5599e-11,4.7333e-20,4.8696e-36,8.0913e-26,3.7383000000000003e-19,0.00095237,5.197e-08,2.3817e-12,0.00035011,4.4542e-09,2.4073e-08,1.9693e-10,2.4243e-13,4.7267e-17,1.3403e-20,5.9836e-14,1.9179e-08,6.15,-2.69736,-2.50909,-1.24436,,,,0.887,0.886,1.2153255832e-14,0.0,0.0,0.00297313,0.0023037268677,-0.0023037268677,0.0023037268677,0.00669813,0.0046074537354,9.02597,-9.57879,-27.0127,-37.18014,-32.78023,-32.78796,-8.89407,3.10288,-14.52624,4.57945,-151.20765,-48.45042,-1.16192,-43.8127,-1.98855,-0.68148,0.000681333,0.000395006,0.00370158,0.00562175,0.000952422,0.000350114,,4.34488e-08
F_6.10,6.1,1.1958424984549831,10.4,1.12E+01,5.40E+00,1.40E+01,2.73E+01,9.60E+01,9.00E-03,5.2440999999999996e-52,0.0041527,9.2273e-08,0.00066929,6.2674e-08,9.7521e-08,2.0973e-11,1.1887e-05,2.0421e-11,0.00039486,1.4524e-21,9.8777e-32,2.4818e-27,2.4381e-27,8.394e-07,1.3577e-47,55.364055576117075,5.2496e-20,0.0019087,7.3604e-11,5.3108e-20,5.4638e-36,7.2113e-26,2.7799e-19,0.00095224,5.1963e-08,2.1224e-12,0.00035011,3.9698e-09,2.5287e-08,2.0686e-10,2.5466e-13,4.9651e-17,1.4079e-20,4.9926e-14,1.7955e-08,6.1,-2.76223,-2.57396,-1.28151,,,,0.889,0.889,1.2118561363e-14,0.0,0.0,0.00297311,0.0023037041944,-0.0023037041944,0.0023037041944,0.00714974,0.0046074083887,8.92598,-9.52879,-26.9627,-37.13014,-32.73023,-32.73796,-8.84407,3.05282,-14.52624,4.50082,-151.15766,-48.40042,-1.11192,-43.8127,-1.98855,-0.68148,0.000681333,0.000395006,0.00415332,0.00607336,0.000952292,0.000350114,,4.34488e-08
F_6.05,6.05,1.1958424984549831,10.4,1.12E+01,5.40E+00,1.40E+01,2.73E+01,9.60E+01,9.00E-03,5.883999999999999e-52,0.0046594,8.2238e-08,0.00066929,5.5859e-08,9.7522e-08,2.0973e-11,1.1888e-05,1.82e-11,0.00039486,1.4524e-21,9.8777e-32,2.4818e-27,2.4381e-27,9.4182e-07,1.3577e-47,55.364055576117075,5.2495e-20,0.0019087,8.2585e-11,5.9588e-20,6.1305e-36,6.427e-26,2.0606e-19,0.0009521,5.1955e-08,1.8913e-12,0.00035011,3.5381e-09,2.6477e-08,2.166e-10,2.6664e-13,5.1987e-17,1.4742000000000002e-20,4.1523e-14,1.6755e-08,6.05,-2.8271,-2.63883,-1.32047,,,,0.892,0.892,1.2084951095e-14,0.0,0.0,0.00297308,0.0023036839852,-0.0023036839852,0.0023036839852,0.00765647,0.0046073679704,8.82598,-9.47879,-26.9127,-37.08014,-32.68023,-32.68795,-8.79407,3.00276,-14.52624,4.42079,-151.10766,-48.35042,-1.06191,-43.81271,-1.98856,-0.68148,0.000681333,0.000395006,0.00466019,0.00658009,0.000952154,0.000350114,,4.34488e-08
F_6.00,6,1.1958424984549831,10.4,1.12E+01,5.40E+00,1.40E+01,2.73E+01,9.60E+01,9.00E-03,6.601999999999999e-52,0.005228,7.3295e-08,0.0006693,4.9785e-08,9.7523e-08,2.0974e-11,1.1888e-05,1.6221e-11,0.00039486,1.4524e-21,9.8777e-32,2.4818e-27,2.4381e-27,1.0567e-06,1.3577e-47,55.364055576117075,5.2494e-20,0.0019087,9.2662e-11,6.6859e-20,6.8785e-36,5.728e-26,1.5226e-19,0.00095196,5.1947e-08,1.6854e-12,0.00035011,3.1533e-09,2.7636e-08,2.2608e-10,2.7831e-13,5.4263e-17,1.5387e-20,3.4427e-14,1.5587e-08,6.0,-2.89197,-2.70369,-1.3612,,,,0.895,0.895,1.2054810275e-14,0.0,0.0,0.00297307,0.0023036659722,-0.0023036659722,0.0023036659722,0.00822504,0.0046073319444,8.72599,-9.42879,-26.8627,-37.03014,-32.63023,-32.63795,-8.74407,2.95269,-14.52625,4.3394,-151.05767,-48.30041,-1.01191,-43.81271,-1.98856,-0.68148,0.000681333,0.000395006,0.00522891,0.00714866,0.000952008,0.000350114,,4.34488e-08
F_5.95,5.95,1.1958424984549831,10.4,1.12E+01,5.40E+00,1.40E+01,2.73E+01,9.60E+01,9.00E-03,7.407699999999999e-52,0.005866,6.5324e-08,0.0006693,4.4371e-08,9.7524e-08,2.0974e-11,1.1888e-05,1.4457e-11,0.00039486,1.4524e-21,9.8777e-32,2.4818e-27,2.4381e-27,1.1857e-06,1.3577e-47,55.364055576117075,5.2494e-20,0.0019087,1.0397e-10,7.5017e-20,7.717799999999999e-36,5.1051e-26,1.1217e-19,0.0009518,5.1939e-08,1.5018e-12,0.00035011,2.8103e-09,2.8758e-08,2.3526e-10,2.8961e-13,5.6466e-17,1.6012e-20,2.8456e-14,1.4455e-08,5.95,-2.95684,-2.76856,-1.40365,,,,0.898,0.898,1.2024018933e-14,0.0,0.0,0.00297305,0.0023036499166,-0.0023036499166,0.0023036499166,0.00886301,0.0046072998332,8.62599,-9.37879,-26.8127,-36.98014,-32.58023,-32.58795,-8.69407,2.90262,-14.52625,4.25668,-151.00767,-48.25041,-0.96191,-43.81272,-1.98857,-0.68148,0.000681333,0.000395006,0.00586703,0.00778663,0.000951851,0.000350114,,4.34488e-08
F_5.90,5.9,1.1958424984549831,10.4,1.12E+01,5.40E+00,1.40E+01,2.73E+01,9.60E+01,9.00E-03,8.3117e-52,0.0065818,5.822e-08,0.00066931,3.9546e-08,9.7524e-08,2.0974e-11,1.1888e-05,1.2885e-11,0.00039486,1.4524e-21,9.8777e-32,2.4818e-27,2.4381e-27,1.3304e-06,1.3576e-47,55.364055576117075,5.2493e-20,0.0019087,1.1665e-10,8.4171e-20,8.6595e-36,4.5498e-26,8.2388e-20,0.00095163,5.1929e-08,1.3382e-12,0.00035011,2.5047e-09,2.9837e-08,2.4409e-10,3.0049e-13,5.8586e-17,1.6613e-20,2.3452e-14,1.3367e-08,5.9,-3.02171,-2.83343,-1.44775,,,,0.901,0.9,1.1999299124e-14,0.0,0.0,0.00297303,0.0023036356054,-0.0023036356054,0.0023036356054,0.00957884,0.0046072712108,8.52599,-9.32879,-26.7627,-36.93014,-32.53023,-32.53795,-8.64407,2.85254,-14.52626,4.17269,-150.95768,-48.2004,-0.9119,-43.81272,-1.98857,-0.68148,0.000681333,0.000395006,0.00658303,0.00850246,0.000951682,0.000350114,,4.34488e-08
F_5.85,5.85,1.1958424984549831,10.4,1.12E+01,5.40E+00,1.40E+01,2.73E+01,9.60E+01,9.00E-03,9.325999999999999e-52,0.007385,5.1889e-08,0.00066931,3.5246e-08,9.7525e-08,2.0974e-11,1.1888e-05,1.1483e-11,0.00039486,1.4524e-21,9.8777e-32,2.4818e-27,2.4381e-27,1.4927e-06,1.3576e-47,55.364055576117075,5.2492e-20,0.0019087,1.3089e-10,9.444100000000001e-20,9.7161e-36,4.055e-26,6.0343e-20,0.00095145,5.1919e-08,1.1925e-12,0.00035011,2.2323e-09,3.087e-08,2.5254e-10,3.1089e-13,6.0614e-17,1.7188e-20,1.9273e-14,1.2326e-08,5.85,-3.08658,-2.8983,-1.49345,,,,0.903,0.903,1.197262775e-14,0.0,0.0,0.00297302,0.0023036228489,-0.0023036228489,0.0023036228489,0.010382,0.0046072456978,8.426,-9.27879,-26.7127,-36.88014,-32.48023,-32.48795,-8.59407,2.80246,-14.52626,4.08747,-150.90768,-48.1504,-0.86189,-43.81273,-1.98858,-0.68148,0.000681333,0.000395006,0.00738642,0.00930566,0.000951497,0.000350114,,4.34488e-08
F_5.80,5.8,1.1958424984549831,10.4,1.12E+01,5.40E+00,1.40E+01,2.73E+01,9.60E+01,9.00E-03,1.0464e-51,0.0082863,4.6246e-08,0.00066932,3.1413e-08,9.7526e-08,2.0974e-11,1.1888e-05,1.0234e-11,0.00039486,1.4524e-21,9.8777e-32,2.4818e-27,2.4381e-27,1.6748e-06,1.3576e-47,55.364055576117075,5.2492e-20,0.0019087,1.4686e-10,1.0596000000000001e-19,1.0902e-35,3.6139e-26,4.4078e-20,0.00095124,5.1908e-08,1.0625e-12,0.00035011,1.9895e-09,3.1853e-08,2.6058e-10,3.2079e-13,6.2544e-17,1.7735e-20,1.5796e-14,1.1335e-08,5.8,-3.15145,-2.96317,-1.54066,,,,0.906,0.906,1.1945956377e-14,0.0,0.0,0.00297301,0.0023036114779,-0.0023036114779,0.0023036114779,0.0112833,0.0046072229558,8.326,-9.22879,-26.6627,-36.83014,-32.43023,-32.43795,-8.54407,2.75237,-14.52627,4.00108,-150.85769,-48.10039,-0.81189,-43.81274,-1.98859,-0.68148,0.000681333,0.000395006,0.00828786,0.0102069,0.000951295,0.000350114,,4.34488e-08
F_5.75,5.75,1.1958424984549831,10.4,1.12E+01,5.40E+00,1.40E+01,2.73E+01,9.60E+01,9.00E-03,1.1740999999999999e-51,0.0092975,4.1217e-08,0.00066932,2.7997e-08,9.7526e-08,2.0974e-11,1.1888e-05,9.1213e-12,0.00039486,1.4524e-21,9.8777e-32,2.4818e-27,2.4381e-27,1.8792e-06,1.3576e-47,55.364055576117075,5.2491000000000004e-20,0.0019087,1.6478e-10,1.1889000000000002e-19,1.2232e-35,3.2208999999999997e-26,3.2115e-20,0.00095102,5.1896e-08,9.4674e-13,0.00035011,1.7731e-09,3.2783e-08,2.6819e-10,3.3016e-13,6.4371e-17,1.8253e-20,1.2914e-14,1.0397e-08,5.75,-3.21632,-3.02804,-1.58932,,,,0.909,0.909,1.1922103929e-14,0.0,0.0,0.00297299,0.0023036013417,-0.0023036013417,0.0023036013417,0.0122945,0.0046072026834,8.226,-9.17879,-26.6127,-36.78014,-32.38023,-32.38795,-8.49407,2.70227,-14.52628,3.91358,-150.8077,-48.05038,-0.76188,-43.81274,-1.98859,-0.68148,0.000681333,0.000395006,0.00929932,0.0112181,0.000951073,0.000350114,,4.34488e-08
F_5.70,5.7,1.1958424984549831,10.4,1.12E+01,5.40E+00,1.40E+01,2.73E+01,9.60E+01,9.00E-03,1.3174e-51,0.010432,3.6734e-08,0.00066932,2.4953e-08,9.7527e-08,2.0975e-11,1.1888e-05,8.1292e-12,0.00039486,1.4524e-21,9.8777e-32,2.4818e-27,2.4381e-27,2.1085e-06,1.3576e-47,55.364055576117075,5.249e-20,0.0019087,1.8488e-10,1.3340000000000002e-19,1.3724e-35,2.8706e-26,2.3342e-20,0.00095078,5.1883e-08,8.4355e-13,0.00035011,1.5802e-09,3.3659e-08,2.7536e-10,3.3898e-13,6.6091e-17,1.8741e-20,1.0532e-14,9.5137e-09,5.7,-3.28119,-3.09291,-1.63933,,,,0.912,0.912,1.1898685162000001e-14,0.0,0.0,0.00297299,0.0023035923059,-0.0023035923059,0.0023035923059,0.0134292,0.0046071846118,8.126,-9.12879,-26.5627,-36.73014,-32.33023,-32.33795,-8.44407,2.65216,-14.52629,3.82503,-150.75771,-48.00037,-0.71187,-43.81275,-1.9886,-0.68148,0.000681333,0.000395006,0.0104342,0.0123528,0.000950828,0.000350114,,4.34488e-08
F_5.65,5.65,1.1958424984549831,10.4,1.12E+01,5.40E+00,1.40E+01,2.73E+01,9.60E+01,9.00E-03,1.4782e-51,0.011705,3.274e-08,0.00066933,2.2239e-08,9.7527e-08,2.0975e-11,1.1888e-05,7.245e-12,0.00039486,1.4524e-21,9.8777e-32,2.4818e-27,2.4381e-27,2.3657e-06,1.3575e-47,55.364055576117075,5.2488e-20,0.0019087,2.0744e-10,1.4968000000000002e-19,1.5399e-35,2.5582999999999998e-26,1.6928e-20,0.0009505,5.1868e-08,7.5158e-13,0.00035011,1.4084e-09,3.4481e-08,2.8208e-10,3.4725e-13,6.7703e-17,1.9198e-20,8.5694e-15,8.6857e-09,5.65,-3.34606,-3.15779,-1.69062,,,,0.915,0.915,1.1874615874000001e-14,0.0,0.0,0.00297298,0.0023035842506,-0.0023035842506,0.0023035842507,0.0147024,0.0046071685013,8.026,-9.07879,-26.5127,-36.68014,-32.28023,-32.28795,-8.39407,2.60203,-14.5263,3.7355,-150.70772,-47.95036,-0.66186,-43.81276,-1.98861,-0.68148,0.000681333,0.000395006,0.0117077,0.013626,0.000950556,0.000350114,,4.34488e-08
F_5.60,5.6,1.1958424984549831,10.4,1.12E+01,5.40E+00,1.40E+01,2.73E+01,9.60E+01,9.00E-03,1.6586e-51,0.013134,2.9179e-08,0.00066933,1.9821e-08,9.7527e-08,2.0975e-11,1.1888e-05,6.457e-12,0.00039486,1.4524e-21,9.8777e-32,2.4818e-27,2.4381e-27,2.6544e-06,1.3575e-47,55.364055576117075,5.2487e-20,0.0019087,2.3276e-10,1.6794e-19,1.7278000000000002e-35,2.28e-26,1.225e-20,0.0009502,5.1852e-08,6.6962e-13,0.00035011,1.2552e-09,3.5247e-08,2.8835e-10,3.5497e-13,6.9208e-17,1.9625e-20,6.958e-15,7.913e-09,5.6,-3.41093,-3.22266,-1.74311,,,,0.917,0.917,1.2523619294e-14,0.0,0.0,0.00297297,0.0023035770692,-0.0023035770692,0.0023035770692,0.016131,0.0046071541383,7.92601,-9.02879,-26.4627,-36.63014,-32.23023,-32.23795,-8.34407,2.55189,-14.52631,3.64505,-150.65773,-47.90035,-0.61185,-43.81277,-1.98862,-0.68148,0.000681333,0.000395006,0.0131366,0.0150546,0.000950255,0.000350114,,4.34488e-08
F_5.55,5.55,1.1958424984549831,10.4,1.12E+01,5.40E+00,1.40E+01,2.73E+01,9.60E+01,9.00E-03,1.861e-51,0.014737,2.6006e-08,0.00066933,1.7665e-08,9.7528e-08,2.0975e-11,1.1888e-05,5.7547e-12,0.00039486,1.4524e-21,9.8777e-32,2.4818e-27,2.4381e-27,2.9783e-06,1.3574e-47,55.364055576117075,5.2486e-20,0.0019087,2.6116e-10,1.8843e-19,1.9386000000000002e-35,2.032e-26,8.846799999999999e-21,0.00094987,5.1833e-08,5.9657e-13,0.00035011,1.1186e-09,3.5959e-08,2.9417e-10,3.6214e-13,7.0607e-17,2.0021e-20,5.6385e-15,7.1948e-09,5.55,-3.4758,-3.28753,-1.79671,,,,0.92,0.92,1.2504103655e-14,0.0,0.0,0.00297296,0.0023035706662,-0.0023035706662,0.0023035706663,0.017734,0.0046071413325,7.82601,-8.97879,-26.4127,-36.58014,-32.18023,-32.18795,-8.29407,2.50174,-14.52632,3.55374,-150.60774,-47.85034,-0.56184,-43.81279,-1.98864,-0.68148,0.000681333,0.000395006,0.01474,0.0166576,0.000949919,0.000350114,,4.34488e-08
F_5.50,5.5,1.1958424984549831,10.4,1.12E+01,5.40E+00,1.40E+01,2.73E+01,9.60E+01,9.00E-03,2.0882e-51,0.016536,2.3178e-08,0.00066933,1.5744e-08,9.7528e-08,2.0975e-11,1.1888e-05,5.1287e-12,0.00039486,1.4524e-21,9.8777e-32,2.4818e-27,2.4381e-27,3.3417e-06,1.3574e-47,55.364055576117075,5.2484e-20,0.0019087,2.9302e-10,2.1143000000000003e-19,2.1752e-35,1.811e-26,6.377499999999999e-21,0.00094949,5.1813e-08,5.3147e-13,0.00035011,9.9695e-10,3.6619e-08,2.9957e-10,3.6878e-13,7.1902e-17,2.0389000000000002e-20,4.5608e-15,6.5298e-09,5.5,-3.54068,-3.3524,-1.85134,,,,0.923,0.923,1.2489358506e-14,0.0,0.0,0.00297296,0.002303564957,-0.002303564957,0.002303564957,0.0195327,0.0046071299139,7.72601,-8.92879,-26.3627,-36.53014,-32.13023,-32.13795,-8.24407,2.45157,-14.52634,3.46164,-150.55775,-47.80032,-0.51182,-43.8128,-1.98865,-0.68148,0.000681333,0.000395006,0.0165391,0.0184563,0.000949546,0.000350114,,4.34488e-08
F_5.45,5.45,1.1958424984549831,10.4,1.12E+01,5.40E+00,1.40E+01,2.73E+01,9.60E+01,9.00E-03,2.3431e-51,0.018554,2.0657e-08,0.00066933,1.4032e-08,9.7528e-08,2.0975e-11,1.1888e-05,4.5708e-12,0.00039486,1.4524e-21,9.8777e-32,2.4818e-27,2.4381e-27,3.7494e-06,1.3574e-47,55.364055576117075,5.2482000000000004e-20,0.0019087,3.2878e-10,2.3722000000000004e-19,2.4406e-35,1.6139999999999998e-26,4.5897e-21,0.00094908,5.179e-08,4.7345e-13,0.00035011,8.885e-10,3.7228e-08,3.0455e-10,3.7491e-13,7.3097e-17,2.0727e-20,3.6829e-15,5.9162e-09,5.45,-3.60555,-3.41727,-1.90692,,,,0.926,0.926,1.2476998601e-14,0.0,0.0,0.00297295,0.0023035598656,-0.0023035598656,0.0023035598656,0.0215511,0.0046071197312,7.62601,-8.87879,-26.3127,-36.48014,-32.08023,-32.08795,-8.19407,2.40138,-14.52635,3.36879,-150.50777,-47.75031,-0.46181,-43.81282,-1.98867,-0.68148,0.000681333,0.000395006,0.0185578,0.0204747,0.000949129,0.000350114,,4.34488e-08
F_5.40,5.4,1.1958424984549831,10.4,1.12E+01,5.40E+00,1.40E+01,2.73E+01,9.60E+01,9.00E-03,2.6291e-51,0.020819,1.8411e-08,0.00066933,1.2506e-08,9.7528e-08,2.0975e-11,1.1888e-05,4.0736e-12,0.00039486,1.4524e-21,9.8777e-32,2.4818e-27,2.4381e-27,4.207e-06,1.3573e-47,55.364055576117075,5.248e-20,0.0019087,3.6889e-10,2.6617000000000003e-19,2.7384e-35,1.4383999999999998e-26,3.2977999999999996e-21,0.00094861,5.1765e-08,4.2174e-13,0.00035011,7.9184e-10,3.7787e-08,3.0913e-10,3.8055e-13,7.4196e-17,2.1039e-20,2.9693e-15,5.3519e-09,5.4,-3.67042,-3.48215,-1.96339,,,,0.929,0.929,1.2468541824e-14,0.0,0.0,0.00297295,0.0023035553247,-0.0023035553247,0.0023035553247,0.0238159,0.0046071106494,7.52601,-8.82879,-26.2627,-36.43014,-32.03023,-32.03795,-8.14407,2.35117,-14.52637,3.27528,-150.45779,-47.70029,-0.41179,-43.81283,-1.98868,-0.68148,0.000681333,0.000395006,0.0208231,0.0227395,0.000948663,0.000350114,,4.34488e-08
F_5.35,5.35,1.1958424984549831,10.4,1.12E+01,5.40E+00,1.40E+01,2.73E+01,9.60E+01,9.00E-03,2.95e-51,0.02336,1.6409e-08,0.00066934,1.1146e-08,9.7529e-08,2.0975e-11,1.1888e-05,3.6304e-12,0.00039486,1.4524e-21,9.8777e-32,2.4818e-27,2.4381e-27,4.7203e-06,1.3572e-47,55.364055576117075,5.2477e-20,0.0019087,4.139e-10,2.9865000000000004e-19,3.0725e-35,1.2819e-26,2.3661999999999997e-21,0.00094809,5.1736e-08,3.7565e-13,0.00035011,7.057e-10,3.8301e-08,3.1333e-10,3.8572e-13,7.5204e-17,2.1325e-20,2.3905e-15,4.8344e-09,5.35,-3.73529,-3.54702,-2.02066,,,,0.932,0.931,1.246160293e-14,0.0,0.0,0.00297294,0.002303551274,-0.002303551274,0.002303551274,0.0263572,0.004607102548,7.42601,-8.77879,-26.2127,-36.38014,-31.98023,-31.98795,-8.09407,2.30093,-14.52639,3.18113,-150.40781,-47.65027,-0.36177,-43.81285,-1.9887,-0.68148,0.000681333,0.000395006,0.0233649,0.0252808,0.000948143,0.000350114,,4.34488e-08
F_5.30,5.3,1.1958424984549831,10.4,1.12E+01,5.40E+00,1.40E+01,2.73E+01,9.60E+01,9.00E-03,3.3101e-51,0.026212,1.4624e-08,0.00066934,9.9341e-09,9.7529e-08,2.0975e-11,1.1888e-05,3.2355e-12,0.00039486,1.4524e-21,9.8777e-32,2.4818e-27,2.4381e-27,5.2962e-06,1.3572e-47,55.364055576117075,5.2475e-20,0.0019087,4.6441e-10,3.3509e-19,3.4474e-35,1.1424999999999999e-26,1.6954999999999997e-21,0.00094751,5.1705e-08,3.3457e-13,0.00035011,6.2892e-10,3.877e-08,3.1717e-10,3.9045e-13,7.6126e-17,2.1586e-20,1.922e-15,4.3613e-09,5.3,-3.80017,-3.61189,-2.07867,,,,0.934,0.934,1.2457266121000001e-14,0.0,0.0,0.00297294,0.0023035476598,-0.0023035476598,0.0023035476598,0.0292089,0.0046070953196,7.32601,-8.72879,-26.1627,-36.33014,-31.93023,-31.93795,-8.04407,2.25066,-14.52641,3.08642,-150.35783,-47.60025,-0.31175,-43.81288,-1.98873,-0.68148,0.000681333,0.000395006,0.0262173,0.0281326,0.00094756,0.000350114,,4.34488e-08
F_5.25,5.25,1.1958424984549831,10.4,1.12E+01,5.40E+00,1.40E+01,2.73E+01,9.60E+01,9.00E-03,3.7142e-51,0.029412,1.3034e-08,0.00066934,8.8538e-09,9.7529e-08,2.0975e-11,1.1888e-05,2.8834e-12,0.00039486,1.4524e-21,9.8777e-32,2.4818e-27,2.4381e-27,5.9425e-06,1.3571e-47,55.364055576117075,5.2472e-20,0.0019087,5.2107e-10,3.7598000000000005e-19,3.8681e-35,1.0182e-26,1.2133999999999999e-21,0.00094686,5.1669e-08,2.9797e-13,0.00035011,5.605e-10,3.9198e-08,3.2067e-10,3.9476e-13,7.6966e-17,2.1825e-20,1.5435e-15,3.9297e-09,5.25,-3.86504,-3.67677,-2.13736,,,,0.937,0.937,1.24566156e-14,0.0,0.0,0.00297294,0.0023035444342,-0.0023035444342,0.0023035444342,0.032409,0.0046070888684,7.22601,-8.67879,-26.1127,-36.28014,-31.88023,-31.88795,-7.99407,2.20036,-14.52644,2.99119,-150.30785,-47.55022,-0.26172,-43.8129,-1.98875,-0.68148,0.000681333,0.000395006,0.0294179,0.0313326,0.000946908,0.000350114,,4.34488e-08
F_5.20,5.2,1.1958424984549831,10.4,1.12E+01,5.40E+00,1.40E+01,2.73E+01,9.60E+01,9.00E-03,4.1677e-51,0.033003,1.1616e-08,0.00066934,7.8909e-09,9.7529e-08,2.0975e-11,1.1888e-05,2.5697e-12,0.00039486,1.4524e-21,9.8777e-32,2.4818e-27,2.4381e-27,6.6676e-06,1.3570000000000001e-47,55.364055576117075,5.2468e-20,0.0019087,5.8466e-10,4.2185000000000004e-19,4.34e-35,9.0738e-27,8.6746e-22,0.00094613,5.1629e-08,2.6534e-13,0.00035011,4.9951e-10,3.9588e-08,3.2385e-10,3.9868e-13,7.7731e-17,2.2041e-20,1.2381e-15,3.5369e-09,5.2,-3.92991,-3.74164,-2.19666,,,,0.94,0.94,1.2457049281e-14,0.0,0.0,0.00297293,0.0023035415543,-0.0023035415543,0.0023035415543,0.0359999,0.0046070831086,7.12601,-8.62879,-26.0627,-36.23014,-31.83023,-31.83795,-7.94407,2.15003,-14.52647,2.89549,-150.25788,-47.50019,-0.21169,-43.81293,-1.98878,-0.68148,0.000681333,0.000395006,0.0330096,0.0349235,0.000946178,0.000350114,,4.34488e-08
F_5.15,5.15,1.1958424984549831,10.4,1.12E+01,5.40E+00,1.40E+01,2.73E+01,9.60E+01,9.00E-03,4.6766e-51,0.037033,1.0353e-08,0.00066934,7.0328e-09,9.7529e-08,2.0975e-11,1.1889e-05,2.2901e-12,0.00039486,1.4524e-21,9.8777e-32,2.4818e-27,2.4381e-27,7.4811e-06,1.3569e-47,55.364055576117075,5.2464e-20,0.0019087,6.5599e-10,4.7333e-19,4.8696e-35,8.086400000000001e-27,6.1951e-22,0.00094531,5.1584e-08,2.3626e-13,0.00035011,4.4516e-10,3.9941e-08,3.2675e-10,4.0224e-13,7.8426e-17,2.2238e-20,9.9221e-16,3.1802e-09,5.15,-3.99478,-3.80651,-2.25652,,,,0.943,0.943,1.2463988175e-14,0.0,0.0,0.00297293,0.0023035389821,-0.0023035389821,0.0023035389821,0.0400296,0.0046070779641,7.02602,-8.57879,-26.0127,-36.18014,-31.78023,-31.78795,-7.89407,2.09965,-14.5265,2.79935,-150.20791,-47.45016,-0.16166,-43.81296,-1.98881,-0.68148,0.000681333,0.000395006,0.0370401,0.0389532,0.00094536,0.000350114,,4.34488e-08
F_5.10,5.1,1.1958424984549831,10.4,1.12E+01,5.40E+00,1.40E+01,2.73E+01,9.60E+01,9.00E-03,5.2476e-51,0.041555,9.2273e-09,0.00066934,6.268e-09,9.7529e-08,2.0975e-11,1.1889e-05,2.0409e-12,0.00039486,1.4524e-21,9.8777e-32,2.4818e-27,2.4381e-27,8.394e-06,1.3568e-47,55.364055576117075,5.246e-20,0.0019087,7.3604e-10,5.3108e-19,5.4638e-35,7.2065e-27,4.4203e-22,0.00094439,5.1534e-08,2.1035e-13,0.00035011,3.9671e-10,4.0262e-08,3.2937e-10,4.0547e-13,7.9055e-17,2.2417e-20,7.944e-16,2.8569e-09,5.1,-4.05966,-3.87138,-2.31689,,,,0.946,0.945,1.2471143909e-14,0.0,0.0,0.00297293,0.0023035366833,-0.0023035366833,0.0023035366833,0.0445516,0.0046070733665,6.92602,-8.52879,-25.9627,-36.13014,-31.73023,-31.73795,-7.84407,2.04923,-14.52653,2.70283,-150.15795,-47.40013,-0.11163,-43.813,-1.98885,-0.68148,0.000681333,0.000395006,0.0415631,0.0434753,0.000944443,0.000350114,,4.34488e-08
F_5.05,5.05,1.1958424984549831,10.4,1.12E+01,5.40E+00,1.40E+01,2.73E+01,9.60E+01,9.00E-03,5.8885e-51,0.046629,8.2238e-09,0.00066934,5.5864e-09,9.7529e-08,2.0975e-11,1.1889e-05,1.8188e-12,0.00039486,1.4524e-21,9.8777e-32,2.4818e-27,2.4381e-27,9.4182e-06,1.3567e-47,55.364055576117075,5.2455e-20,0.0019087,8.2585e-10,5.958800000000001e-19,6.130500000000001e-35,6.4222000000000004e-27,3.1512999999999997e-22,0.00094336,5.1478e-08,1.8725e-13,0.00035011,3.5354e-10,4.0552e-08,3.3175e-10,4.084e-13,7.9625e-17,2.2579e-20,6.355e-16,2.5643e-09,5.05,-4.12453,-3.93626,-2.37771,,,,0.948,0.948,1.2482636452e-14,0.0,0.0,0.00297293,0.0023035346275,-0.0023035346274,0.0023035346275,0.0496263,0.0046070692549,6.82602,-8.47879,-25.9127,-36.08014,-31.68023,-31.68795,-7.79407,1.99876,-14.52657,2.60594,-150.10799,-47.35009,-0.06159,-43.81304,-1.98889,-0.68148,0.000681333,0.000395006,0.0466388,0.04855,0.000943415,0.000350114,,4.34488e-08
F_5.00,5,1.1958424984549831,10.4,1.12E+01,5.40E+00,1.40E+01,2.73E+01,9.60E+01,9.00E-03,6.6076e-51,0.052324,7.3295e-09,0.00066934,4.9789e-09,9.753e-08,2.0975e-11,1.1889e-05,1.6208e-12,0.00039486,1.4524e-21,9.8777e-32,2.4818e-27,2.4381e-27,1.0567e-05,1.3565e-47,55.364055576117075,5.245e-20,0.0019087,9.2662e-10,6.6859e-19,6.8785e-35,5.7232e-27,2.2449e-22,0.00094221,5.1415e-08,1.6667e-13,0.00035011,3.1506e-10,4.0814e-08,3.3389e-10,4.1104e-13,8.014e-17,2.2725e-20,5.0801e-16,2.3e-09,5.0,-4.1894,-4.00113,-2.43895,,,,0.951,0.951,1.24962974e-14,0.0,0.0,0.00297292,0.0023035327874,-0.0023035327874,0.0023035327874,0.0553214,0.0046070655747,6.72602,-8.42879,-25.8627,-36.03014,-31.63023,-31.63795,-7.74407,1.94823,-14.52662,2.50874,-150.05803,-47.30004,-0.01154,-43.81308,-1.98893,-0.68148,0.000681333,0.000395006,0.052335,0.054245,0.000942262,0.000350114,,4.34488e-08
