Sample,Year,Area,pH_(input),Temperature,Na+_(input),Mg+2_(input),K+_(input),Ca+2_(input),HCO3-_(input),Cl-_(input),SO4-2_(input),Br-_(input),SiO2_(input),Be+2_(input),Al+3_(input),VO+2_(input),CrO4-2_(input),Mn+2_(input),Fe+2_(input),Co+2_(input),Ni+2_(input),Cu+2_(input),Zn+2_(input),H2AsO4-_(input),SeO3-2_(input),Sr+2_(input),Cd+2_(input),SbO2-_(input),Ba+2_(input),Pressure,Al+3,AlO+,AlO2-,AlOH+2,AsO2-,AsO4-3,Ba(CO3),Ba(HCO3)+,Ba+2,BaCl+,BaOH+,Be+2,BeCl+,BeCl2,BeO,BeO2-2,BeOH+,Br-,Br3-,BrO-,BrO3-,BrO4-,Ca(CO3),Ca(HCO3)+,Ca(HSiO3)+,Ca+2,CaCl+,CaCl2,CaOH+,CaSO4,Cd+2,CdCl+,CdCl2,CdCl3-,CdCl4-2,CdO,CdO2-2,CdOH+,Cl-,ClO-,ClO2-,ClO3-,ClO4-,CO,Co+2,Co+3,CO2,CO3-2,CoCl+,CoO,CoO2-2,CoOH+,CoOH+2,Cr+2,Cr+3,Cr2O7-2,CrO+,CrO2-,CrO4-2,CrOH+2,Cu+,Cu+2,CuCl,CuCl+,CuCl2,CuCl2-,CuCl3-,CuCl3-2,CuCl4-2,CuO,CuO2-2,CuOH+,Fe+2,Fe+3,FeCl+,FeCl2,FeO,FeO+,FeO2-,FeOH+,FeOH+2,H+,H2,H2AsO3-,H2AsO4-,H2O,H2O2,H2SeO3,H2VO4-,H3VO4,HAlO2,HAsO2,HAsO4-2,HBeO2-,HBrO,HCdO2-,HCl,HClO,HCO3-,HCoO2-,HCrO2,HCrO4-,HCuO2-,HFeO2,HFeO2-,HMnO2-,HNiO2-,HO2-,HSbO2,HSe-,HSeO3-,HSeO4-,HSiO3-,HSO3-,HSO4-,HSO5-,HVO4-2,HZnO2-,K+,KBr,KCl,KHSO4,KOH,KSO4-,Mg(CO3),Mg(HCO3)+,Mg(HSiO3)+,Mg+2,MgCl+,MgOH+,MgSO4,Mn+2,Mn+3,MnCl+,MnO,MnO2-2,MnO4-,MnO4-2,MnOH+,MnSO4,Na+,NaBr,NaCl,NaHSiO3,NaOH,NaSO4-,Ni+2,NiCl+,NiO,NiO2-2,NiOH+,O2,OH-,S2O5-2,S2O6-2,S2O8-2,SbO2-,SeO3-2,SeO4-2,SiO2,SO2,SO3-2,SO4-2,Sr(CO3),Sr(HCO3)+,Sr+2,SrCl+,SrOH+,V+2,V+3,VO+,VO+2,VO2+,VO4-3,VOH+,VOH+2,Zn+2,ZnCl+,ZnCl2,ZnCl3-,ZnO,ZnO2-2,ZnOH+,pH,albite,"albite,high","albite,low",alunite,analcime,"analcime,dehydrated",andalusite,andradite,anhydrite,anorthite,anthophyllite,antigorite,aragonite,artinite,barite,boehmite,brucite,bunsenite,calcite,celestite,chalcedony,chrysotile,"clinochlore,14a",clinozoisite,coesite,corundum,cristobalite,"cristobalite,alpha","cristobalite,beta",diaspore,diopside,dolomite,enstatite,epidote,"epidote,ordered",forsterite,gibbsite,goethite,halite,hematite,huntite,jadeite,K-feldspar,kalsilite,kaolinite,kyanite,laumontite,lawsonite,magnesite,magnetite,malachite,margarite,"microcline,maximum",muscovite,nepheline,nesquehonite,None,paragonite,phlogopite,prehnite,pyrophyllite,quartz,rhodochrosite,"sanidine,high",sepiolite,siderite,sillimanite,smithsonite,spinel,strontianite,sylvite,talc,tenorite,tremolite,wairakite,wollastonite,zoisite,charge imbalance,charge imbalance % of mean charge,charge imbalance % of total charge,ionic strength,mean charge,sigma(mz) anions,sigma(mz) cations,stoichiometric ionic strength,total charge,CH4(g),CO(g),CO2(g),H2(g),H2O(g),H2S(g),O2(g),S2(g),SO2(g),Al+3_total,Ba+2_total,Be+2_total,Br-_total,Ca+2_total,Cd+2_total,Cl-_total,Co+2_total,CrO4-2_total,Cu+2_total,Fe+2_total,H+_total,H2AsO4-_total,HCO3-_total,K+_total,Mg+2_total,Mn+2_total,Na+_total,Ni+2_total,OH-_total,SbO2-_total,SeO3-2_total,SiO2_total,SO4-2_total,Sr+2_total,VO+2_total,Zn+2_total
,,,pH,degC,Molality,Molality,Molality,Molality,Molality,Molality,Molality,Molality,Molality,Molality,Molality,Molality,Molality,Molality,Molality,Molality,Molality,Molality,Molality,Molality,Molality,Molality,Molality,Molality,Molality,bar,molality,molality,molality,molality,molality,molality,molality,molality,molality,molality,molality,molality,molality,molality,molality,molality,molality,molality,molality,molality,molality,molality,molality,molality,molality,molality,molality,molality,molality,molality,molality,molality,molality,molality,molality,molality,molality,molality,molality,molality,molality,molality,molality,molality,molality,molality,molality,molality,molality,molality,molality,molality,molality,molality,molality,molality,molality,molality,molality,molality,molality,molality,molality,molality,molality,molality,molality,molality,molality,molality,molality,molality,molality,molality,molality,molality,molality,molality,molality,molality,molality,molality,molality,molality,molality,molality,molality,molality,molality,molality,molality,molality,molality,molality,molality,molality,molality,molality,molality,molality,molality,molality,molality,molality,molality,molality,molality,molality,molality,molality,molality,molality,molality,molality,molality,molality,molality,molality,molality,molality,molality,molality,molality,molality,molality,molality,molality,molality,molality,molality,molality,molality,molality,molality,molality,molality,molality,molality,molality,molality,molality,molality,molality,molality,molality,molality,molality,molality,molality,molality,molality,molality,molality,molality,molality,molality,molality,molality,molality,molality,molality,molality,molality,molality,molality,molality,molality,molality,molality,molality,molality,molality,molality,molality,molality,molality,molality,molality,molality,molality,molality,molality,molality,pH,affinity_kcal,affinity_kcal,affinity_kcal,affinity_kcal,affinity_kcal,affinity_kcal,affinity_kcal,affinity_kcal,affinity_kcal,affinity_kcal,affinity_kcal,affinity_kcal,affinity_kcal,affinity_kcal,affinity_kcal,affinity_kcal,affinity_kcal,affinity_kcal,affinity_kcal,affinity_kcal,affinity_kcal,affinity_kcal,affinity_kcal,affinity_kcal,affinity_kcal,affinity_kcal,affinity_kcal,affinity_kcal,affinity_kcal,affinity_kcal,affinity_kcal,affinity_kcal,affinity_kcal,affinity_kcal,affinity_kcal,affinity_kcal,affinity_kcal,affinity_kcal,affinity_kcal,affinity_kcal,affinity_kcal,affinity_kcal,affinity_kcal,affinity_kcal,affinity_kcal,affinity_kcal,affinity_kcal,affinity_kcal,affinity_kcal,affinity_kcal,affinity_kcal,affinity_kcal,affinity_kcal,affinity_kcal,affinity_kcal,affinity_kcal,affinity_kcal,affinity_kcal,affinity_kcal,affinity_kcal,affinity_kcal,affinity_kcal,affinity_kcal,affinity_kcal,affinity_kcal,affinity_kcal,affinity_kcal,affinity_kcal,affinity_kcal,affinity_kcal,affinity_kcal,affinity_kcal,affinity_kcal,affinity_kcal,affinity_kcal,affinity_kcal,affinity_kcal,%,%,eq/kg.H2O,molality,eq/kg.H2O,eq/kg.H2O,eq/kg.H2O,eq/kg.H2O,molality,log_fugacity,log_fugacity,log_fugacity,log_fugacity,log_fugacity,log_fugacity,log_fugacity,log_fugacity,log_fugacity,molality,molality,molality,molality,molality,molality,molality,molality,molality,molality,molality,molality,molality,molality,molality,molality,molality,molality,molality,molality,molality,molality,molality,molality,molality,molality,molality
DN13CB11,-2147483648,-2147483648,6.22,73.3,0.050631218,0.000112734,0.004156191,0.001746594,0.012776809,0.041406933,0.00039975,0.0,0.002812839,6.17e-07,0.0,4.53e-08,0.0,8.06e-06,8.04e-06,0.0,0.0,2.68e-08,0.0,2.21e-05,3.8e-08,0.0,0.0,2.96e-07,4.7e-06,1.0,,,,,6.873000000000001e-27,2.374e-10,1.7631e-09,5.0026e-07,4.139e-06,5.8913e-08,1.3721e-11,2.711e-08,1.1691e-10,4.0614e-12,3.0595e-08,6.207e-17,5.5911e-07,,,,,,3.2711e-06,8.0386e-05,4.5989e-08,0.0016143,2.8654e-05,1.9336e-07,1.614e-08,1.9723e-05,,,,,,,,,0.041047,3.2419000000000003e-20,1.1737000000000001e-31,3.6059e-31,1.1365e-34,2.3426e-39,,,0.0059772,1.6804e-06,,,,,,,,,,,,,2.349e-15,2.0146e-08,6.6572e-15,1.3123e-09,3.2433e-12,6.4045e-14,2.1424e-15,3.4289e-15,2.1551e-19,2.5481e-09,2.2987e-20,2.7903e-09,6.9486e-13,5.8889e-15,1.331e-14,8.45e-22,1.9445e-18,6.5644e-07,3.9483e-08,5.5449e-15,3.2453e-10,7.2618e-07,1.9108e-35,6.8126e-27,1.4287e-05,56.7165708547245,1.6423000000000003e-19,3.2773e-18,4.1753e-08,6.466e-11,,1.3969e-24,7.8128e-06,6.5341e-11,,,3.1052e-09,3.1613000000000004e-19,0.006708,,,,3.4746e-14,7.3438e-06,2.3122e-20,2.7261e-18,,3.1767e-24,2.9597e-07,1.5596e-72,1.0552e-14,3.4461e-12,4.1668e-06,1.2154e-38,4.0625e-08,5.3098e-29,3.4824e-09,,0.0041493,,1.0511e-06,1.4448e-13,5.7885e-10,5.8382e-06,6.8542e-08,5.6302e-06,4.4397e-09,0.00010312,2.0672e-06,7.8336e-09,1.8379e-06,7.6001e-06,4.3037000000000004e-19,3.7954e-07,5.0225e-13,1.0535e-23,2.7948e-16,4.8233e-19,4.7524e-09,7.5653e-08,0.050249,,0.00032778,3.1225e-06,8.2547e-09,5.1773e-05,,,,,,7.9264e-10,3.8451e-07,2.5640999999999997e-81,1.9903e-58,1.2089e-42,2.651e-11,1.7417e-15,3.7997e-08,0.0028055,1.5312e-42,1.0796e-39,0.00032046,,,,,,4.426399999999999e-53,1.486e-39,4.5324999999999995e-32,2.8278e-22,1.3048e-14,3.5143e-15,8.8454e-53,5.7283e-35,,,,,,,,6.22,,,,,,,,3.17134,-3.3127,,,,-0.78317,,-0.17684,,-8.70502,,-0.55625,,0.83812,,,,0.09136,,0.48145,0.48145,-0.05995,,-8.21485,-0.76379,-5.75891,,,,,7.73472,-7.13685,16.64812,-9.76194,,,,,,,,-2.39186,3.45618,-6.00399,,,,,-8.02334,,,,,,1.2081,-1.86196,,,,,,,,-8.19879,-4.65249,-2.72933,,,-7.99697,,0.0094848038562,17.8174,8.9087,0.0552927,0.053233526734,-0.048491124806,0.057975928662,0.0620287,0.10646705347,-109.91328,-35.46668,-0.33423,-31.57768,-0.52888,-106.94417,-6,-172.22237,-41.40699,,4.7e-06,6.17e-07,,0.00174659,,0.0414069,,,2.68e-08,8.04e-06,0.00594146,2.21e-05,0.0127768,0.00415619,0.000112734,8.06e-06,0.0506312,,,2.96e-07,3.8e-08,0.00281284,0.00039975,,4.53e-08,
DN13CB14,-2147483648,-2147483648,6.26,78.3,0.01874312,5.02e-05,0.000718701,0.000736065,0.008010908,0.007954193,0.001540704,0.0,0.001741112,4.21e-07,1.11e-06,0.0,0.0,1.41e-06,7.14e-06,0.0,0.0,0.0,9.02e-08,2e-05,0.0,0.0,0.0,1.78e-07,6.7e-07,1.0,9.1874e-14,2.2584e-09,7.9527e-07,2.2884e-11,1.6937e-26,1.3959e-10,2.8838e-10,6.9364e-08,5.9792e-07,2.4284e-09,4.0254e-12,1.2513e-08,3.118e-11,3.0626e-13,2.9372e-08,8.2341e-17,3.7901e-07,,,,,,1.4313e-06,2.7623e-05,1.7409e-08,0.00064255,3.1016e-06,4.5921e-09,1.2314e-08,6.1329e-05,,,,,,,,,0.0079221,8.465999999999999e-21,3.7694e-32,9.650299999999999e-32,2.6728e-35,6.2884e-39,,,0.0037672,9.7145e-07,,,,,,,,,,,,,,,,,,,,,,,,,3.6768e-13,1.4225e-15,1.8783e-15,4.4422e-23,2.8084e-18,3.9584e-07,4.5842e-08,4.9933e-15,1.2119e-10,6.2838e-07,7.937800000000001e-35,1.7007e-26,1.3624e-05,56.8914654578721,2.5947e-19,,,,3.1245e-07,3.0374e-24,6.3759e-06,7.3507e-11,,,5.9512e-10,7.7796e-20,0.0042117,,,,,6.6982e-06,3.8474e-20,1.6255e-18,,5.7562e-24,1.7798e-07,,,,2.8956e-06,2.502e-37,2.2896e-07,5.3684999999999995e-28,,5.5926e-14,0.00071256,,4.6096e-08,1.8866e-13,1.5729e-10,6.0974e-06,2.8666e-08,1.9223e-06,1.6293e-09,4.2357e-05,2.1569e-07,5.6297e-09,5.6687e-06,1.2877e-06,3.7185e-20,1.8581e-08,2.3845e-13,7.3199e-24,1.2464e-16,2.0676e-19,1.4198e-09,1.0231e-07,0.018597,,2.8696e-05,8.5908e-07,4.6492e-09,0.0001162,,,,,,7.8756e-10,4.938e-07,8.8972e-79,2.5696000000000002e-56,6.674e-41,1.8626e-11,,,0.0017373,3.5415000000000005e-41,1.7588e-38,0.0013511,,,,,,,,,,,,,,3.2105e-08,4.3446e-09,1.7256e-11,2.9779e-14,5.6044e-11,3.0772e-19,5.3677e-08,6.26,1.47944,-0.1702,1.47944,-6.66738,0.37346,-5.87716,-1.34163,1.39957,-2.49187,-5.16651,,,-1.35728,,-0.15088,-0.31132,-8.79311,,-1.12704,,0.44024,,,-5.80033,-0.30785,-3.27509,0.08609,0.08609,-0.45005,0.67223,-9.1496,-1.88164,-6.20034,4.04082,4.03509,,1.25431,7.57529,-8.96935,16.37876,,-1.96012,2.90686,-3.00203,5.48746,-1.09124,1.99044,-0.71029,-2.93503,3.16482,,-0.68982,2.91942,8.42055,-4.2777,-8.80767,,5.70764,-7.44251,-4.66866,5.23144,0.81021,-3.06387,1.4653,,,-1.78879,-5.62764,,,,-6.44296,,,-2.7671,-8.48127,-5.85598,0.0057270215743,32.076,16.038,0.0198998,0.017854512305,-0.014991001518,0.020718023092,0.0242702,0.03570902461,-108.19023,-35.03629,-0.51112,-30.96771,-0.4379,-104.33577,-6,-167.85944,-40.00003,1.11e-06,6.7e-07,4.21e-07,,0.000736065,,0.00795419,,,,7.14e-06,0.00373658,2e-05,0.00801091,0.000718701,5.02e-05,1.41e-06,0.0187431,,,1.78e-07,,0.00174111,0.0015407,,,9.02e-08
DNCB15-07,-2147483648,-2147483648,6.39,72.6,0.0,0.0,0.0,0.0,0.0,0.041406933,0.0,3.73e-05,0.0,0.0,0.0,0.0,0.0,0.0,0.0,0.0,0.0,0.0,0.0,0.0,0.0,0.0,0.0,0.0,0.0,1.0,,,,,,,,,,,,,,,,,,3.73e-05,2.5471000000000004e-25,7.381e-20,2.4799e-34,8.6912e-53,,,,,,,,,,,,,,,,,0.041407,3.1621e-20,1.1116e-31,3.5051e-31,1.1148e-34,,,,,,,,,,,,,,,,,,,,,,,,,,,,,,,,,,,,,,,4.6602e-07,1.5784e-35,,,56.6927520793215,1.5407000000000002e-19,,,,,,,,4.0546e-18,,2.2731e-09,2.2328000000000004e-19,,,,,,,,,,4.07e-24,,,,,,,,,,,,,,,,,,,,,,,,,,,,,,,,,,,,,,,,,,,,8.0172e-10,5.1259e-07,,,,,,,,,,,,,,,,,,,,,,,,,,,,,,,6.39,,,,,,,,,,,,,,,,,,,,,,,,,,,,,,,,,,,,,,,,,,,,,,,,,,,,,,,,,,,,,,,,,,,,,,,,,,,,,,-0.041444244294,-199.9955,-99.9978,0.0207226,0.02072258817,-0.041444710317,4.6602285811e-07,0.0207221,0.04144517634,,,,-31.66399,-0.54127,,-6,,,,,,3.73e-05,,,0.0414069,,,,,,,,,,,,,4.42939e-08,,,,,,,
DNCB15-08,-2147483648,-2147483648,6.4,69.9,0.056546893,0.000183501,0.005087178,0.002849444,0.013199643,0.058669224,0.000479908,5.11e-05,0.0,1.36e-06,7.41e-08,0.0,0.0,1.03e-05,1.99e-05,0.0,0.0,0.0,1.04e-07,2.47e-05,2.91e-08,5.82e-05,0.0,3.32e-07,6.38e-06,1.0,1.1862e-14,1.5293e-10,5.5439e-08,2.2016e-12,3.2283000000000002e-27,5.9202e-10,3.668e-09,7.0143e-07,5.5778e-06,9.7115e-08,1.9933e-11,4.5025e-08,1.4175e-10,5.73e-12,8.7938e-08,3.2646e-16,1.2266e-06,5.096e-05,5.791900000000001e-25,9.3528e-20,2.9187e-34,8.175899999999999e-53,8.2489e-06,0.0001442,,0.0026072,5.8018e-05,5.4329e-07,2.9014e-08,3.1204e-05,,,,,,,,,0.058122,3.7288e-20,1.1689e-31,4.0788e-31,1.403e-34,6.736399999999999e-40,,,0.0047309,3.2485e-06,,,,,,,,,,,,,,,,,,,,,,,,,8.7527e-13,7.235e-15,2.1307e-14,1.2973e-21,3.5605e-18,1.3195e-06,1.3152e-07,8.4519e-15,5.1088e-10,4.8574e-07,7.1081e-36,3.1827e-27,1.3059e-05,56.6023071259102,1.1934e-19,7.0244e-19,,,1.8506e-08,4.588300000000001e-25,1.164e-05,2.6391e-10,4.7998e-18,,2.8365e-09,2.4223000000000004e-19,0.0082919,,,,,1.8448e-05,6.015e-20,6.5804e-18,,3.2807e-24,3.3196e-07,8.6852e-74,3.6238e-15,1.4904e-12,,3.2453e-39,2.6782e-08,2.3319e-29,,5.2339e-14,0.0050781,6.6565e-09,1.6086e-06,1.0139e-13,8.6063e-10,7.4791e-06,1.7877e-07,1.0168e-05,,0.0001659,4.3046e-06,1.4734e-08,2.9309e-06,9.6229e-06,4.674500000000001e-19,5.7757e-07,9.068e-13,3.3383e-23,8.2608e-16,2.1405e-18,7.1e-09,9.2435e-08,0.056006,1.3309e-07,0.00048066,,1.1456e-08,6.0334e-05,,,,,,8.0046e-10,5.0365e-07,1.9615e-82,3.0343999999999997e-59,3.3358e-43,4.1888e-11,9.7962e-16,2.9099e-08,,2.4123e-43,4.9572999999999995e-40,0.00037784,5.5645e-08,1.0036e-05,4.7009e-05,1.0989e-06,2.1301e-10,,,,,,,,,4.2289e-08,1.9552e-08,4.8698e-10,6.7168e-12,4.1099e-11,3.8612e-19,4.1625e-08,6.4,,,,,,,,,-3.01752,,,,-0.15293,,0.06072,-2.11361,-8.02218,,0.07177,-2.73954,,,,,,-6.93536,,,,-1.10358,,0.47742,,,,,-0.43868,8.43099,-6.78637,18.00686,-7.31036,,,,,,,,-1.78133,5.41729,,,,,,-7.25546,,,,,,,-1.37653,,,,,-5.11051,,0.02747,-7.74729,,,,,,,-0.00034470788223,-0.5133,-0.2566,0.0703875,0.067159346006,-0.067331699947,0.066986992065,0.0763418,0.13431869201,-111.35891,-36.0104,-0.45437,-32.00317,-0.59238,-108.61561,-6,-174.96949,-42.24032,7.41e-08,6.38e-06,1.36e-06,5.11e-05,0.00284944,,0.0586692,,,,1.99e-05,0.00466743,2.47e-05,0.0131996,0.00508718,0.000183501,1.03e-05,0.0565469,,,3.32e-07,2.91e-08,,0.000479908,5.82e-05,,1.04e-07
DNCB15-09,-2147483648,-2147483648,6.64,69.9,0.0,0.0,0.0,0.0,0.0,0.0,0.0,0.0,0.0,0.0,0.0,0.0,0.0,0.0,0.0,0.0,0.0,0.0,0.0,0.0,0.0,0.0,0.0,0.0,0.0,1.0,,,,,,,,,,,,,,,,,,,,,,,,,,,,,,,,,,,,,,,,,,,,,,,,,,,,,,,,,,,,,,,,,,,,,,,,,,,,,,,,,,2.2929e-07,7.252599999999999e-36,,,56.6023071259102,1.1962e-19,,,,,,,,,,,,,,,,,,,,,4.5612e-24,,,,,,,,,,,,,,,,,,,,,,,,,,,,,,,,,,,,,,,,,,,,8.1487e-10,6.8796e-07,,,,,,,,,,,,,,,,,,,,,,,,,,,,,,,6.64,,,,,,,,,,,,,,,,,,,,,,,,,,,,,,,,,,,,,,,,,,,,,,,,,,,,,,,,,,,,,,,,,,,,,,,,,,,,,,-4.5867466621e-07,-100.0112,-50.0056,4.58623e-07,4.586232201e-07,-6.8796055321e-07,2.29285887e-07,2.29337e-07,9.172464402e-07,,,,-32.00218,-0.59138,,-6,,,,,,,,,,,,,,,,,,,,,,4.58675e-07,,,,,,,
DNCB15-9b,-2147483648,-2147483648,6.4,78.0,0.0,0.0,0.0,0.0,0.0,0.007925987,0.0,1.26e-05,0.0,0.0,0.0,0.0,0.0,0.0,0.0,0.0,0.0,0.0,0.0,0.0,0.0,0.0,0.0,0.0,0.0,1.0,,,,,,,,,,,,,,,,,,1.26e-05,9.1933e-27,2.888e-20,1.1207e-34,6.0869e-53,,,,,,,,,,,,,,,,,0.007926,8.365399999999999e-21,3.6793e-32,9.5217e-32,2.6429000000000003e-35,,,,,,,,,,,,,,,,,,,,,,,,,,,,,,,,,,,,,,,4.2719e-07,7.3352e-35,,,56.8809413699193,2.5271000000000004e-19,,,,,,,,1.5631e-18,,4.6551e-10,5.996400000000001e-20,,,,,,,,,,7.1541e-24,,,,,,,,,,,,,,,,,,,,,,,,,,,,,,,,,,,,,,,,,,,,7.915e-10,6.2293e-07,,,,,,,,,,,,,,,,,,,,,,,,,,,,,,,6.4,,,,,,,,,,,,,,,,,,,,,,,,,,,,,,,,,,,,,,,,,,,,,,,,,,,,,,,,,,,,,,,,,,,,,,,,,,,,,,-0.0079387852751,-199.9785,-99.9892,0.00396982,0.0039698198295,-0.007939212467,4.2719196037e-07,0.00396939,0.007939639659,,,,-31.00352,-0.44301,,-6,,,,,,1.26e-05,,,0.00792599,,,,,,,,,,,,,1.95275e-07,,,,,,,
DNCB15-10,-2147483648,-2147483648,6.84,88.9,0.024445657,7.32e-05,0.001227675,0.001167972,0.010603637,0.01317519,0.00196752,1.53e-05,0.0,9.59e-07,4.45e-07,0.0,0.0,2e-06,1.09e-05,0.0,0.0,0.0,9.33e-08,3.52e-05,0.0,2.9e-05,0.0,3.24e-07,1.12e-06,1.0,5.039e-17,4.0416e-11,4.14e-07,7.6778e-14,1.0864e-25,2.3289e-09,3.6633e-09,2.4753e-07,8.6219e-07,6.5691e-09,4.5896e-11,4.6099e-09,1.0547e-10,2.6057e-12,2.7443e-07,2.8874e-14,6.7636e-07,1.5274e-05,1.3414000000000001e-27,4.6456000000000003e-20,2.3776e-34,3.0086999999999996e-52,1.8631e-05,8.6838e-05,,0.00095042,8.2911e-06,1.8414e-08,1.3653e-07,0.00010363,,,,,,,,,0.013101,2.5328e-20,1.7161e-31,3.0403e-31,6.6206e-35,6.642499999999999e-38,,,0.0020654,8.113e-06,,,,,,,,,,,,,,,,,,,,,,,,,3.718e-14,1.5053e-17,3.3008e-16,3.4141e-23,1.1307e-17,1.0367e-07,4.2852e-07,2.9844e-15,6.8288e-12,1.6905e-07,1.3942000000000001e-33,1.0959e-25,1.2512e-05,57.2913216296787,6.507100000000001e-19,,,,3.0956e-08,4.0567e-24,2.2685e-05,3.4936e-09,7.395300000000001e-19,,2.6276e-10,5.6556e-20,0.0084086,,,,,1.0368e-05,7.581100000000001e-19,5.4177e-16,,6.9314e-23,3.2383e-07,,,,,1.4346999999999999e-36,9.5465e-08,7.3612e-28,,2.0911e-12,0.0012147,7.6649e-10,1.5612e-07,1.721e-13,1.7041e-09,1.2811e-05,3.2345e-07,5.6685e-06,,5.7693e-05,5.09e-07,5.2909e-08,8.9532e-06,1.7679e-06,9.0407e-21,5.2164e-08,1.3685e-11,1.7555e-20,2.3136e-14,1.8644e-16,1.2345e-08,1.6756e-07,0.024192,2.5049e-08,6.489e-05,,3.6293e-08,0.00018859,,,,,,7.7242e-10,3.0288e-06,2.8344000000000003e-77,1.1064e-55,5.1668e-41,1.6761e-10,,,,7.1278e-41,3.3171e-37,0.0016533,1.4939e-07,9.5986e-06,1.9074e-05,1.7721e-07,1.2184e-09,,,,,,,,,6.7794e-09,2.3684e-09,1.4256e-11,3.6611e-14,4.4486e-10,6.8017e-17,8.3691e-08,6.84,,,,,,,,,-2.02016,,,,0.48849,,0.05655,-2.11534,-6.20768,,0.72591,-1.84809,,,,,,-6.80945,,,,-1.16501,,1.83667,,,,,-0.69159,7.70593,-8.71152,16.74796,-4.45259,,,,,,,,-1.06158,3.95541,,,,,,-7.48785,,,,,,,-1.35698,,,,,-5.28454,,0.53007,,,,,,,,0.0024681514597,9.3685,4.6843,0.029059,0.026345074836,-0.025110999106,0.027579150566,0.0322528,0.052690149673,-104.56025,-34.01655,-0.7206,-29.73556,-0.25631,-101.52096,-6,-163.95251,-39.6142,4.45e-07,1.12e-06,9.59e-07,1.53e-05,0.00116797,,0.0131752,,,,1.09e-05,0.00198763,3.52e-05,0.0106036,0.00122767,7.32e-05,2e-06,0.0244457,,,3.24e-07,,,0.00196752,2.9e-05,,9.33e-08
DN13CB04,-2147483648,-2147483648,6.32,17.6,0.0,0.0,0.0,0.0,0.0,0.0,0.0,0.0,0.0,0.0,0.0,0.0,0.0,0.0,0.0,0.0,0.0,0.0,0.0,0.0,0.0,0.0,0.0,0.0,0.0,1.0,,,,,,,,,,,,,,,,,,,,,,,,,,,,,,,,,,,,,,,,,,,,,,,,,,,,,,,,,,,,,,,,,,,,,,,,,,,,,,,,,,4.7891e-07,1.1734e-43,,,55.4200460598778,3.1181e-22,,,,,,,,,,,,,,,,,,,,,9.4992e-28,,,,,,,,,,,,,,,,,,,,,,,,,,,,,,,,,,,,,,,,,,,,1.4731e-09,1.1448e-08,,,,,,,,,,,,,,,,,,,,,,,,,,,,,,,6.32,,,,,,,,,,,,,,,,,,,,,,,,,,,,,,,,,,,,,,,,,,,,,,,,,,,,,,,,,,,,,,,,,,,,,,,,,,,,,,4.6745768575e-07,190.6613,95.3307,2.45177e-07,2.451769662e-07,-1.1448123326e-08,4.7890580908e-07,2.33729e-07,4.903539324e-07,,,,-39.85121,-1.78643,,-6,,,,,,,,,,,,,,4.67458e-07,,,,,,,,,,,,,,,
DN13CB05,-2147483648,-2147483648,6.56,20.4,0.215226173,0.001974902,0.017750132,0.008233944,0.034465918,0.20785265,0.000166563,0.0,0.0,1.14e-07,1.52e-06,1.2e-07,8.27e-09,7.48e-06,0.000221058,0.0,1.87e-08,2.61e-07,0.0,2.81e-05,9.5e-08,0.0,0.0,2.46e-09,8.18e-06,1.0,1.4347e-09,6.9971e-08,7.3972e-07,1.7992e-08,2.5517e-32,1.1083e-09,2.0936e-09,4.6278e-07,7.5889e-06,1.2619e-07,1.8431e-13,1.5306e-08,5.5856e-15,6.3772e-17,9.9475e-10,4.6762e-20,9.7699e-08,,,,,,1.0928e-05,0.00060824,,0.0073671,0.0002274,1.1438e-05,9.9483e-10,8.8718e-06,,,,,,,,,0.20397,3.7389e-21,1.005e-33,3.2142999999999997e-32,4.9857e-35,4.3962e-47,,,0.010791,8.4187e-06,,,,,,1.1856000000000001e-45,2.9994e-24,4.4089e-16,2.4861999999999997e-22,2.8609000000000002e-27,6.2022e-09,1.3278e-22,3.698e-18,2.2171e-07,9.0008e-17,3.5203e-08,3.0148e-10,2.0106e-14,1.6359e-12,2.4495e-14,3.9636e-15,7.881e-10,4.3707e-23,3.0006e-09,1.8076e-11,4.6924e-11,7.8015e-13,4.241899999999999e-22,1.3e-19,0.00012764,8.7763e-08,9.6346e-15,3.7873e-07,3.5266e-07,3.3290999999999998e-43,2.4221999999999998e-32,1.0465e-05,55.4505835796223,4.5e-22,2.3479999999999996e-21,1.1071e-07,1.6037e-10,6.9088e-07,1.0328e-29,1.7634e-05,1.0658e-12,,,8.5153e-09,3.0194e-20,0.022882,,1.7964e-24,2.0678e-09,4.3449e-16,9.295e-05,8.5829e-22,7.1628e-22,1.2875e-20,3.6308e-27,2.4599e-09,1.6452e-89,3.1593e-17,6.9869e-13,,2.0697e-47,1.0191e-09,9.5261e-34,9.1262e-09,,0.017742,,4.472e-06,2.7082e-15,1.0131e-10,3.8938e-06,1.413e-06,0.00016307,,0.0017133,9.3941e-05,4.3201e-09,3.2072e-06,7.1807e-06,7.1783e-18,2.9382e-07,7.771e-16,1.4497e-28,3.008e-18,3.0485999999999996e-21,1.782e-10,5.3395e-09,0.21166,,0.0035344,,2.2784e-09,3.1621e-05,1.8603e-08,9.7005e-11,4.0641e-17,7.363200000000001e-27,2.6614e-13,1.3167e-09,3.451e-08,1.3741000000000001e-98,3.0886000000000004e-70,1.0168e-49,9.7447e-14,1.5436e-17,9.4999e-08,,2.8548999999999996e-52,1.3385e-47,0.00011896,,,,,,6.4359e-60,1.1640000000000002e-41,3.6841e-36,4.7298e-22,1.5441e-13,8.2425e-15,2.1898999999999999e-60,3.6697e-38,,,,,,,,6.56,,,,1.19049,,,,,-3.87502,,,,0.09363,,-0.17062,1.26584,-9.02963,,0.28777,,,,,,,-0.48046,,,,2.43325,,1.38124,,,,,3.54529,10.61866,-4.34446,21.91321,-5.26788,,,,,,,,-1.13315,10.14067,-3.50804,,,,,-5.31156,,,,,,,-1.59128,,,-8.56033,,,,,-4.76702,,-2.55858,,,,,0.021626197752,9.0866,4.5433,0.24724,0.23800186231,-0.22718876344,0.24881496119,0.26411,0.47600372463,-134.36769,-43.39238,-0.53527,-39.36427,-1.71403,-132.65357,-6,-212.70908,-51.79683,1.52e-06,8.18e-06,1.14e-07,,0.00823394,,0.207853,,8.27e-09,2.61e-07,0.000221058,0.0104337,2.81e-05,0.0344659,0.0177501,0.0019749,7.48e-06,0.215226,1.87e-08,,2.46e-09,9.5e-08,,0.000166563,,1.2e-07,
DN13CB06,-2147483648,-2147483648,6.49,47.8,0.205047732,0.001571693,0.017647826,0.007111133,0.033269526,0.184836262,0.000884864,0.0,0.0,1.42e-07,1.74e-06,1.15e-07,6.15e-09,6.32e-06,0.000117647,0.0,1.53e-08,2.41e-07,0.0,0.000144231,8.74e-08,0.0,0.0,3.29e-09,4.03e-06,1.0,1.0484e-11,1.2346e-08,1.1674e-06,6.3383e-10,1.2752999999999998e-28,8.7818e-09,2.3881e-09,4.4512e-07,3.4997e-06,8.2793e-08,1.5094e-12,9.0521e-09,1.0293e-12,3.7701e-14,4.2106e-09,3.9831e-18,1.2873e-07,,,,,,2.2141e-05,0.00056035,,0.0062507,0.00022523,6.4914e-06,1.0702e-08,4.6198e-05,,,,,,,,,0.18093,2.6862e-20,3.0707e-32,2.6361000000000003e-31,1.6886e-34,1.1373e-42,,,0.0096383,1.1697e-05,,,,,,2.9876e-43,2.7436000000000003e-25,2.28e-16,4.7077999999999995e-22,1.5500000000000002e-25,4.2159e-09,4.2253e-23,5.0753e-16,1.9328e-07,6.6143e-15,2.9458e-08,2.1811e-10,5.117e-13,7.2812e-13,2.5314e-13,7.0385e-16,7.1946e-09,1.752e-20,1.0847e-08,7.7854e-12,7.1517e-13,3.3833e-13,4.6810999999999995e-21,2.2069e-18,2.1731e-05,3.246e-07,2.1119e-14,2.1331e-08,4.1581e-07,6.8536e-39,1.212e-28,5.5935e-05,55.9630337408115,1.2397e-20,7.8479e-20,1.0205e-07,1.1262e-10,5.5958e-07,2.3665e-26,8.8287e-05,9.0089e-12,,,6.7825e-09,1.6317e-19,0.022893,,2.9707e-23,1.9341e-09,3.5445e-14,9.557e-05,2.818e-20,1.1624e-19,5.9665e-19,2.4485000000000004e-25,3.2897e-09,4.4764e-80,6.9224e-16,1.4451e-12,,2.7402e-42,1.3141e-08,6.7727e-31,1.2841e-08,,0.017617,,8.0224e-06,7.3997e-14,7.7241e-10,2.2334e-05,2.0767e-06,0.00014181,,0.0013422,6.9855e-05,2.6305e-08,1.568e-05,5.863e-06,1.215e-18,4.2475e-07,3.2987e-14,2.2218e-25,6.1032e-17,1.5208e-19,1.0058e-09,3.1261e-08,0.20128,,0.0035847,,1.2796e-08,0.00018433,1.5211e-08,8.7947e-11,8.2964e-15,3.3913000000000004e-24,1.3577e-12,9.0094e-10,2.0264e-07,2.0917e-88,4.1466000000000003e-63,3.0121e-45,2.9125e-13,3.3438e-16,8.7399e-08,,8.4329e-47,1.0564e-42,0.00061627,,,,,,3.6339e-56,1.5399e-40,7.2770000000000005e-34,2.8883e-22,3.6691e-14,2.5265e-14,3.5212e-56,2.055e-36,,,,,,,,6.49,,,,-1.99977,,,,,-2.86462,,,,0.47164,,-0.19634,0.57177,-7.76395,-9.80842,0.68232,,,,,,,-1.70468,,,,1.65201,,2.38189,,,,,2.52484,9.95711,-4.93705,20.8454,-2.92396,,,,,,,,-0.50516,9.16848,-2.64295,,,,,-5.14967,,,,,,,-1.48111,,,-9.27502,,,,,-5.67513,,-1.66645,,,,,0.029597516941,13.4337,6.7168,0.22864,0.22032334832,-0.20552458985,0.23512210679,0.24452,0.44064669664,-120.54421,-38.83006,-0.29292,-35.00412,-1.04578,-118.21417,-6,-189.95829,-45.93239,1.74e-06,4.03e-06,1.42e-07,,0.00711113,,0.184836,,6.15e-09,2.41e-07,0.000117647,0.00929349,0.000144231,0.0332695,0.0176478,0.00157169,6.32e-06,0.205048,1.53e-08,,3.29e-09,8.74e-08,,0.000884864,,1.15e-07,
DN13CB07,-2147483648,-2147483648,5.03,38.4,0.003571154,0.000386752,0.000301803,0.000823394,0.004261122,0.002157786,9.99e-05,0.0,0.00057325,6.81e-08,0.0,0.0,0.0,1.99e-05,0.000153371,0.0,0.0,0.0,9.64e-08,3.16e-08,0.0,0.0,0.0,0.0,3.17e-07,1.0,,,,,7.3608e-33,4.1594e-16,1.9032e-13,8.3672e-10,3.1596e-07,2.0101e-10,3.7359e-15,4.3011e-08,1.7727e-14,8.535e-18,2.4648e-11,3.5784e-24,2.5065e-08,,,,,,2.3356e-09,1.6937e-06,1.5961e-10,0.0008154,7.6125e-07,5.0679e-10,3.8381e-11,5.5372e-06,,,,,,,,,0.0021553,1.6867999999999999e-22,1.2047e-34,1.5811e-33,1.2981e-36,1.604e-44,,,0.0040195,1.8964e-09,,,,,,,,,,,,,,,,,,,,,,,,,5.6954e-10,2.4699e-09,6.7211e-13,6.3037e-23,1.3415e-19,0.00013599,8.7962e-10,5.6799e-14,2.4437e-06,1.0078e-05,2.8976e-40,7.2935e-33,3.0842e-08,55.7488341173034,4.2894e-21,,,,,6.8206e-29,7.5777e-10,1.1143e-15,,,3.2091e-09,4.1923e-20,0.00023908,,,,,1.4937e-05,3.6807e-23,5.1907e-24,,1.7062e-27,,,,,2.4299e-08,9.6808e-43,9.2202e-08,1.2841000000000001e-30,,1.5295000000000002e-19,0.00030164,,2.2899e-09,1.1683e-14,3.1651e-13,1.5852e-07,4.433e-10,7.9569e-07,1.255e-10,0.00038199,4.7153e-07,2.0473e-10,3.4969e-06,1.9775e-05,6.756e-17,3.2398e-08,8.5062e-17,7.3688e-32,5.3179999999999995e-21,1.5299000000000002e-25,1.1339e-10,9.2125e-08,0.0035687,,1.2077e-06,3.5121e-09,5.6796e-12,1.2827e-06,,,,,,1.0548e-09,2.9895e-09,1.5527e-89,3e-63,1.5704e-44,,,,0.00057322,8.409799999999999e-46,6.7739e-45,8.924e-05,,,,,,,,,,,,,,9.5457e-08,5.1578e-10,8.8254e-13,7.6479e-16,6.2577e-15,7.2245e-27,4.2601e-10,5.03,,,,,,,,,-4.20654,,,,-5.19791,,-1.47236,,,,-4.993,,0.39801,,,,-0.34028,,0.02363,0.02363,-0.56208,,,-8.66836,,,,,,9.01911,-9.68204,18.87538,,,,,,,,,-5.88773,5.99626,,,,,,,,,,,,0.7682,-5.05163,,,,,-8.57074,,,,,,,,,,0.003885806622,86.0193,43.0096,0.00582668,0.0045173684804,-0.0025744651694,0.0064602717914,0.0100454,0.0090347369608,-125.42051,-40.71949,-0.78377,-36.41083,-1.25728,-120.10737,-6,-191.77133,-45.05487,,3.17e-07,6.81e-08,,0.000823394,,0.00215779,,,,0.000153371,0.0038638,3.16e-08,0.00426112,0.000301803,0.000386752,1.99e-05,0.00357115,,,,,0.00057325,9.99e-05,,,9.64e-08
DN13CB08b,-2147483648,-2147483648,6.22,47.6,0.046933921,0.000711788,0.004501474,0.003767653,0.015618649,0.038699123,0.001155528,0.0,0.001762475,1.83e-07,0.0,5.3e-08,0.0,3.28e-06,3.53e-06,0.0,0.0,2.68e-08,0.0,8.3e-06,3.04e-08,0.0,0.0,5.17e-08,1.81e-06,1.0,,,,,1.1125e-29,6.8122e-11,3.853e-10,1.1722e-07,1.679e-06,1.3376e-08,5.3945e-13,1.7546e-08,5.5801e-13,5.5557e-15,3.2271e-09,5.3486e-19,1.6222e-07,,,,,,3.892e-06,0.00016141,2.9233e-08,0.003469,3.9685e-05,3.1457e-07,4.1745e-09,9.3325e-05,,,,,,,,,0.038421,5.7612e-21,6.5222e-33,5.648199999999999e-32,3.5532000000000004e-35,7.7175e-43,,,0.007288,1.6358e-06,,,,,,,,,,,,,4.3911e-17,2.4268e-08,1.5748e-16,1.1757e-09,2.3873e-12,2.6651e-15,1.7366e-15,2.1689e-16,2.7623e-19,3.8964e-10,1.6542e-22,9.6434e-10,4.782e-13,6.5841e-14,6.604e-15,2.4502e-23,5.7947e-20,9.5803e-07,4.1979e-09,9.172e-16,1.1634e-09,7.2297e-07,6.7048e-39,1.0888e-29,5.2602e-06,55.9585073148045,1.2193e-20,1.4981000000000002e-19,5.0566e-08,1.151e-10,,4.3737e-27,3.0398e-06,3.3564e-12,,,3.0365e-09,7.2144e-20,0.0081309,,,,9.245e-16,2.5666e-06,3.5984e-22,1.2891e-20,,1.1636000000000002e-25,5.1698e-08,3.6769e-80,6.4397e-16,1.3657e-12,1.583e-06,1.0401000000000001e-41,5.3057e-08,2.6613e-30,2.3192e-09,,0.0044864,,5.7125e-07,9.7752e-14,1.2253e-10,1.4495e-05,2.8927e-07,3.2313e-05,9.2674e-09,0.00064436,9.7507e-06,8.142e-09,2.5057e-05,3.1465e-06,7.3250000000000005e-19,7.2165e-08,7.5554e-15,8.884300000000001e-27,6.8439e-18,6.2223999999999996e-21,3.8093e-10,6.1002e-08,0.046599,,0.00022734,1.8225e-06,1.8046e-09,0.00010615,,,,,,9.3889e-10,9.5561e-08,2.2593999999999996e-87,4.6949e-62,3.5523e-44,2.254e-12,1.1388e-16,3.0399e-08,0.001759,6.512599999999999e-46,1.4728e-42,0.00091639,,,,,,7.453400000000001e-56,3.3902999999999997e-40,1.1565e-33,6.0752999999999995e-22,6.096e-14,1.2725e-15,5.4433e-56,4.0444e-36,,,,,,,,6.22,,,,,,,,0.98356,-2.41717,,,,-0.63666,,0.20158,,-8.82141,,-0.4261,,0.92095,,,,0.18055,,0.55125,0.55125,-0.02143,,-9.10442,0.01387,-6.01745,,,,,7.65566,-6.69066,16.23709,-7.81214,,,,,,,,-1.76492,2.25139,-6.54764,,,,,-6.39306,,,,,,1.29108,-2.60897,,,,,,,,-7.35031,-4.99251,-3.52223,,,-8.67483,,0.011044837031,20.4366,10.2183,0.0590836,0.054044267549,-0.048521849033,0.059566686065,0.0678035,0.1080885351,-120.77036,-38.99916,-0.43313,-35.03086,-1.04782,-117.38375,-6,-188.26134,-45.04704,,1.81e-06,1.83e-07,,0.00376765,,0.0386991,,,2.68e-08,3.53e-06,0.00727,8.3e-06,0.0156186,0.00450147,0.000711788,3.28e-06,0.0469339,,,5.17e-08,3.04e-08,0.00176247,0.00115553,,5.3e-08,
DN13CB09,-2147483648,-2147483648,5.89,46.4,0.0564164,0.000401975,0.004450321,0.001282499,0.008817244,0.048176459,3.44e-05,0.0,0.0,6.04e-08,0.0,4.04e-08,0.0,3.25e-05,2.78e-06,0.0,0.0,3.15e-08,0.0,1.68e-08,3.8e-08,0.0,0.0,2.46e-09,8.74e-06,1.0,,,,,2.1241e-32,3.6642e-14,3.2118e-10,2.1064e-07,8.4471e-06,8.1939e-08,1.1258e-12,1.163e-08,3.6191e-13,4.2419e-15,4.2694e-10,1.3574e-20,4.8343e-08,,,,,,2.3127e-07,2.1177e-05,,0.0012424,1.7437e-05,1.746e-07,6.2784e-10,1.0307e-06,,,,,,,,,0.047812,6.590099999999999e-21,7.0354e-33,6.423e-32,4.1860000000000004e-35,4.0438999999999995e-43,,,0.005787,2.7796e-07,,,,,,,,,,,,,1.9987e-17,2.9149e-08,9.0845e-17,1.7456e-09,4.4006e-12,1.9814e-15,4.0298e-15,2.0631e-16,8.211900000000001e-19,9.2123e-11,7.2831e-24,5.0856e-10,1.3231e-12,4.4843e-13,2.2546e-14,9.072e-23,2.9901e-20,1.2839e-06,1.0753e-09,1.1047e-15,3.496e-09,1.5452e-06,4.4855e-39,2.0779999999999998e-32,1.3228e-08,55.9291033841614,1.0676e-20,7.457600000000001e-19,3.9383e-08,1.9527e-10,,1.8507e-29,3.5716e-09,2.004e-13,,,8.134e-09,1.7919000000000002e-19,0.0030012,,,,9.3249e-17,1.4916e-06,8.4e-23,1.0531e-20,,4.5811e-26,2.46e-09,4.0936e-80,1.5182e-15,3.5407e-12,,4.6058999999999995e-43,3.4087e-09,1.4518e-31,8.2195e-10,,0.0044492,,6.8441e-07,6.0227e-15,5.2172e-11,4.44e-07,2.9117e-08,7.1041e-06,,0.00038713,7.2445e-06,2.0913e-09,4.6388e-07,3.1605e-05,1.6873e-17,8.7426e-07,1.4012e-14,3.0940000000000002e-27,6.0794e-18,2.4882e-21,1.6463e-09,1.8777e-08,0.056075,,0.0003374,,9.4174e-10,3.9367e-06,,,,,,9.5032e-10,4.1485e-08,4.4627999999999995e-90,1.2314e-64,1.1912e-46,4.8301e-14,1.2534e-16,3.7996e-08,,5.9815e-47,3.1072e-44,2.8503e-05,,,,,,4.0655000000000004e-55,5.0716999999999997e-39,3.3729000000000004e-33,4.7756999999999994e-21,2.3235e-13,2.0361e-16,1.3217e-55,2.6612e-35,,,,,,,,5.89,,,,,,,,,-5.28448,,,,-2.42594,,-0.95789,,,,-2.21612,,,,,,,,,,,,,-3.24824,,,,,,7.34534,-6.40718,15.60501,,,,,,,,,-3.23798,1.27556,-8.43776,,,,,-7.83176,,,,,,,-2.27015,,,,,,,,-7.17538,,-4.41411,,,,,0.013044833073,22.7269,11.3635,0.0590967,0.057398201257,-0.050875784721,0.063920617794,0.0653481,0.11479640251,-121.42793,-39.28414,-0.54393,-35.2064,-1.07451,-118.78085,-6,-190.80912,-46.09876,,8.74e-06,6.04e-08,,0.0012825,,0.0481765,,,3.15e-08,2.78e-06,0.00578349,1.68e-08,0.00881724,0.00445032,0.000401975,3.25e-05,0.0564164,,,2.46e-09,3.8e-08,,3.44e-05,,4.04e-08,
DN13CB13,-2147483648,-2147483648,6.01,39.6,0.009713016,0.000530755,0.000583146,0.001836419,0.003146674,0.001621866,0.003997502,0.0,0.000594613,4.06e-07,0.0,0.0,0.0,5.34e-05,3.5e-05,2.32e-07,3.29e-07,0.0,8.46e-05,5.21e-06,0.0,0.0,1.31e-08,1.47e-06,1.79e-07,1.0,,,,,1.3082e-30,8.067e-12,4.0678e-12,1.9562e-09,1.7697e-07,7.0583e-11,1.9536e-14,6.5556e-08,2.1966e-14,7.5469e-18,3.1679e-09,5.906e-20,3.3727e-07,,,,,,1.7045e-07,1.3176e-05,2.6884e-09,0.0015443,9.0656e-07,4.0017e-10,6.7693e-10,0.00027783,1.2094e-08,9.9962e-10,4.5139e-12,3.6387e-15,5.8231e-19,2.68e-16,3.5035000000000004e-30,1.9252e-12,0.0016181,1.3791e-22,1.0475e-34,1.3003000000000001e-33,1.0318e-36,1.2086e-44,2.3112e-07,9.7104e-27,0.0019519,1.0486e-07,8.319e-10,1.3017e-13,6.7213999999999995e-28,4.5224e-11,6.7194e-22,,,,,,,,,,,,,,,,,,,,8.7794e-12,4.0957e-12,6.4742e-15,4.728100000000001e-25,1.8375e-19,1.6832e-05,1.137e-08,7.8466e-15,3.536e-08,1.1015e-06,4.4038e-40,1.2919000000000001e-30,4.0873e-06,55.7741142327381,4.934399999999999e-21,,,,,1.1598e-27,1.1227e-06,1.4882e-12,,7.8003e-23,2.3737e-10,3.361e-21,0.0011776,7.1296e-20,,,,1.8121e-05,5.2288e-22,1.1945e-20,2.6231e-19,2.0536e-26,1.47e-06,,,,2.5898e-07,5.1943e-42,3.3443e-07,5.5250000000000005e-30,,1.18e-13,0.00057357,,3.019e-09,7.4874e-14,5.9396e-12,9.573e-06,1.9058e-08,3.6877e-06,1.2501e-09,0.00042221,3.3134e-07,2.1065e-09,0.0001045,4.7453e-05,2.0029e-17,4.9759e-08,1.8343e-14,2.0898e-27,1.1207e-17,3.752e-21,2.4696e-09,5.8952e-06,0.0096005,,2.2108e-06,8.803e-08,1.4966e-10,0.00011023,3.2895e-07,3.6194e-11,9.0094e-15,1.3439e-25,1.0421e-11,1.0361e-09,3.2562e-08,4.9424999999999995e-88,7.087e-62,2.8633999999999997e-43,2.8574e-11,,,0.00059426,4.6382e-46,3.9841999999999994e-43,0.0034891,,,,,,,,,,,,,,8.0956e-05,2.9019e-07,3.2967e-10,2.0861e-13,4.6907e-10,6.6176e-20,3.3534e-06,6.01,,,,,,,,-1.64637,-1.77509,,,,-2.554,,0.16453,,-9.96054,-9.09575,-2.34836,,0.39453,,,,-0.34402,,0.02077,0.02077,-0.56319,,,-3.68886,-7.75092,,,,,9.10654,-9.35159,19.06165,,,,,,,,,-3.5519,6.30338,,,,,,-7.97018,,,,,,0.76472,-2.26372,,,,,-2.14172,,,,,,,,,,0.0045048239057,37.0666,18.5333,0.0177395,0.012153323096,-0.0099009111435,0.014405735049,0.0215615,0.024306646193,-125.14559,-40.83678,-1.08426,-36.22612,-1.22914,-119.98616,-6,-191.78832,-45.29706,,1.79e-07,4.06e-07,,0.00183642,1.31e-08,0.00162187,2.32e-07,,,3.5e-05,0.00189621,5.21e-06,0.00314667,0.000583146,0.000530755,5.34e-05,0.00971302,3.29e-07,,1.47e-06,,0.000594613,0.0039975,,,8.46e-05
DNCB15-12,-2147483648,-2147483648,5.95,19.2,0.029404384,0.00202016,0.004151076,0.006300215,0.015995595,0.03500409,0.000160316,4.12e-05,0.0,7.1e-07,7.89e-06,0.0,0.0,3.11e-05,0.000151347,5.43e-09,1.53e-08,0.0,9.33e-08,1.25e-07,2.53e-09,3.32e-05,0.0,0.0,3.26e-06,1.0,3.4698e-07,1.5344e-06,9.0779e-07,1.1143e-06,1.673e-34,1.5551e-13,8.0797e-11,6.4193e-08,3.181e-06,1.4708e-08,2.3922e-14,2.4743e-07,1.6527e-14,4.0259e-17,1.2516e-09,1.7995e-21,4.6132e-07,4.1164e-05,4.0621e-23,1.4132e-20,8.4906e-36,1.7328e-56,7.7806e-07,0.00016051,,0.0060692,4.9303e-05,5.7379e-07,2.4207e-10,1.9831e-05,,,,,,,,,0.034818,5.9246e-22,1.4864e-34,5.0645e-33,7.989e-36,2.6088e-47,5.1253e-09,2.7693999999999997e-28,0.010952,3.0355e-07,3.0453e-10,1.1819e-16,2.5659e-32,1.511e-13,3.9331000000000005e-24,,,,,,,,,,,,,,,,,,,,5.1681e-11,4.9525e-10,5.9131e-13,6.2012e-23,2.9333e-20,0.00012641,4.6517e-09,8.5089e-15,1.0337e-06,1.3296e-06,2.1854e-43,1.6407e-34,9.8353e-08,55.4366987179487,3.8601999999999997e-22,1.5064999999999998e-21,,,3.9865e-06,3.3035e-31,2.6647e-08,2.8624e-13,5.8961e-18,,6.8835e-09,2.2226e-20,0.0048276,1.9335e-23,,,,2.3894e-05,4.1346e-23,4.9186e-23,2.0081999999999998e-22,6.5059e-28,,9.623399999999999e-91,4.5169e-18,1.1186e-13,,8.1578e-47,6.2532e-09,4.835e-33,,2.2456e-18,0.0041492,1.8537e-09,2.3458e-07,4.9774e-15,6.2403e-12,1.6785e-06,1.2648e-07,5.3438e-05,,0.0019321,2.5575e-05,1.3404e-09,8.9028e-06,3.0714e-05,7.714e-17,3.243e-07,2.5851e-16,1.4304e-30,2.2748000000000003e-19,3.5433e-23,2.3183e-10,6.1507e-08,0.029287,3.3736e-08,0.00010971,,8.2003e-11,7.8352e-06,1.5277e-08,2.3288e-11,2.6761e-18,1.6465000000000002e-29,7.424e-14,1.4101e-09,6.7784e-09,1.5663e-97,4.93e-69,2.1775e-48,,3.5330000000000003e-19,2.5299e-09,,4.943e-51,8.6541e-48,0.000122,1.3283e-09,1.0575e-06,3.1867e-05,2.7437e-07,3.971e-13,,,,,,,,,9.1168e-08,1.7143e-09,5.016e-11,1.0907e-12,1.5583e-14,4.2371e-25,3.6627e-10,5.95,,,,6.82916,,,,,-3.4034,,,,-1.4359,,-0.02538,2.31167,,,-1.24247,-3.28433,,,,,,1.60069,,,,3.48286,,-1.56463,,,,,4.60847,9.86338,-6.33541,20.38812,,,,,,,,,-2.54969,7.82595,,,,,,-6.71314,,,,,,,-2.15344,,,-9.33803,,-5.86275,-9.67225,-1.33305,-6.42268,,,,,,,0.010055053175,22.36,11.18,0.053162,0.044969005748,-0.039941479161,0.049996532336,0.0651133,0.089938011497,-135.04244,-43.62826,-0.56434,-39.57058,-1.74357,-131.84359,-6,-210.80045,-50.57866,7.89e-06,3.26e-06,7.1e-07,4.12e-05,0.00630021,,0.0350041,5.43e-09,,,0.000151347,0.0107574,1.25e-07,0.0159956,0.00415108,0.00202016,3.11e-05,0.0294044,1.53e-08,,,2.53e-09,,0.000160316,3.32e-05,,9.33e-08
DNCB15-13,-2147483648,-2147483648,6.81,16.9,0.140192796,0.003159844,0.009258715,0.008757922,0.037006202,0.169802273,0.00047158,0.000163947,0.0,5.71e-08,7.41e-08,0.0,0.0,1.96e-05,3.47e-06,0.0,0.0,0.0,0.0,5.41e-08,2.41e-08,0.000133531,0.0,0.0,8.2e-06,1.0,1.8564e-11,1.9034e-09,4.5058e-08,3.2917e-10,1.3463e-35,3.3216e-12,4.2766e-09,5.5382e-07,7.5354e-06,1.0647e-07,2.2507e-13,4.9853e-09,7.042e-16,5.8709e-18,7.8662e-10,6.6125e-20,5.1327e-08,0.00016343,4.8805e-23,5.1302e-20,2.8223000000000003e-35,4.4433e-56,2.3182e-05,0.00082759,,0.0076617,0.00020419,9.5143e-06,1.3229e-09,3.1714e-05,,,,,,,,,0.16749,2.3004999999999996e-21,5.0502e-34,1.9452999999999998e-32,3.4006e-35,7.6512e-48,,,0.0080338,1.5754e-05,,,,,,,,,,,,,,,,,,,,,,,,,1.1938e-13,2.7442e-13,4.5449e-15,1.3408e-24,1.6662e-21,1.7347e-06,2.3412e-09,9.2823e-17,3.2215e-09,1.962e-07,8.4107e-44,1.2895000000000002e-35,1.4582e-08,55.4128330146271,2.8189e-22,1.3369e-22,,,2.6791e-08,3.6099000000000004e-33,3.9514e-08,1.3153e-12,2.8873e-18,,4.2467e-09,1.1431e-20,0.02776,,,,,1.7297e-06,1.717e-23,4.9579e-21,,3.383e-27,,1.2195e-91,3.2362e-18,9.9804e-14,,9.2096e-48,1.6645e-09,8.9152e-34,,,0.0092503,1.246e-08,1.8373e-06,2.2028e-15,7.0409e-11,6.6184e-06,4.5794e-06,0.00032688,,0.0026831,0.00012842,9.1532e-09,1.6895e-05,1.8921e-05,1.2287e-17,6.3091e-07,3.8056e-15,1.1593e-27,2.7882e-17,3.9444e-20,6.5438e-10,4.7313e-08,0.13818,5.0004e-07,0.0019509,,2.0501e-09,6.6299e-05,,,,,,1.4256e-09,4.5172e-08,2.5971e-99,1.5700000000000002e-70,1.2261e-49,,2.5095e-18,2.41e-08,,6.748999999999999e-53,1.0155e-47,0.00035,1.077e-07,1.4066e-05,0.00011624,3.114e-06,5.8552e-12,,,,,,,,,,,,,,,,6.81,,,,-3.71618,,,,,-3.1276,,,,0.54389,,0.64085,-0.52638,-8.28153,,0.73597,-2.3956,,,,,,-4.0857,,,,0.65205,,2.46831,,,,,1.79375,8.42209,-4.60973,17.4876,-2.91919,,,,,,,,-0.49692,3.42348,,,,,,-4.66508,,,,,,,-0.57478,,,,,,,1.26307,-5.11356,,,,,,,-0.026313495803,-14.3739,-7.1869,0.19392,0.18306481637,-0.19622156427,0.16990806846,0.20731,0.36612963273,-136.45896,-44.17937,-0.71464,-39.97782,-1.80826,-134.54637,-6,-215.63167,-52.48291,7.41e-08,8.2e-06,5.71e-08,0.000163947,0.00875792,,0.169802,,,,3.47e-06,0.00798473,5.41e-08,0.0370062,0.00925872,0.00315984,1.96e-05,0.140193,,,,2.41e-08,,0.00047158,0.000133531,,
DNCB15-11,-2147483648,-2147483648,8.87,36.6,0.001965657,6.17e-06,1.89e-05,0.000101053,0.001099697,0.000218599,0.000428899,0.0,0.0,0.0,7.78e-07,1.43e-08,0.0,4.37e-09,0.0,0.0,8.52e-09,3.46e-08,1.22e-07,5.11e-07,0.0,6.96e-07,0.0,0.0,0.0,1.0,4.7738e-21,3.5128e-13,7.7524e-07,5.8362e-17,4.9348e-34,1.6289e-09,,,,,,,,,,,,,,,,,8.0003e-06,8.6697e-07,,8.8767e-05,9.0153e-09,6.5608e-13,2.5983e-08,3.3834e-06,,,,,,,,,0.00021852,1.4967e-23,9.7395e-36,1.3908e-34,1.2072e-37,5.3915e-48,,,2.6177e-06,5.1625e-05,,,,,,,,,,,,,2.7239e-18,1.6298e-11,9.2315e-20,7.5381e-15,1.1959000000000002e-19,1.2672e-20,5.6573e-25,5.6269e-24,4.9614000000000005e-31,3.433e-08,3.3801e-16,2.4049e-10,,,,,,,,,,1.4261e-09,1.5320999999999999e-40,4.8943e-34,3.2115e-09,55.7117980412091,3.4686999999999995e-21,,1.3019e-09,9.0881e-15,2.7638e-09,7.181e-34,5.0616e-07,,,,4.8894e-14,5.6525e-25,0.0010363,,,,1.3122e-11,,,2.6451e-16,1.9573e-12,8.7337e-24,,,,,,3.728999999999999e-46,6.4264e-11,6.9124e-34,1.2997e-08,1.623e-09,1.8849e-05,,1.4554e-11,5.079600000000001e-19,1.2212e-10,5.1118e-08,2.065e-07,5.4456e-08,,5.6034e-06,7.5764e-10,1.9136e-08,2.858e-07,4.1095e-09,2.0275e-24,7.1302e-13,7.053e-13,2.0779e-20,3.0965e-13,5.3758e-14,1.5234e-10,1.0639e-10,0.0019619,,6.9771e-08,,1.9583e-08,3.6221e-06,8.2395e-09,1.6134e-13,8.653e-11,4.4778e-16,1.9188e-10,1.0803e-09,1.7878e-05,2.2164e-96,6.7272e-70,5.2134e-51,,,,,4.5853e-53,1.7241e-44,0.00042156,2.1369e-08,1.3032e-08,6.6145e-07,7.4464e-11,7.0501e-11,5.6691e-67,2.8351e-53,2.1570000000000003e-41,1.4449e-31,1.4463e-20,1.0172e-12,1.8353e-64,1.7218999999999998e-46,3.8125e-09,2.0663e-12,3.8569e-16,3.5211e-20,1.0227e-08,4.4906e-13,1.0634e-07,8.87,,,,,,,,,-4.5062,,,,-0.15382,-8.36328,,-2.48011,-4.51102,-3.20965,0.05,-4.38203,,,,,,-7.88208,,,,-1.36413,,0.16084,,,,,-0.38562,,,,-8.37664,,,,,,,,-2.10298,,-5.12124,,,,,-6.4579,,,,,,,-3.8571,,,,,-4.13071,,-0.07248,,,-0.54462,,,,,-5.2560758798e-05,-2.391,-1.1955,0.00276703,0.0021982720763,-0.0022245524557,0.0021719916969,0.00276872,0.0043965441526,-129.497,-44.20182,-3.98869,-36.6906,-1.29999,-127.946,-6,-207.05557,-52.3431,7.78e-07,,,,0.000101053,,0.000218599,,,3.46e-08,,,5.11e-07,0.0010997,1.89e-05,6.17e-06,4.37e-09,0.00196566,8.52e-09,7.90523e-05,,,,0.000428899,6.96e-07,1.43e-08,1.22e-07
DN17CB-01,-2147483648,-2147483648,6.5,48.8,0.001942168,0.000445999,0.000183895,0.000513499,0.003245008,0.000517587,0.000264418,0.0,0.00102544,8.79e-09,0.0,0.0,0.0,3.19e-06,1.34e-06,0.0,0.0,0.0,6.58e-08,2.8e-08,0.0,4.85e-06,0.0,0.0,1.99e-06,1.0,,,,,4.4708e-32,2.1849e-13,4.5533e-10,6.1691e-08,1.9275e-06,3.6829e-10,2.0125e-12,3.2465e-10,2.7622e-16,5.2758e-20,3.7749e-10,1.4784000000000002e-19,8.0872e-09,,,,,,5.4572e-07,9.8432e-06,6.9228e-09,0.00049257,1.2886e-07,1.8269e-11,1.8282e-09,1.0398e-05,,,,,,,,,0.00051714,8.5415e-23,1.025e-34,8.4233e-34,5.0502e-37,1.7823999999999998e-43,,,0.001129,5.5457e-07,,,,,,,,,,,,,,,,,,,,,,,,,3.3518e-14,1.3657e-15,1.0525e-17,8.1257e-28,2.9385e-20,1.7956e-07,3.3609e-09,1.9135e-16,6.8989e-11,3.3968e-07,1.0143e-38,4.4425e-32,1.6321e-08,55.9879421791072,1.3935e-20,,,,,1.0267e-29,1.1678e-08,6.8223e-13,,,2.4577e-11,6.2928e-22,0.002096,,,,,1.157e-06,3.1628e-22,1.6722000000000002e-19,,2.3143000000000002e-25,,,,,1.5844e-06,3.29e-42,1.16e-08,6.8449e-31,,1.0249e-14,0.00018361,,4.4277e-10,1.2197e-15,1.234e-11,2.8487e-07,1.7439e-07,8.5634e-06,9.4711e-09,0.00042497,1.3636e-07,1.5209e-08,1.2129e-05,3.1391e-06,1.8688e-19,1.6745e-09,5.5075e-14,1.5628e-25,8.1636e-17,9.542e-20,1.1443e-09,4.8053e-08,0.0019398,,1.7333e-07,9.8289e-08,1.8069e-10,2.099e-06,,,,,,9.4036e-10,1.7026e-07,1.6556e-88,2.5964e-63,1.5395e-45,,,,0.0010237,1.2665999999999999e-46,5.6569e-43,0.00023945,1.8935e-09,2.4395e-07,4.6028e-06,1.3336e-09,6.6429e-12,,,,,,,,,4.8912e-08,1.1625e-10,4.2858e-14,7.3161e-18,1.138e-11,2.3448e-20,1.676e-08,6.5,,,,,,,,-1.28019,-3.81501,,,,-1.89684,,0.13682,,-7.90004,,-1.68554,-3.70033,0.5534,-8.40855,,,-0.18728,,0.1843,0.1843,-0.38675,,-8.93529,-1.55514,-5.45458,,,,,7.11193,,15.16006,-9.99449,,,,,,,,-2.07351,0.66355,,,,,,-6.73411,,,,,,0.92352,-2.63282,,,,,-5.45193,,-1.84452,,-3.68666,,,,-9.06639,,0.00090011074507,25.3735,12.6868,0.00471472,0.0035474425284,-0.0030973871559,0.003997497901,0.00597688,0.0070948850569,-121.0316,-39.63153,-1.23836,-34.85596,-1.02065,-117.73686,-6,-189.21347,-45.74362,,1.99e-06,8.79e-09,,0.000513499,,0.000517587,,,,1.34e-06,0.00112362,2.8e-08,0.00324501,0.000183895,0.000445999,3.19e-06,0.00194217,,,,,0.00102544,0.000264418,4.85e-06,,6.58e-08
DNCB17-02,-2147483648,-2147483648,6.62,50.5,0.001975226,0.000445999,0.000185174,0.000497779,0.003245008,0.000518151,0.000264418,2.25e-06,0.001046804,8.79e-09,0.0,0.0,0.0,2.94e-06,3.22e-07,0.0,0.0,0.0,0.0,5.47e-08,0.0,4.7e-06,0.0,0.0,1.95e-06,1.0,,,,,1.1312e-31,6.7481e-13,6.7719e-10,6.8918e-08,1.88e-06,3.7073e-10,3.0542e-12,2.3147e-10,2.7569e-16,5.699400000000001e-20,5.3083e-10,4.3375e-19,8.0264e-09,2.2498e-06,5.4019e-29,2.3137999999999997e-21,4.0889e-36,2.0612e-55,8.0284e-07,1.0523e-05,9.4308e-09,0.00047615,1.2723e-07,1.7691e-11,2.7042e-09,1.0166e-05,,,,,,,,,0.0005177,9.616e-23,1.2523e-34,9.5622e-34,5.458e-37,2.6212999999999998e-43,,,0.00093014,8.1713e-07,,,,,,,,,,,,,,,,,,,,,,,,,4.5823e-15,1.1653e-16,1.4579e-18,1.3652e-28,8.707599999999999e-21,3.0768e-08,1.207e-09,3.8085e-17,8.4028e-12,2.5787e-07,1.7764e-38,1.1246e-31,2.8132e-08,56.0315853411622,1.6763e-20,,,,,1.8751000000000002e-29,2.6568e-08,1.3298e-12,1.1256e-19,,1.8507e-11,5.262e-22,0.0022927,,,,,2.9002e-07,1.2943e-22,4.8496e-19,,3.8743000000000004e-25,,,,,2.2082e-06,4.4013e-42,9.2409e-09,6.851500000000001e-31,,,0.00018488,1.0598e-11,4.6513e-10,1.0257e-15,1.8432e-11,2.8973e-07,2.6111e-07,9.4591e-06,1.3201e-08,0.00042386,1.3738e-07,2.265e-08,1.2246e-05,2.8917e-06,1.1856000000000002e-19,1.6134e-09,1.1148e-13,6.7945000000000005e-25,2.1073e-16,3.4217e-19,1.5594e-09,4.516e-08,0.0019728,2.2615e-10,1.787e-07,1.3394e-07,2.6886e-10,2.1626e-06,,,,,,9.2553e-10,2.4878e-07,2.9333999999999996e-88,3.0988e-63,1.3052000000000001e-45,,,,0.0010444,1.3426e-46,9.7166e-43,0.0002395,2.7849e-09,2.6912e-07,4.4268e-06,1.3099e-09,9.8604e-12,,,,,,,,,,,,,,,,6.62,,,,,,,,-1.96444,-3.82788,,,,-1.65945,,0.09476,,-7.45063,,-1.4471,-3.73696,0.53479,-7.08934,,,-0.20629,,0.16656,0.16656,-0.40222,,-8.09425,-1.03833,-5.00931,,,,,6.17182,,13.29625,-8.91272,,,,,,,,-1.79376,-2.09293,,,,,,-6.50713,,,,,,0.9049,-2.43552,,,,,,,-1.63368,,-2.3926,,,,-8.66753,,0.00069873295178,19.1559,9.5779,0.00479717,0.0036476184657,-0.0032982519898,0.0039969849416,0.00586178,0.0072952369313,-120.33986,-39.45851,-1.30802,-34.61155,-0.98362,-117.21026,-6,-188.50323,-45.69804,,1.95e-06,8.79e-09,2.25e-06,0.000497779,,0.000518151,,,,3.22e-07,0.000925233,5.47e-08,0.00324501,0.000185174,0.000445999,2.94e-06,0.00197523,,,,,0.0010468,0.000264418,4.7e-06,,
DNCB17-06,-2147483648,-2147483648,7.02,36.5,0.002730345,0.000226291,8.88e-05,0.00119467,0.002840201,0.000687953,0.001253383,6.26e-07,0.000630218,8.79e-09,7.41e-08,0.0,0.0,5.4e-06,0.0,0.0,0.0,0.0,3.67e-08,3.07e-08,0.0,5.5e-06,0.0,0.0,4.01e-07,1.0,1.1909e-14,1.3669e-10,5.9418e-08,1.8065e-12,1.3265e-33,1.2031e-12,2.0264e-10,9.4193e-09,3.913e-07,7.3278e-11,3.5583e-13,1.5329e-10,1.2975e-17,1.7784999999999997e-21,6.8941e-10,8.008900000000001e-19,7.9444e-09,6.2593e-07,3.8213e-31,4.0482e-22,4.5339e-37,5.852100000000001e-57,2.6858e-06,2.1464e-05,2.0924e-08,0.0010857,3.0297e-07,6.4572e-11,4.0273e-09,8.4465e-05,,,,,,,,,0.00068729,4.6649e-23,3.0198e-35,4.3326e-34,3.7786e-37,8.2301e-46,,,0.0004141,1.861e-06,,,,,,,,,,,,,,,,,,,,,,,,,,,,,,,,,,1.0413e-07,1.4763999999999999e-40,1.3134e-33,8.8323e-09,55.7101157523905,3.4273999999999995e-21,,,,1.4543e-08,1.3235e-31,2.1866e-08,2.906e-12,1.0242e-20,,1.0518e-11,1.2077e-22,0.0023957,,,,,,,8.216900000000001e-19,,1.2561000000000002e-25,,,,,2.522e-06,6.1656e-44,1.0984e-08,1.1645e-31,,2.8843e-14,8.8243e-05,1.0455e-12,1.9842e-10,3.7685e-16,7.7047e-12,5.5691e-07,2.0545e-07,3.9916e-06,6.5906e-09,0.00020088,7.5447e-08,8.7974e-09,2.1125e-05,5.1245e-06,2.1310000000000002e-19,2.4393e-09,1.5079e-13,1.0056e-24,9.6918e-16,2.6338e-18,2.4126e-09,2.7062e-07,0.0027181,7.1148e-11,2.8246e-07,2.8499e-07,3.6654e-10,1.1693e-05,,,,,,1.0804e-09,2.598e-07,6.5206e-92,2.0298e-65,1.6079e-46,,,,0.00062738,5.1773e-49,4.4852e-44,0.0011353,4.6584e-09,2.0908e-07,5.2846e-06,1.6255e-09,7.094e-12,,,,,,,,,2.7075e-08,4.0136e-11,2.1938e-14,6.3026e-18,1.2469e-11,1.2472e-19,9.5724e-09,7.02,-0.14768,-1.91518,-0.14768,,-1.27023,-7.66161,-3.84877,,-2.52602,-7.32641,,,-0.82519,,0.21043,-1.45521,-7.63582,,-0.62143,-2.66608,0.49508,-7.7899,-9.88338,-8.03181,-0.24278,-5.83284,0.11974,0.11974,-0.46878,-0.33892,-7.57218,-0.5147,-5.35133,,,,0.64041,,,,-9.06088,-3.31875,1.79161,-4.26436,3.82448,-3.50483,0.87682,-1.67993,-2.10717,,,-4.76193,1.79327,5.24769,-6.02303,-6.46031,,2.07383,-5.70408,-5.28107,3.40095,0.86528,-1.68125,0.1957,,,-4.33424,-5.13569,,-1.00792,,-3.26931,,,-4.88052,-7.82857,-8.09175,5.4430555281e-05,1.0079,0.504,0.00783477,0.0054001944472,-0.0053729791695,0.0054274097248,0.00874869,0.010800388894,-127.34712,-42.01863,-1.78999,-36.70629,-1.30242,-123.92547,-6,-198.99244,-48.29176,7.41e-08,4.01e-07,8.79e-09,6.26e-07,0.00119467,,0.000687953,,,,,0.000406023,3.07e-08,0.0028402,8.88e-05,0.000226291,5.4e-06,0.00273034,,,,,0.000630218,0.00125338,5.5e-06,,3.67e-08
DNCB17-7a,-2147483648,-2147483648,6.12,56.8,0.000361465,0.000239868,7.8e-05,0.000275712,0.000608029,3.92e-05,0.000517385,0.0,0.000801125,0.0,0.0,0.0,0.0,4.8e-06,1.63e-05,6.33e-08,6.3e-08,0.0,7.48e-07,1.01e-07,0.0,7.53e-07,0.0,0.0,8.08e-07,1.0,,,,,1.2713000000000001e-30,1.7054e-13,1.4573e-11,4.4448e-09,8.0352e-07,1.4823e-11,8.0517e-13,,,,,,,,,,,,2.1904e-08,7.6455e-07,1.5984e-09,0.00026064,6.2591e-09,6.4603e-14,8.5846e-10,1.4274e-05,,,,,,,,,3.9184e-05,1.1134999999999999e-23,1.9501000000000002e-35,1.1421e-34,5.454799999999999e-38,7.8315e-43,6.3226e-08,1.621e-27,0.00034188,2.9882e-08,8.1196e-12,5.815e-13,3.571e-26,6.5473e-11,4.9195e-22,,,,,,,,,,,,,,,,,,,,1.5896e-12,5.7369e-14,4.4153e-17,6.611799999999999e-28,7.367200000000001e-19,2.9955e-06,2.3109e-08,6.4076e-15,1.9043e-09,8.0022e-07,1.3507e-37,1.2683e-30,7.907e-08,56.2017038819671,3.2647e-20,,,,,5.7273999999999995e-28,2.1929e-08,,,,4.4319e-12,1.8353999999999998e-22,0.00026466,8.9649e-19,,,,1.3279e-05,4.001299999999999e-21,8.2411e-20,1.8919e-18,2.8200000000000003e-25,,,,,5.9509e-07,2.3722e-40,7.6518e-08,1.2987e-29,,2.9665e-14,7.7716e-05,,1.8117e-11,4.4747e-15,3.8371e-12,2.839e-07,6.4664e-09,6.5895e-07,2.0705e-09,0.00022273,6.1935e-09,6.2933e-09,1.6456e-05,4.608e-06,3.7449000000000003e-19,2.5182e-10,4.5442e-14,5.361e-26,2.3511e-17,1.3455e-20,1.2758e-09,1.905e-07,0.00036053,,2.7282e-09,6.0331e-09,2.3154e-11,9.301e-07,6.2989e-08,2.7996e-13,1.1446e-13,3.7222e-24,1.0575e-11,8.7913e-10,1.1076e-07,7.795e-85,1.9747e-60,2.4194999999999997e-43,,,,0.00080052,2.7623e-44,1.3892e-41,0.00048517,2.3881e-11,6.888e-09,7.4607e-07,1.9887e-11,9.9651e-13,,,,,,,,,5.7577e-07,1.7418e-10,4.716e-15,5.3503e-20,6.8136e-11,3.8192e-20,1.7199e-07,6.12,,,,,,,,-2.78314,-3.59598,,,,-4.05306,,0.0376,,-8.96455,-8.81318,-3.83676,-4.35108,0.24822,,,,-0.49437,,-0.11681,-0.11681,-0.67744,,,-5.77522,-6.75568,,,,,8.48264,,17.97908,,,,,,,,,-4.13589,5.0764,,,,,,-9.06481,,,,,,0.61829,-4.16308,,,,,-5.63678,,-4.88369,,-8.0043,,,,,,0.00014775261915,10.9425,5.4712,0.00232573,0.0013502648345,-0.0012763885249,0.0014241411441,0.00281248,0.002700529669,-117.97385,-38.96594,-1.69255,-33.72862,-0.85022,-113.08747,-6,-181.49609,-43.31322,,8.08e-07,,,0.000275712,,3.92e-05,6.33e-08,,,1.63e-05,0.000312157,1.01e-07,0.000608029,7.8e-05,0.000239868,4.8e-06,0.000361465,6.3e-08,,,,0.000801125,0.000517385,7.53e-07,,7.48e-07
DNCB17-7b,-2147483648,-2147483648,6.04,63.8,0.00037147,0.0002374,7.67e-05,0.000273467,0.000608029,3.22e-05,0.000498647,0.0,0.000801125,1.43e-08,0.0,0.0,0.0,4.76e-06,5.87e-05,6.02e-08,6.13e-08,0.0,1.91e-07,2.95e-07,0.0,7.76e-07,0.0,0.0,8.59e-07,1.0,,,,,1.6952e-29,3.7922e-13,1.4517e-11,5.2181e-09,8.5375e-07,1.4969e-11,1.3488e-12,8.8105e-10,9.0523e-16,2.2599000000000002e-20,3.9713e-10,7.7153e-20,1.3021e-08,,,,,,2.0172e-08,7.3342e-07,1.6222e-09,0.00025798,5.6656e-09,4.5294e-14,1.2628e-09,1.4721e-05,,,,,,,,,3.2186e-05,1.438e-23,3.4562000000000004e-35,1.5265e-34,6.0397e-38,7.9206e-42,6.0112e-08,1.9456e-27,0.00036903,2.3574e-08,6.6426e-12,8.0018e-13,7.8585e-26,8.0942e-11,6.776099999999999e-22,,,,,,,,,,,,,,,,,,,,7.0888e-12,1.4318e-13,1.7466e-16,4.5861e-27,5.3718e-18,9.0879e-06,9.8938e-08,3.518e-14,5.4161e-09,9.6219e-07,1.1785e-36,1.6974e-29,2.4059e-07,56.4079045260444,6.6272e-20,,,,,7.6858e-27,5.4411e-08,3.7285e-13,,,4.3328e-12,2.6665e-22,0.00023757,1.4192e-18,,,,4.9508e-05,2.892e-20,1.59e-19,2.8606e-18,5.7614e-25,,,,,5.6673e-07,2.5045e-39,1.0977e-07,4.5273000000000004e-29,,1.0347e-14,7.6414e-05,,1.7384e-11,7.7364e-15,4.8982e-12,2.86e-07,5.6221e-09,6.3295e-07,2.0261e-09,0.00021979,5.352e-09,8.4493e-09,1.6956e-05,4.5552e-06,3.0081000000000005e-19,2.4966e-10,7.7034e-14,1.369e-25,2.8987e-17,1.6348e-20,1.6468e-09,2.0288e-07,0.00037047,,2.4553e-09,5.1616e-09,2.9367e-11,9.8936e-07,6.1286e-08,2.4518e-13,2.7433e-13,7.5474e-24,1.3436e-11,8.3966e-10,1.3435e-07,8.2367e-83,4.5542e-59,1.5e-42,,,,0.00080055,4.2495e-43,1.0692999999999998e-40,0.00046538,2.3301e-11,7.902e-09,7.6805e-07,1.8695e-11,1.5726e-12,,,,,,,,,1.328e-07,4.8248e-11,1.0194e-15,8.5765e-21,2.4809e-11,1.4868e-20,5.8132e-08,6.04,,,,,,,,-1.48984,-3.55397,,,,-4.18767,,-0.0183,,-8.855,-8.75518,-3.96691,-4.38256,0.12736,,,,-0.61696,,-0.23412,-0.23412,-0.78622,,,-5.95831,-6.70575,,,,,9.21084,,19.50437,,,,,,,,,-4.18321,7.5247,,,,,,-9.38665,,,,,,0.49739,-4.32267,,,,,-6.75919,,-5.1035,,-8.07147,,,,,,0.00022373829071,17.0147,8.5074,0.00226464,0.0013149676301,-0.0012030984847,0.0014268367754,0.00282462,0.0026299352601,-114.96093,-37.94746,-1.60903,-32.78834,-0.70893,-109.97581,-6,-176.59071,-42.05304,,8.59e-07,1.43e-08,,0.000273467,,3.22e-05,6.02e-08,,,5.87e-05,0.000260809,2.95e-07,0.000608029,7.67e-05,0.0002374,4.76e-06,0.00037147,6.13e-08,,,,0.000801125,0.000498647,7.76e-07,,1.91e-07
DNCB17-09,-2147483648,-2147483648,6.18,61.5,0.000425842,0.00031187,8.13e-05,0.000321373,0.001014475,3.64e-05,0.000517385,1.25e-07,0.000826049,0.0,0.0,0.0,0.0,5.75e-06,4.1e-05,2.88e-09,0.0,0.0,1.53e-07,2.2e-07,0.0,8.22e-07,0.0,0.0,9.68e-07,1.0,,,,,7.2876e-30,5.113e-13,4.1061e-11,1.0792e-08,9.5715e-07,1.7773e-11,1.6769e-12,,,,,,,1.25e-07,4.47e-32,1.8005e-22,4.4299e-37,6.0441000000000005e-56,5.9941e-08,1.6581e-06,2.4996e-09,0.00030296,7.1374e-09,6.5105e-14,1.6764e-09,1.6685e-05,,,,,,,,,3.6382e-05,1.4037e-23,3.0449e-35,1.4734e-34,6.196099999999999e-38,5.5505e-42,2.875e-09,6.775500000000001e-29,0.00053382,6.5092e-08,3.4736e-13,5.6452e-14,8.2016e-27,4.5643e-12,2.8757e-23,,,,,,,,,,,,,,,,,,,,2.8794e-12,5.4911e-14,7.6861e-17,1.7677e-27,3.0966e-18,5.3794e-06,8.8623e-08,1.7165e-14,2.5482e-09,6.9968e-07,5.8403e-37,7.2867e-30,1.6685e-07,56.3384295922314,5.2709e-20,,,,,2.5230000000000003e-27,5.3151e-08,,2.0409e-20,,3.5395e-12,1.9172e-22,0.00047723,1.2493000000000002e-19,,,,3.5529e-05,2.1832e-20,3.3696000000000004e-19,,5.9776e-25,,,,,7.7502e-07,8.960799999999999e-40,7.4945e-08,2.3173000000000003e-29,,1.5131e-14,8.1001e-05,3.2741e-13,1.9517e-11,5.1913e-15,6.1826e-12,2.9894e-07,1.904e-08,1.6e-06,3.5336e-09,0.00028872,7.6557e-09,1.2917e-08,2.1505e-05,5.5129e-06,3.0564e-19,3.1457e-10,1.3033e-13,3.4951000000000005e-25,7.1011e-17,5.3086e-20,2.3494e-09,2.3444e-07,0.00042472,3.2063e-12,3.0875e-09,8.3742e-09,4.0749e-11,1.1149e-06,,,,,,8.5122e-10,1.6501e-07,1.0827e-83,9.799599999999999e-60,4.9373e-43,,,,0.00082526,1.0292e-43,5.5902e-41,0.00047747,6.1527e-11,1.5265e-08,8.0665e-07,2.1065e-11,1.8479e-12,,,,,,,,,1.0216e-07,3.6455e-11,8.7673e-16,8.609899999999999e-21,2.7402e-11,2.7658e-20,5.0779e-08,6.18,,,,,,,,-0.40408,-3.47854,,,,-3.43764,,0.07326,,-8.37301,,-3.21835,-4.34917,0.18647,,,,-0.55728,,-0.17618,-0.17618,-0.73102,,,-4.41194,-6.18489,,,,,9.03302,,19.12601,,,,,,,,,-3.38724,6.90458,,,,,,-8.49667,,,,,,0.5565,-3.54461,,,,,-6.27965,,-4.39163,,-6.41819,,,,,,0.0002417008989,15.1779,7.589,0.0026691,0.001592447976,-0.0014715975266,0.0017132984255,0.00340616,0.0031848959521,-115.76469,-38.10572,-1.46456,-33.0927,-0.75458,-111.21435,-6,-178.64129,-42.69221,,9.68e-07,,1.25e-07,0.000321373,,3.64e-05,2.88e-09,,,4.1e-05,0.000456666,2.2e-07,0.00101447,8.13e-05,0.00031187,5.75e-06,0.000425842,,,,,0.000826049,0.000517385,8.22e-07,,1.53e-07
DNCB17-13,-2147483648,-2147483648,6.31,40.6,0.004976127,0.004447645,0.000788525,0.013373921,0.00608357,0.006422588,0.015115553,1.5e-05,0.000366737,5.22e-07,0.0,0.0,2.31e-08,8.34e-08,1.07e-06,0.0,0.0,0.0,0.0,2.81e-06,0.0,6.87e-05,0.0,0.0,1.53e-07,1.0,,,,,6.8156e-31,2.6809e-11,1.3733e-11,3.5689e-09,1.4924e-07,1.7812e-10,2.9317e-14,5.082e-08,6.5817e-14,7.9702e-17,8.3435e-09,9.3686e-19,4.6283e-07,1.4997e-05,8.8119e-26,1.1159e-20,1.4344e-35,2.7912e-55,4.5591e-06,0.00018644,1.8232e-08,0.010075,1.8025e-05,2.6386e-08,7.9676e-09,0.0030902,,,,,,,,,0.0063931,5.8149e-22,4.6473e-34,5.5093000000000004e-33,4.2742e-36,2.2632e-44,,,0.002524,7.3008e-07,,,,,,1.0527e-42,5.2154e-24,6.7004e-15,5.524e-21,3.3642e-25,1.1683e-08,7.6998e-22,,,,,,,,,,,,,1.1229e-13,2.865e-14,2.5109e-16,6.9461e-26,8.132399999999999e-21,3.4359e-07,1.022e-09,1.7543e-16,4.4423e-10,5.8446e-07,6.184599999999999e-40,6.6733e-31,1.6606e-06,55.7954797475756,5.5393e-21,,,,,2.718e-28,1.1494e-06,8.623e-12,1.1922e-18,,4.3227e-10,6.5415999999999995e-21,0.0033045,,1.5175e-22,1.1417e-08,,7.2494e-07,5.0832e-23,1.3557e-22,,5.1006e-26,,,,,3.4812e-07,8.871e-42,4.1306e-07,7.8612e-30,,,0.00076066,1.8254e-10,1.3699e-08,1.0737e-13,1.544e-11,2.7849e-05,5.8157e-07,6.0091e-05,9.7031e-09,0.0030412,7.5261e-06,2.8064e-08,0.0013382,6.8568e-08,1.9197e-20,2.2238e-10,9.2567e-17,6.477300000000001e-29,1.1827e-19,1.0311999999999999e-22,6.3035e-12,1.4603e-08,0.0048489,2.5216e-09,3.783e-06,5.0019e-08,1.4808e-10,0.0001234,,,,,,1.0144e-09,7.4881e-08,1.6889999999999999e-87,1.8922e-61,6.1704999999999994e-43,,,,0.00036631,3.8034999999999995e-46,1.6867e-42,0.010536,1.0415e-08,2.5976e-06,6.5966e-05,1.2582e-07,1.8689e-11,,,,,,,,,,,,,,,,6.31,,,,,,,,-0.97158,-0.26693,,,,-0.51497,,0.3537,,-7.9646,,-0.30872,-0.29844,0.07157,-9.6041,,,-0.66722,,-0.30169,-0.30169,-0.88419,,-9.40798,0.48745,-6.06944,,,,,7.07311,-9.05322,15.00447,-6.66006,,,,,,,,-1.41442,0.24071,,,,,,-5.85614,,,,,,0.44175,-5.47362,,,,,,,-0.59565,-9.32412,-5.90247,,,,-8.93899,,0.0013088083893,4.1424,2.0712,0.0553151,0.031595573374,-0.030941169179,0.032249977569,0.0764173,0.063191146748,-124.54427,-40.55978,-0.95887,-36.0734,-1.20597,-119.75835,-6,-191.54712,-45.36985,,1.53e-07,5.22e-07,1.5e-05,0.0133739,,0.00642259,,2.31e-08,,1.07e-06,0.00251521,2.81e-06,0.00608357,0.000788525,0.00444765,8.34e-08,0.00497613,,,,,0.000366737,0.0151156,6.87e-05,,
DNCB17-21,-2147483648,-2147483648,7.47,41.0,0.002927389,0.001729685,0.000208705,0.004780179,0.008720549,0.002054551,0.002784718,5.26e-06,0.000345374,7.69e-09,0.0,0.0,0.0,2.92e-06,8.95e-07,6.11e-09,0.0,0.0,5.97e-08,1.01e-08,0.0,3.25e-05,0.0,8.95e-08,3.57e-07,1.0,,,,,4.8901e-34,2.0678e-12,1.4486e-09,2.4171e-08,3.3122e-07,1.6328e-10,1.1781e-12,3.92e-11,2.1365e-17,9.664899999999999e-21,1.691e-09,3.2383e-17,5.9356e-09,5.2594e-06,1.9885e-29,3.9662999999999994e-21,5.1664999999999996e-36,1.0459e-55,8.5361e-05,0.00022225,1.1715e-07,0.0040574,2.9265e-06,1.562e-09,5.6608e-08,0.00041205,,,,,,,,,0.0020494,1.9333e-22,1.5768e-34,1.8353e-33,1.3961999999999999e-36,4.5305000000000003e-45,6.0444e-09,9.484200000000001e-30,0.00044107,2.1328e-05,2.6226e-11,3.1742e-12,1.7489e-23,3.6223e-11,1.9178e-23,,,,,,,,,,,,,,,,,,,,4.9339e-16,6.9864e-18,4.438600000000001e-19,4.7203e-29,9.9589e-21,2.5355e-08,1.6768e-08,1.3428e-17,1.811e-12,3.8588e-08,7.166899999999999e-40,4.8249e-34,1.0911e-09,55.8044806517312,5.8031e-21,,,,,1.4191999999999998e-32,9.0068e-09,2.4182e-11,3.0747e-20,,1.0184e-11,1.5823999999999998e-22,0.0078536,5.4569e-17,,,,8.5288e-07,8.6076e-22,2.0996e-17,,7.4061e-25,8.9447e-08,,,,4.4591e-06,1.7473999999999998e-43,7.1515e-09,1.44e-31,,1.0805e-12,0.00020667,2.004e-11,1.3887e-09,5.8419e-16,6.7602e-11,2.0287e-06,1.2258e-05,8.094e-05,7.0281e-08,0.0014332,1.3764e-06,2.2376e-07,0.0002016,2.7198e-06,3.8723e-20,3.5771e-09,1.0271e-12,1.2353e-22,1.779e-14,1.8746e-16,4.3738e-09,1.922e-07,0.0029064,6.0454e-10,8.3379e-07,4.3167e-07,1.4149e-09,1.9703e-05,,,,,,1.0178e-09,1.0433e-06,5.6999e-91,5.7877e-65,1.7331e-46,5.3098e-11,,,0.0003403,5.5349e-49,3.9364e-43,0.0021491,2.1626e-07,3.4615e-06,2.88e-05,2.2629e-08,1.4741e-10,,,,,,,,,2.5691e-08,1.2039e-10,1.6563e-13,1.2895e-16,1.4266e-10,1.9524e-17,3.3745e-08,7.47,,,,,,,,7.8414,-1.52037,,-9.97236,7.63924,1.31269,-6.32375,0.16646,,-4.95245,,1.51919,-1.49321,0.01673,-0.6757,,,-0.72215,,-0.35633,-0.35633,-0.93826,,-3.56939,4.22326,-3.10903,,,-8.25128,,7.16147,,15.18475,0.8935,,,,,,,,0.49381,0.52039,,,,,,-3.95661,,,,,,0.38691,-0.78798,,-3.19781,,,-3.90044,,1.29006,,2.91876,,-1.71538,,-6.0601,,0.00019320249374,1.3442,0.6721,0.0220661,0.014373101958,-0.014276500711,0.014469703205,0.0257778,0.028746203915,-125.11152,-41.2566,-1.71606,-36.01237,-1.19654,-122.47021,-6,-197.05664,-48.20163,,3.57e-07,7.69e-09,5.26e-06,0.00478018,,0.00205455,6.11e-09,,,8.95e-07,0.000313796,1.01e-08,0.00872055,0.000208705,0.00172968,2.92e-06,0.00292739,,,8.95e-08,,0.000345374,0.00278472,3.25e-05,,5.97e-08
DNCB17-24,-2147483648,-2147483648,7.98,28.0,0.001078306,8.8e-05,5.86e-05,0.000398473,0.001622504,0.00049897,1.41e-05,8.76e-07,0.000363177,0.0,0.0,0.0,0.0,1.05e-06,3.42e-06,0.0,0.0,0.0,4.59e-08,4.86e-07,0.0,1.6e-06,0.0,0.0,2.62e-07,1.0,,,,,4.1321e-34,1.5659e-10,6.8023e-10,3.7177e-09,2.5757e-07,3.4862e-11,9.1465e-13,,,,,,,8.7596e-07,2.3381e-32,4.1866999999999997e-22,3.4827e-37,1.859e-57,4.9139e-06,5.6084e-06,3.4e-08,0.00038738,8.2697e-08,1.5833e-11,6.2092e-09,4.4883e-07,,,,,,,,,0.00049878,1.76e-23,7.238599999999999e-36,1.5689000000000001e-34,1.8029999999999999e-37,2.6719e-48,,,3.3741e-05,8.582e-06,,,,,,,,,,,,,,,,,,,,,,,,,2.2469e-16,3.7825e-18,6.415e-20,4.0725e-31,1.006e-20,6.8454e-08,9.6494e-08,1.0811e-17,2.0786e-12,1.1046e-08,6.5898e-42,4.0987000000000005e-34,2.3543e-08,55.5568939211435,1.2113e-21,,,,,6.3009e-33,4.623e-07,,1.4725e-21,,9.4672e-13,5.9549e-24,0.0015679,,,,,3.2551e-06,1.7599999999999997e-21,2.3079e-17,,2.8033000000000002e-25,,,,,1.0344e-05,3.9072e-48,1.2601e-11,3.8068e-35,,3.8747e-12,5.8595e-05,8.931e-13,8.2592e-11,2.4439000000000004e-19,2.4316e-11,4.9197e-09,4.8205e-07,1.2318e-06,1.3359e-08,8.6095e-05,2.6134e-08,1.8832e-08,1.3278e-07,1.0463e-06,6.9257e-21,3.3444e-10,7.6939e-13,1.0841999999999999e-22,5.2243e-14,8.3085e-16,2.5747e-09,7.8373e-10,0.0010775,3.8759e-11,8.2709e-08,6.3167e-07,7.4901e-10,6.0421e-08,,,,,,1.2242e-09,1.245e-06,,7.1683e-73,3.867e-53,,,,0.00035215,3.0544e-54,2.5944e-47,1.3452e-05,6.8748e-09,3.6857e-08,1.5559e-06,3.6715e-10,8.6017e-12,,,,,,,,,1.7782e-08,1.3564e-11,6.5958e-15,1.666e-18,2.3161e-10,8.5477e-17,2.7869e-08,7.98,,,,,,,,9.47247,-5.68326,,,,-0.41529,-9.14575,-2.35975,,-5.93728,,-0.21664,-5.82041,0.34187,-3.03904,,,-0.39408,,-0.03775,-0.03775,-0.63935,,-4.60077,0.32326,-3.87491,,,,,8.40559,,17.55151,-7.39729,,,,,,,,-1.68081,3.77111,,,,,,-5.90268,,,,,,0.71211,-1.55675,,-4.8698,,,-4.27272,,-0.58191,,1.11933,,-5.58286,,-6.34821,,-2.83088107e-05,-1.3415,-0.6708,0.00260901,0.0021101596293,-0.0021243140346,0.0020960052239,0.00264383,0.0042203192586,-132.78822,-44.55566,-2.97266,-38.0734,-1.51208,-131.96779,-6,-213.15544,-53.64549,,2.62e-07,,8.76e-07,0.000398473,,0.00049897,,,,3.42e-06,1.11389e-07,4.86e-07,0.0016225,5.86e-05,8.8e-05,1.05e-06,0.00107831,,,,,0.000363177,1.41e-05,1.6e-06,,4.59e-08
DNCB17-25,-2147483648,-2147483648,5.96,70.7,0.004263201,0.000995268,0.00045603,0.00371775,0.005172346,0.004233774,0.002197585,1.24e-05,0.000982713,8.24e-08,3.34e-07,0.0,0.0,1.59e-05,3.43e-05,0.0,0.0,0.0,1.9e-07,1.21e-07,0.0,3.08e-05,0.0,5.67e-08,7.21e-07,1.0,1.0224e-12,3.2114e-09,1.6666e-07,8.769e-11,2.7973e-29,2.2624e-13,6.2278e-11,2.9273e-08,6.9034e-07,1.3221e-09,1.2896e-12,5.975e-09,2.14e-12,8.0972e-15,2.2283e-09,7.8265e-19,7.4192e-08,1.2397e-05,7.373199999999999e-26,2.3268e-20,7.4229e-35,2.2228e-53,1.3703e-06,5.8129e-05,2.0554e-08,0.0032743,7.7037e-06,6.4766e-09,1.8275e-08,0.00037616,,,,,,,,,0.0042204,2.8771999999999997e-21,9.332400000000001e-33,3.1596e-32,1.0524000000000001e-35,5.790699999999999e-40,,,0.0032392,2.0188e-07,,,,,,,,,,,,,,,,,,,,,,,,,7.1149e-12,1.1346e-13,1.8253e-14,1.0892e-22,6.0853e-18,4.9352e-06,7.1683e-08,3.3779e-14,3.6657e-09,1.2422e-06,9.116299999999999e-36,2.7982e-29,9.7921e-08,56.6289467760748,1.2897e-19,,,,1.6404e-07,1.1924e-26,2.3079e-08,2.2685e-12,3.5651e-18,,6.2958e-10,5.6058e-20,0.0018556,,,,,2.9289e-05,3.4785e-20,7.172200000000001e-19,,1.1976000000000001e-24,5.6698e-08,,,,7.1085e-07,6.786e-38,4.5196e-07,4.3329e-28,,1.0756e-14,0.00045147,1.8149e-10,1.3313e-08,1.9348e-13,3.3074e-11,4.5433e-06,1.1266e-07,1.5648e-05,7.7269e-09,0.00084245,2.171e-06,3.5104e-08,0.00013485,1.4464e-05,1.1739e-18,9.2706e-08,2.879e-13,1.0128e-24,8.5734e-17,5.9957e-20,5.2786e-09,1.3384e-06,0.0042291,3.032e-09,3.3002e-06,5.5325e-08,3.6752e-10,3.0784e-05,,,,,,8.0853e-10,1.7179e-07,6.8091e-80,8.9442e-57,8.541500000000001e-41,2.4451e-12,,,0.00098192,1.5541000000000002e-41,2.7065e-39,0.0016495,4.6586e-09,2.0655e-06,2.8656e-05,7.3371e-08,6.7694e-11,,,,,,,,,1.2309e-07,6.1951e-09,1.3865e-11,1.3918e-14,2.5047e-11,2.1709e-20,6.0679e-08,5.96,-1.28176,-2.95259,-1.28176,-5.47873,-2.09284,-8.37127,-2.33583,2.36042,-1.31168,-6.66695,,,-1.37809,,0.19043,-0.63949,-8.03674,,-1.15286,-1.51175,0.15483,-9.50447,,-8.00315,-0.59126,-3.98308,-0.20316,-0.20316,-0.74739,0.36801,-9.18434,-1.05186,-5.7984,3.30833,3.30366,,1.02632,8.73198,,18.61552,-9.44513,-4.3771,0.95481,-4.39085,4.35751,-2.06844,0.0996,-1.98892,-2.08534,6.34843,,-2.77747,0.9645,5.85297,-6.46991,-7.59213,,2.34188,-7.24606,-6.45493,3.47666,0.52482,-2.48427,-0.51547,,,-2.78979,-5.77066,,-1.6771,,-5.41727,,,-4.84432,-8.93168,-8.05957,0.0036695877568,32.591,16.2955,0.0170699,0.011259521043,-0.0094247271641,0.013094314921,0.0226423,0.022519042085,-111.20838,-36.07542,-0.61984,-31.90144,-0.5765,-106.59964,-6,-171.08048,-40.42394,3.34e-07,7.21e-07,8.24e-08,1.24e-05,0.00371775,,0.00423377,,,,3.43e-05,0.00317321,1.21e-07,0.00517235,0.00045603,0.000995268,1.59e-05,0.0042632,,,5.67e-08,,0.000982713,0.00219759,3.08e-05,,1.9e-07
DNCB17-30,-2147483648,-2147483648,6.24,45.3,0.004194475,0.000600699,0.000463959,0.003830031,0.008618938,0.00465687,0.000307412,1.4e-05,0.000904381,8.79e-09,0.0,0.0,3.58e-07,1.39e-06,5.5e-06,0.0,0.0,1.89e-08,5.97e-08,1.68e-06,0.0,1.02e-05,0.0,4.76e-08,6.47e-06,1.0,,,,,1.4148000000000001e-30,6.956e-12,1.1269e-09,3.0168e-07,6.1592e-06,8.0163e-09,2.1247e-12,7.3495e-10,2.323e-15,3.0292e-18,1.6399e-10,1.6388e-20,7.8909e-09,1.3997e-05,8.8332e-26,1.2175000000000001e-20,1.8249e-35,5.6181000000000005e-55,3.1786e-06,0.00012147,1.9475e-08,0.0036487,6.7206e-06,7.9902e-09,4.6889e-09,4.9956e-05,,,,,,,,,0.0046458,5.9818e-22,6.0494e-34,5.7989e-33,3.8671e-36,1.9402e-43,,,0.004118,7.0337e-07,,,,,,5.6111e-41,5.6674e-23,1.8505e-12,1.5128e-19,1.23e-23,1.4141e-07,1.3951e-20,2.7888e-17,1.7597e-08,1.5095e-17,1.3928e-10,4.1029e-14,3.3371e-17,3.7268e-18,2.8940000000000003e-19,6.333e-23,3.4994e-10,8.4599e-23,8.1358e-10,5.3086e-13,7.1697e-14,1.1937e-15,4.9532e-25,7.1825e-20,1.4929e-06,5.6503e-09,1.1652e-15,1.4235e-09,6.4615e-07,3.1331e-39,1.3995000000000001e-30,1.1494e-06,55.9025533290239,9.4584e-21,,,,,6.217699999999999e-28,5.3064e-07,1.5442e-13,1.493e-18,,3.8815e-10,7.973699999999999e-21,0.0043549,,5.622799999999999e-21,2.1658e-07,6.7443e-16,4e-06,4.0565e-22,5.3169e-21,,8.098e-26,4.7598e-08,,,,7.5089e-07,1.5733e-42,1.6418e-08,6.0137e-31,,9.2645e-16,0.00046338,1.3459e-10,8.1993e-09,3.5299e-15,1.2538e-11,5.696e-07,1.927e-07,1.9427e-05,4.9998e-09,0.000569,1.3424e-06,7.5785e-09,1.0722e-05,1.3715e-06,2.3483000000000003e-19,4.902e-09,3.6065e-15,2.4539e-27,3.3131e-18,2.2419999999999997e-21,1.858e-10,1.3371e-08,0.0041879,2.5272e-09,2.926e-06,9.7917e-08,1.6222e-10,3.5792e-06,,,,,,9.714e-10,7.949e-08,4.3284e-89,1.5517e-63,1.8834e-45,1.8833e-12,,,0.00090351,9.5862e-47,1.8478e-43,0.00024256,2.9816e-09,7.6167e-07,9.4163e-06,1.8998e-08,4.5691e-12,,,,,,,,,5.2638e-08,7.594e-10,2.3386e-12,3.8075e-15,1.9212e-12,1.1559999999999998e-21,6.2986e-09,6.24,,,,,,,,1.0795,-2.82392,,,,-0.75798,,0.66099,,-8.79001,,-0.54884,-3.48829,0.54073,,,,-0.19914,,0.16986,0.16986,-0.40599,,-9.66878,-0.39269,-6.38663,,,,,8.00264,-9.38252,16.90804,-8.79749,,,,,,,,-2.05061,3.20469,-6.88209,,,,,-6.61068,,,,,,0.91088,-3.26661,,,,,-5.50668,,-1.47905,-9.92056,-6.44813,-3.54439,,,-8.87417,,0.0037638947345,33.0429,16.5215,0.0158696,0.011390930312,-0.0095089829452,0.01327287768,0.0205512,0.022781860625,-122.0936,-39.60721,-0.70617,-35.36776,-1.09842,-118.90793,-6,-190.83721,-45.90765,,6.47e-06,8.79e-09,1.4e-05,0.00383003,,0.00465687,,3.58e-07,1.89e-08,5.5e-06,0.00410379,1.68e-06,0.00861894,0.000463959,0.000600699,1.39e-06,0.00419447,,,4.76e-08,,0.000904381,0.000307412,1.02e-05,,5.97e-08
DNCB17-32,-2147483648,-2147483648,5.71,64.7,0.004240582,0.000494548,0.000446567,0.00123085,0.00405626,0.004036612,0.000182802,1.38e-05,0.000655142,2.09e-08,1.85e-07,0.0,0.0,5.76e-06,4.78e-06,0.0,0.0,0.0,4.59e-08,3.27e-06,0.0,9.42e-06,0.0,1.05e-07,5.26e-06,1.0,7.9709e-12,5.3563e-09,5.6844e-08,3.0715e-10,2.4786999999999997e-28,1.5038e-12,1.3575e-10,1.0947e-07,5.1408e-06,9.5575e-09,3.5827e-12,2.8203e-09,3.6382e-13,1.0763e-15,2.5052e-10,1.3947e-20,1.7829e-08,1.3796e-05,4.2629000000000005e-25,2.1826000000000002e-20,5.8878e-35,1.0609e-53,1.4668e-07,1.1782e-05,2.6029e-09,0.0012002,2.8022e-06,2.5293e-09,2.5922e-09,1.5928e-05,,,,,,,,,0.0040293,1.9013e-21,4.7552e-33,2.0272e-32,7.8509e-36,8.744800000000001e-41,,,0.0030715,5.1621e-08,,,,,,,,,,,,,,,,,,,,,,,,,2.628e-12,1.2326e-13,6.858e-15,2.2524e-23,4.0507e-19,1.3472e-06,3.4898e-09,5.6215e-15,1.9265e-09,2.143e-06,1.5442e-36,2.4773e-28,2.9159e-06,56.436087772249,7.2398e-20,,,,1.2248e-07,2.2429000000000003e-25,3.5413e-07,1.179e-13,6.6849e-18,,1.1061e-09,7.1515e-20,0.00096747,,,,,3.4274e-06,1.0903e-21,2.058e-20,,3.1512000000000004e-25,1.05e-07,,,,2.3062e-07,2.0386e-39,6.9558e-08,3.2081000000000004e-29,,2.9241e-16,0.00044609,1.9328e-10,1.1766e-08,2.6677e-14,1.3419e-11,4.609e-07,1.9307e-08,4.8379e-06,1.5394e-09,0.0004797,1.252e-06,8.1595e-09,8.7261e-06,5.6668e-06,9.5159e-19,3.3406e-08,1.9605e-14,1.0109e-26,3.5475e-18,1.0996999999999998e-21,8.8945e-10,5.8944e-08,0.0042342,3.3712e-09,3.2169e-06,2.1488e-08,1.5687e-10,3.1319e-06,,,,,,8.3409e-10,6.8983e-08,5.9683000000000005e-83,2.7264e-59,7.6166e-43,2.1094e-12,,,0.00065489,7.2523e-43,4.6074e-41,0.00015443,4.2794e-10,3.2552e-07,9.0708e-06,2.3294e-08,8.1653e-12,,,,,,,,,3.7228e-08,1.488e-09,3.5531e-12,3.6885e-15,1.4082e-12,2.3473e-22,7.1787e-09,5.71,-2.32085,-4.0085,-2.32085,-6.99255,-2.94798,-9.24768,-2.73948,-5.76462,-3.49779,-8.936,,,-2.86552,,0.18764,-0.73239,-9.41758,,-2.64418,-3.7186,-0.02248,,,,-0.76703,-4.2088,-0.38351,-0.38351,-0.93455,0.29409,,-3.80182,-7.41008,-2.06373,-2.06763,,1.01134,7.40162,,15.89499,,-5.19245,-0.01711,-5.01401,3.89284,-2.45865,-2.38491,-4.08452,-3.34873,2.13118,,-5.17788,-0.00946,4.72785,-7.15579,-8.59036,,1.15778,,,2.61583,0.34754,-3.88923,-1.50993,,,-3.19886,-7.32729,,-3.17508,,,,,-7.47453,,,0.002777507962,41.3574,20.6787,0.00857051,0.0067158741456,-0.0053271201646,0.0081046281266,0.0117984,0.013431748291,-113.66677,-36.90312,-0.68198,-32.67054,-0.69136,-109.50265,-6,-175.80937,-41.81197,1.85e-07,5.26e-06,2.09e-08,1.38e-05,0.00123085,,0.00403661,,,,4.78e-06,0.00306409,3.27e-06,0.00405626,0.000446567,0.000494548,5.76e-06,0.00424058,,,1.05e-07,,0.000655142,0.000182802,9.42e-06,,4.59e-08
DNCB17-36,-2147483648,-2147483648,6.68,42.2,0.00081471,0.00044641,9.54e-05,0.000814162,0.002027311,0.000714185,0.000234749,1.63e-06,0.000484236,0.0,0.0,0.0,0.0,3.27e-06,2.02e-06,0.0,0.0,0.0,0.0,7.03e-07,0.0,4.99e-06,0.0,2.79e-08,1.86e-06,1.0,,,,,2.0112000000000003e-31,9.1034e-12,3.6431e-10,3.4224e-08,1.825e-06,4.2821e-10,1.4827e-12,,,,,,,1.6299e-06,2.4139000000000002e-29,1.2796e-21,1.7341e-36,3.9504e-56,7.4388e-07,1.0633e-05,6.6213e-09,0.00078853,2.642e-07,5.6353e-11,2.4397e-09,1.3978e-05,,,,,,,,,0.00071364,7.3819e-23,6.396600000000001e-35,7.048700000000001e-34,5.1438e-37,8.518e-45,,,0.00054204,5.3555e-07,,,,,,,,,,,,,,,,,,,,,,,,,2.7645e-14,1.6209e-15,1.1483e-17,5.715499999999999e-28,2.2948e-20,2.7211e-07,5.5097e-09,1.607e-16,9.005e-11,2.2383e-07,1.0904e-39,1.9952e-31,3.3917e-07,55.8309376103294,6.6621999999999996e-21,,,,,3.7314000000000004e-29,3.6382e-07,,6.3907e-20,,2.3342e-11,3.9247e-22,0.0014672,,,,,1.7423e-06,3.1074e-22,1.6684000000000002e-19,,1.3422000000000002e-25,2.7897e-08,,,,9.8361e-07,1.9986e-43,5.5648e-09,1.326e-31,,,9.5275e-05,3.4145e-12,2.6944e-10,2.5284e-16,6.0223e-12,1.25e-07,1.5863e-07,5.8144e-06,5.921e-09,0.00042997,1.8482e-07,1.4189e-08,1.0266e-05,3.2268e-06,1.8657000000000002e-19,2.0062e-09,5.066e-14,1.4034e-25,1.2961e-16,1.8460000000000001e-19,1.1221e-09,4.0062e-08,0.00081385,6.1725e-11,9.5691e-08,3.004e-08,7.5386e-11,7.3554e-07,,,,,,1.008e-09,1.7e-07,6.3426e-91,4.8027e-65,1.1149e-46,2.6194e-12,,,0.00048321,4.3071e-48,5.736799999999999e-44,0.0002096,1.6616e-09,1.495e-07,4.837e-06,1.7948e-09,5.6185e-12,,,,,,,,,,,,,,,,6.68,,,,,,,,0.07217,-3.63224,,,,-1.65652,,0.12677,,-7.74684,,-1.44929,-3.70152,0.20991,-8.6671,,,-0.52924,,-0.16253,-0.16253,-0.74274,,-9.02508,-1.4475,-5.70042,,,,,7.57046,,16.01395,,,,,,,,,-2.2075,1.7919,,,,,,-6.68634,,,,,,0.58008,-2.63516,,,,,,,-1.77752,,-4.67823,,,,-8.92225,,0.00077768184346,25.9689,12.9844,0.00443356,0.0029946696904,-0.0026058287687,0.0033835106121,0.00510966,0.0059893393808,-124.44612,-40.97721,-1.61689,-35.83055,-1.16873,-121.20579,-6,-194.78321,-47.29479,,1.86e-06,,1.63e-06,0.000814162,,0.000714185,,,,2.02e-06,0.000535502,7.03e-07,0.00202731,9.54e-05,0.00044641,3.27e-06,0.00081471,,,2.79e-08,,0.000484236,0.000234749,4.99e-06,,
DNCB17-37,-2147483648,-2147483648,6.4,44.6,0.000945638,0.000376466,0.000159342,0.001762813,0.002636979,0.000462302,0.001273163,1.13e-06,0.000761959,1.54e-08,0.0,0.0,0.0,6.08e-06,8.2e-06,0.0,0.0,0.0,5.35e-08,7.98e-06,0.0,1.05e-05,0.0,3.12e-08,5.32e-07,1.0,,,,,5.2010000000000005e-30,4.6026e-11,5.6967e-11,1.0217e-08,5.2165e-07,7.6321e-11,2.6811e-13,8.5909e-10,2.6266e-16,3.5418e-20,4.2672e-10,7.1928e-20,1.4114e-08,1.1299e-06,2.4623e-29,9.6055e-22,1.4076e-36,4.0504e-56,8.314e-07,2.1592e-05,1.1272e-08,0.00161,3.3229e-07,4.2586e-11,3.0815e-09,0.00013006,,,,,,,,,0.00046181,5.6703e-23,5.5392e-35,5.4782e-34,3.7218e-37,3.8833999999999997e-44,,,0.0010557,3.2634e-07,,,,,,,,,,,,,,,,,,,,,,,,,3.7096e-13,3.3511e-14,9.3787e-17,3.8333e-27,1.0879000000000002e-19,1.6897e-06,1.2403e-08,1.2388e-15,1.0279e-09,4.3436e-07,2.4768e-39,5.1569e-30,4.9853e-06,55.8861839514525,8.746e-21,,,,,1.6722e-27,2.9947e-06,5.5089e-13,8.5346e-20,,2.7752e-11,5.4512999999999995e-22,0.0015536,,,,,6.4968e-06,8.4346e-22,6.4861e-20,,1.0237000000000001e-25,3.1198e-08,,,,8.7242e-07,4.3132e-42,5.6082e-08,1.8653e-30,,2.3917e-15,0.00015833,3.9393e-12,2.9476e-10,4.3415e-15,6.126e-12,1.0161e-06,6.6737e-08,4.5435e-06,3.8233e-09,0.00033502,8.7795e-08,6.6276e-09,3.6733e-05,5.7472e-06,6.041500000000001e-19,2.2787e-09,3.2559e-14,3.689e-26,4.2459e-17,3.6573e-20,1.1764e-09,3.2935e-07,0.00094135,4.8785e-11,6.9894e-08,2.7885e-08,5.2332e-11,4.1853e-06,,,,,,9.8064e-10,1.0622e-07,3.0385e-88,1.2880000000000001e-62,1.8077999999999999e-44,1.6929e-12,,,0.00076104,1.8445e-46,6.6667999999999995e-43,0.0011008,1.9191e-09,3.2871e-07,1.0167e-05,2.3162e-09,7.3767e-12,,,,,,,,,4.5332e-08,7.111e-11,2.3588e-14,3.8764e-18,3.5978e-12,3.753e-21,8.0932e-09,6.4,,,,,,,,1.43511,-2.22214,,,,-1.6023,,0.24102,,-8.62312,,-1.3936,-2.30633,0.44609,,,,-0.29362,,0.07486,0.07486,-0.50196,,-9.70021,-1.91444,-6.32042,,,,,8.3287,,17.55332,,,,,,,,,-2.72818,4.15643,,,,,,-7.26881,,,,,,0.81624,-2.68195,,,,,-5.92064,,-1.74206,,-6.33452,,,,-8.97306,,0.00081576431341,17.5665,8.7833,0.00770945,0.0046438533107,-0.004235971154,0.0050517354674,0.00950044,0.0092877066214,-123.01491,-40.30855,-1.30458,-35.47137,-1.11408,-118.83653,-6,-190.549,-45.63226,,5.32e-07,1.54e-08,1.13e-06,0.00176281,,0.000462302,,,,8.2e-06,0.00103621,7.98e-06,0.00263698,0.000159342,0.000376466,6.08e-06,0.000945638,,,3.12e-08,,0.000761959,0.00127316,1.05e-05,,5.35e-08
DNCB17-38,-2147483648,-2147483648,6.48,51.5,0.000873867,0.000445176,0.000170851,0.003011627,0.003245008,0.000611232,0.001920675,1e-06,0.001381496,8.79e-09,1.48e-07,0.0,0.0,3.46e-06,6.95e-06,0.0,0.0,0.0,0.0,2.31e-07,0.0,2.51e-05,0.0,0.0,7.14e-07,1.0,1.4179e-13,7.347e-10,9.6009e-08,1.4652e-11,6.6123e-31,2.2693e-12,1.4188e-10,2.0583e-08,6.9313e-07,1.4293e-10,8.1059e-13,3.3825e-10,5.1279e-16,1.2168e-19,3.8805e-10,2.1258000000000002e-19,8.0629e-09,9.9995e-07,8.0561e-30,1.0613999999999998e-21,1.9349e-36,1.0706e-55,2.5765e-06,4.7223e-05,4.7309e-08,0.002674,7.4772e-07,1.1266e-10,1.09e-08,0.00028702,,,,,,,,,0.00061026,1.2115e-22,1.6549e-34,1.2106000000000001e-33,6.728e-37,4.4169e-43,,,0.001116,5.971e-07,,,,,,,,,,,,,,,,,,,,,,,,,2.0231e-13,7.1868e-15,6.7041e-17,7.7002e-27,2.0078e-19,8.6768e-07,1.9834e-08,1.1724e-15,3.5163e-10,3.6685e-07,2.4594e-38,6.5633e-31,1.312e-07,56.0571226009014,1.8668e-20,,,,5.1241e-08,1.4195999999999999e-28,9.9798e-08,7.4951e-13,6.7694e-20,,2.8946e-11,8.7474e-22,0.0020704,,,,,6.0621e-06,2.2959999999999997e-21,2.2231000000000004e-19,,3.3334000000000004e-25,,,,,2.2292e-06,4.991100000000001e-41,7.7452e-08,6.561700000000001e-30,,,0.00016934,4.0838e-12,4.7756e-10,7.5297e-15,1.2591e-11,1.514e-06,1.3494e-07,6.8966e-06,1.0698e-08,0.00038183,1.3021e-07,1.4612e-08,5.6157e-05,3.204e-06,2.0204e-19,1.8968e-09,6.502e-14,2.7019000000000003e-25,9.0259e-17,1.2160000000000002e-19,1.216e-09,2.5285e-07,0.00086828,4.1688e-11,8.6883e-08,5.4213e-08,8.7727e-11,5.4504e-06,,,,,,9.1581e-10,1.9812e-07,4.032e-86,3.3827e-61,1.1672e-43,,,,0.0013792,2.0866000000000002e-45,8.7324e-42,0.0015702,8.5608e-09,1.1784e-06,2.3906e-05,7.3525e-09,3.8153e-11,,,,,,,,,,,,,,,,6.48,-0.46801,-2.19292,-0.46801,-7.64239,-1.80133,-8.14577,-2.71755,4.36151,-1.67158,-6.10239,,,-0.91265,,0.46916,-1.03725,-7.95523,,-0.69968,-1.62229,0.6959,-8.27605,-9.78862,-6.55644,-0.04542,-4.90396,0.32817,0.32817,-0.23928,0.03119,-7.60844,-0.70476,-5.34423,4.48495,4.48257,,0.87431,8.10113,,17.16458,-9.40202,-3.95587,2.39915,-4.04667,4.88318,-2.40713,2.18206,-0.87434,-2.2068,3.73263,,-2.83498,2.40317,6.60719,-6.74256,-6.95241,,2.49004,-5.84541,-4.39112,4.95499,1.066,-2.74129,0.85735,,,-3.18904,,,-0.93014,,-3.24993,,,-3.22384,-7.84498,-6.61484,0.0014292517627,21.828,10.914,0.0112023,0.0065478016502,-0.0058331757688,0.0072624275315,0.0138276,0.0130956033,-119.80776,-39.22883,-1.21989,-34.46904,-0.96207,-115.72653,-6,-185.73569,-44.49481,1.48e-07,7.14e-07,8.79e-09,1e-06,0.00301163,,0.000611232,,,,6.95e-06,0.00109683,2.31e-07,0.00324501,0.000170851,0.000445176,3.46e-06,0.000873867,,,,,0.0013815,0.00192067,2.51e-05,,
