Sample,Year,Area,pH,Temperature,Na+_(input),Mg+2_(input),K+_(input),Ca+2_(input),HCO3-_(input),Cl-_(input),SO4-2_(input),Br-_(input),SiO2_(input),Be+2_(input),Al+3_(input),VO+2_(input),CrO4-2_(input),Mn+2_(input),Fe+2_(input),Co+2_(input),Ni+2_(input),Cu+2_(input),Zn+2_(input),H2AsO4-_(input),SeO3-2_(input),Sr+2_(input),Cd+2_(input),SbO2-_(input),Ba+2_(input),rho_(input),redox_(input),redox_(input),redox_(input),Al+3,AlO+,AlO2-,AlOH+2,AsO2-,AsO4-3,Ba(CO3),Ba(HCO3)+,Ba+2,BaCl+,BaOH+,Be+2,BeCl+,BeCl2,BeO,BeO2-2,BeOH+,Br-,Br3-,BrO-,BrO3-,BrO4-,CO,CO2,CO3-2,Ca(CO3),Ca(HCO3)+,Ca(HSiO3)+,Ca+2,CaCl+,CaCl2,CaOH+,CaSO4,Cd+2,CdCl+,CdCl2,CdCl3-,CdCl4-2,CdO,CdO2-2,CdOH+,Cl-,ClO-,ClO2-,ClO3-,ClO4-,Co+2,Co+3,CoCl+,CoO,CoO2-2,CoOH+,CoOH+2,Cr+2,Cr+3,Cr2O7-2,CrO+,CrO2-,CrO4-2,CrOH+2,Cu+,Cu+2,CuCl,CuCl+,CuCl2,CuCl2-,CuCl3-,CuCl3-2,CuCl4-2,CuO,CuO2-2,CuOH+,Fe+2,Fe+3,FeCl+,FeCl2,FeO,FeO+,FeO2-,FeOH+,FeOH+2,H+,H2,H2AsO3-,H2AsO4-,H2O,H2O2,H2SeO3,H2VO4-,H3VO4,HAlO2,HAsO2,HAsO4-2,HBeO2-,HBrO,HCO3-,HCdO2-,HCl,HClO,HCoO2-,HCrO2,HCrO4-,HCuO2-,HFeO2,HFeO2-,HMnO2-,HNiO2-,HO2-,HSO3-,HSO4-,HSO5-,HSbO2,HSe-,HSeO3-,HSeO4-,HSiO3-,HVO4-2,HZnO2-,K+,KBr,KCl,KHSO4,KOH,KSO4-,Mg(CO3),Mg(HCO3)+,Mg(HSiO3)+,Mg+2,MgCl+,MgOH+,MgSO4,Mn+2,Mn+3,MnCl+,MnO,MnO2-2,MnO4-,MnO4-2,MnOH+,MnSO4,Na+,NaBr,NaCl,NaHSiO3,NaOH,NaSO4-,Ni+2,NiCl+,NiO,NiO2-2,NiOH+,O2,OH-,S2O5-2,S2O6-2,S2O8-2,SO2,SO3-2,SO4-2,SbO2-,SeO3-2,SeO4-2,SiO2,Sr(CO3),Sr(HCO3)+,Sr+2,SrCl+,SrOH+,V+2,V+3,VO+,VO+2,VO2+,VO4-3,VOH+,VOH+2,Zn+2,ZnCl+,ZnCl2,ZnCl3-,ZnO,ZnO2-2,ZnOH+,None,albite,"albite,high","albite,low",alunite,analcime,"analcime,dehydrated",andalusite,andradite,anhydrite,anorthite,anthophyllite,antigorite,aragonite,artinite,barite,boehmite,brucite,bunsenite,calcite,celestite,chalcedony,chrysotile,"clinochlore,14a",clinozoisite,coesite,corundum,cristobalite,"cristobalite,alpha","cristobalite,beta",diaspore,diopside,dolomite,enstatite,epidote,"epidote,ordered",forsterite,gibbsite,goethite,halite,hematite,huntite,jadeite,kalsilite,kaolinite,kyanite,laumontite,lawsonite,magnesite,magnetite,malachite,margarite,"microcline,maximum",muscovite,nepheline,nesquehonite,paragonite,phlogopite,prehnite,pyrophyllite,quartz,rhodochrosite,"sanidine,high",sepiolite,siderite,sillimanite,smithsonite,spinel,strontianite,sylvite,talc,tenorite,tremolite,wairakite,wollastonite,zoisite,df,%CI of mean,%CI of total,Charge imbalance,IS (molal),Mean charge,Sigma(mz) anions,Sigma(mz) cations,Total charge,stoichiometric IS (molal),Log(Al+3 / H+**3),Log(AsO2- x H+**1),Log(Ba+2 / H+**2),Log(Be+2 / H+**2),Log(Br- x H+**1),Log(Br3- x H+**1),Log(BrO3- x H+**1),Log(BrO4- x H+**1),Log(Ca+2 / H+**2),Log(Cd+2 / H+**2),Log(Cl- x H+**1),Log(ClO- x H+**1),Log(ClO2- x H+**1),Log(ClO3- x H+**1),Log(ClO4- x H+**1),Log(Co+2 / H+**2),Log(Co+3 / H+**3),Log(Cr+2 / H+**2),Log(Cr+3 / H+**3),Log(CrO4-2 x H+**2),Log(Cu+ / H+**1),Log(Cu+2 / H+**2),Log(Fe+2 / H+**2),Log(Fe+3 / H+**3),Log(H2AsO3- x H+**1),Log(H2AsO4- x H+**1),Log(H2VO4- x H+**1),Log(HCO3- x H+**1),Log(HS- x H+**1),Log(HSO5- x H+**1),Log(HSe- x H+**1),Log(K+ / H+**1),Log(Mg+2 / H+**2),Log(Mn+2 / H+**2),Log(Mn+3 / H+**3),Log(MnO4- x H+**1),Log(MnO4-2 x H+**2),Log(Na+ / H+**1),Log(Ni+2 / H+**2),Log(S2-2 x H+**2),Log(S2O3-2 x H+**2),Log(S2O4-2 x H+**2),Log(S2O5-2 x H+**2),Log(S2O6-2 x H+**2),Log(S2O8-2 x H+**2),Log(S3-2 x H+**2),Log(S3O6-2 x H+**2),Log(S4-2 x H+**2),Log(S4O6-2 x H+**2),Log(S5-2 x H+**2),Log(S5O6-2 x H+**2),Log(SO3-2 x H+**2),Log(SO4-2 x H+**2),Log(SbO2- x H+**1),Log(SeO3-2 x H+**2),Log(SeO4-2 x H+**2),Log(Sr+2 / H+**2),Log(V+2 / H+**2),Log(V+3 / H+**3),Log(VO+2 / H+**2),Log(VO2+ / H+**1),Log(Zn+2 / H+**2)
,,,pH,degC,Molality,Molality,Molality,Molality,Molality,Molality,Molality,Molality,Molality,Molality,Molality,Molality,Molality,Molality,Molality,Molality,Molality,Molality,Molality,Molality,Molality,Molality,Molality,Molality,Molality,,flag,value,unit,log_activity,log_activity,log_activity,log_activity,log_activity,log_activity,log_activity,log_activity,log_activity,log_activity,log_activity,log_activity,log_activity,log_activity,log_activity,log_activity,log_activity,log_activity,log_activity,log_activity,log_activity,log_activity,log_activity,log_activity,log_activity,log_activity,log_activity,log_activity,log_activity,log_activity,log_activity,log_activity,log_activity,log_activity,log_activity,log_activity,log_activity,log_activity,log_activity,log_activity,log_activity,log_activity,log_activity,log_activity,log_activity,log_activity,log_activity,log_activity,log_activity,log_activity,log_activity,log_activity,log_activity,log_activity,log_activity,log_activity,log_activity,log_activity,log_activity,log_activity,log_activity,log_activity,log_activity,log_activity,log_activity,log_activity,log_activity,log_activity,log_activity,log_activity,log_activity,log_activity,log_activity,log_activity,log_activity,log_activity,log_activity,log_activity,log_activity,log_activity,log_activity,log_activity,log_activity,log_activity,log_activity,log_activity,log_activity,log_activity,log_activity,log_activity,log_activity,log_activity,log_activity,log_activity,log_activity,log_activity,log_activity,log_activity,log_activity,log_activity,log_activity,log_activity,log_activity,log_activity,log_activity,log_activity,log_activity,log_activity,log_activity,log_activity,log_activity,log_activity,log_activity,log_activity,log_activity,log_activity,log_activity,log_activity,log_activity,log_activity,log_activity,log_activity,log_activity,log_activity,log_activity,log_activity,log_activity,log_activity,log_activity,log_activity,log_activity,log_activity,log_activity,log_activity,log_activity,log_activity,log_activity,log_activity,log_activity,log_activity,log_activity,log_activity,log_activity,log_activity,log_activity,log_activity,log_activity,log_activity,log_activity,log_activity,log_activity,log_activity,log_activity,log_activity,log_activity,log_activity,log_activity,log_activity,log_activity,log_activity,log_activity,log_activity,log_activity,log_activity,log_activity,log_activity,log_activity,log_activity,log_activity,log_activity,log_activity,log_activity,log_activity,log_activity,log_activity,log_activity,log_activity,log_activity,log_activity,log_activity,log_activity,log_activity,log_activity,affinity_kcal,affinity_kcal,affinity_kcal,affinity_kcal,affinity_kcal,affinity_kcal,affinity_kcal,affinity_kcal,affinity_kcal,affinity_kcal,affinity_kcal,affinity_kcal,affinity_kcal,affinity_kcal,affinity_kcal,affinity_kcal,affinity_kcal,affinity_kcal,affinity_kcal,affinity_kcal,affinity_kcal,affinity_kcal,affinity_kcal,affinity_kcal,affinity_kcal,affinity_kcal,affinity_kcal,affinity_kcal,affinity_kcal,affinity_kcal,affinity_kcal,affinity_kcal,affinity_kcal,affinity_kcal,affinity_kcal,affinity_kcal,affinity_kcal,affinity_kcal,affinity_kcal,affinity_kcal,affinity_kcal,affinity_kcal,affinity_kcal,affinity_kcal,affinity_kcal,affinity_kcal,affinity_kcal,affinity_kcal,affinity_kcal,affinity_kcal,affinity_kcal,affinity_kcal,affinity_kcal,affinity_kcal,affinity_kcal,affinity_kcal,affinity_kcal,affinity_kcal,affinity_kcal,affinity_kcal,affinity_kcal,affinity_kcal,affinity_kcal,affinity_kcal,affinity_kcal,affinity_kcal,affinity_kcal,affinity_kcal,affinity_kcal,affinity_kcal,affinity_kcal,affinity_kcal,affinity_kcal,affinity_kcal,affinity_kcal,affinity_kcal,Eh_volts,%,%,eq/kg.H2O,molality,eq/kg.H2O,eq/kg.H2O,eq/kg.H2O,eq/kg.H2O,molality,Log ion-H+ activity ratio,Log ion-H+ activity ratio,Log ion-H+ activity ratio,Log ion-H+ activity ratio,Log ion-H+ activity ratio,Log ion-H+ activity ratio,Log ion-H+ activity ratio,Log ion-H+ activity ratio,Log ion-H+ activity ratio,Log ion-H+ activity ratio,Log ion-H+ activity ratio,Log ion-H+ activity ratio,Log ion-H+ activity ratio,Log ion-H+ activity ratio,Log ion-H+ activity ratio,Log ion-H+ activity ratio,Log ion-H+ activity ratio,Log ion-H+ activity ratio,Log ion-H+ activity ratio,Log ion-H+ activity ratio,Log ion-H+ activity ratio,Log ion-H+ activity ratio,Log ion-H+ activity ratio,Log ion-H+ activity ratio,Log ion-H+ activity ratio,Log ion-H+ activity ratio,Log ion-H+ activity ratio,Log ion-H+ activity ratio,Log ion-H+ activity ratio,Log ion-H+ activity ratio,Log ion-H+ activity ratio,Log ion-H+ activity ratio,Log ion-H+ activity ratio,Log ion-H+ activity ratio,Log ion-H+ activity ratio,Log ion-H+ activity ratio,Log ion-H+ activity ratio,Log ion-H+ activity ratio,Log ion-H+ activity ratio,Log ion-H+ activity ratio,Log ion-H+ activity ratio,Log ion-H+ activity ratio,Log ion-H+ activity ratio,Log ion-H+ activity ratio,Log ion-H+ activity ratio,Log ion-H+ activity ratio,Log ion-H+ activity ratio,Log ion-H+ activity ratio,Log ion-H+ activity ratio,Log ion-H+ activity ratio,Log ion-H+ activity ratio,Log ion-H+ activity ratio,Log ion-H+ activity ratio,Log ion-H+ activity ratio,Log ion-H+ activity ratio,Log ion-H+ activity ratio,Log ion-H+ activity ratio,Log ion-H+ activity ratio,Log ion-H+ activity ratio,Log ion-H+ activity ratio,Log ion-H+ activity ratio,Log ion-H+ activity ratio
DN13CB11,0.0,0.0,6.22,73.3,0.050631218,0.000112734,0.004156191,0.001746594,0.012776809,0.041406933,0.00039975,0.0,0.002812839,6.17e-07,0.0,4.53e-08,0.0,8.06e-06,8.04e-06,0.0,0.0,2.68e-08,0.0,2.21e-05,3.8e-08,0.0,0.0,2.96e-07,4.7e-06,0.9758705216549729,0.0,-6.0000E+00,Log fO2 (log bars) [default = -6],,,,,-26.2606,-10.5642,-8.7537,-6.4051,-5.7723,-7.3341,-10.9669,-7.901,-10.0364,-11.3913,-7.5143,-16.5933,-6.3568,,,,,,-38.6303,-2.2173,-6.138,-5.4853,-4.1991,-7.4416,-3.1609,-4.6471,-6.7136,-7.8964,-4.705,,,,,,,,,-1.4845,-19.5805,-31.0218,-30.5343,-34.0422,,,,,,,,,,,,,,,-14.7334,-8.0647,-14.1767,-8.9862,-11.489,-13.2849,-14.7604,-14.851,-19.0527,-8.5938,-20.0247,-8.6586,-12.527,-14.9416,-13.9801,-21.0731,-17.7112,-6.2871,-7.4949,-14.3604,-9.9008,-6.22,-34.7126,-26.258,-4.9364,-0.000833277,-18.7846,-17.4845,-7.4707,-10.1894,,-23.8548,-5.4934,-10.2762,,-2.2647,,-8.5079,-18.5001,,,,-13.5504,-5.1341,-19.7273,-17.6558,,-23.5894,-38.0066,-7.4826,-28.3663,-6.5287,-71.8983,-14.068,-11.554,-5.4715,-8.8443,,-2.4927,,-5.9783,-12.8402,-9.2374,-5.3251,-7.164,-5.3537,-8.4569,-4.3208,-5.7889,-8.2103,-5.7357,-5.4881,-19.1897,-6.525,-12.2991,-23.3635,-15.645,-18.7028,-8.4274,-7.1212,-1.4031,,-3.4844,-5.5055,-8.0833,-4.3772,,,,,,-9.095,-6.513,-80.9772,-58.0872,-42.3038,-41.815,-39.3529,-3.8804,-10.6622,-15.1452,-7.8064,-2.552,,,,,,-52.7432,-39.6973,-31.4479,-21.9488,-13.9887,-15.336,-52.1575,-34.654,,,,,,,,,,,,,,,,3.1713400000000003,-3.3127,,,,-0.78317,,-0.17684,,-8.70502,,-0.55625,,0.8381200000000001,,,,0.09136,,0.48145,0.48145,-0.05995,,-8.21485,-0.76379,-5.75891,,,,,7.734719999999999,-7.13685,16.648120000000002,-9.76196,,,,,,,-2.39186,3.4561800000000003,-6.00399,,,,,-8.1663,,,,,1.2081,-1.8619599999999998,,,,,,,,-8.198789999999999,-4.65249,-2.72933,,,-7.99697,,0.6579999999999999,17.8174,8.9087,0.0094848039475,0.0552927,0.053233526688,-0.048491124714,0.057975928662,0.10646705338,0.06202869999999999,,-32.48063,6.667680000000001,4.53904,,,,,9.279110000000001,,-7.7045,-25.800539999999998,-37.24178,-36.75432,-40.262209999999996,,,,,,-8.51338,4.375319999999999,-0.08698,3.71844,-32.47803,-11.1564,-13.690660000000001,-8.48475,-114.87288999999998,-34.586259999999996,-78.11833,3.7272800000000004,8.11924,6.95195,-0.5297,-21.86499,-31.14283,4.81686,,-206.40185,-126.62255,-118.45108,-93.41723,-70.52724,-54.74377,-286.20579,-152.66933999999998,-366.202,-220.31711,-446.38755999999995,-314.39918,-51.79291,-16.32039,-16.88224,-27.585209999999996,-20.24642,,-40.30317,-21.03732,-9.50883,-7.7687100000000004,
DN13CB14,0.0,0.0,6.26,78.3,0.01874312,5.02e-05,0.000718701,0.000736065,0.008010908,0.007954193,0.001540704,0.0,0.001741112,4.21e-07,1.11e-06,0.0,0.0,1.41e-06,7.14e-06,0.0,0.0,0.0,9.02e-08,2e-05,0.0,0.0,0.0,1.78e-07,6.7e-07,0.9728678387974332,0.0,-6.0000E+00,Log fO2 (log bars) [default = -6],-13.5504,-8.7157,-6.1629,-10.9152,-25.8374,-10.4771,-9.54,-7.2283,-6.4877,-8.6841,-11.4647,-8.1401,-10.5756,-12.5139,-7.5321,-16.347,-6.4908,,,,,,-38.2015,-2.4217,-6.2648,-5.8443,-4.6282,-7.8287,-3.4468,-5.5779,-8.338,-7.9791,-4.2123,,,,,,,,,-2.1674,-20.1357,-31.4872,-31.0789,-34.6393,,,,,,,,,,,,,,,,,,,,,,,,,,,-12.6892,-15.3605,-14.7957,-22.3524,-17.5515,-6.4719,-7.4022,-14.3711,-10.1912,-6.26,-34.098,-25.8328,-4.9291,-0.000292888,-18.5859,,,,-6.5052,-23.5175,-5.4581,-10.1971,,-2.439,,-9.2254,-19.109,,,,,-5.174,-19.4783,-17.8524,,-23.3033,-36.6651,-6.7037,-27.3336,-6.7496,,,,-5.6017,,-13.3158,-3.2195,,-7.3363,-12.7243,-9.8033,-5.2783,-7.5426,-5.7856,-8.8575,-4.6106,-6.7356,-8.319,-5.2465,-6.1449,-19.9994,-7.8004,-12.6226,-23.3981,-15.9678,-18.9472,-8.9172,-6.9901,-1.8,,-4.5422,-6.066,-8.3326,-3.9982,,,,,,-9.1017,-6.3727,-78.3134,-55.8527,-40.4382,-40.4508,-38.0174,-3.1319,-10.7907,,,-2.7601,,,,,,,,,,,,,,-7.7481,-8.4315,-10.7631,-13.5895,-10.2515,-18.7745,-7.3397,,1.4794399999999999,-0.1702,1.4794399999999999,-6.6673800000000005,0.37346,-5.87716,-1.3416299999999999,1.39957,-2.49187,-5.16651,,,-1.3572799999999998,,-0.15088,-0.31132,-8.79311,,-1.12704,,0.44023999999999996,,,-5.800330000000001,-0.30785,-3.27509,0.08609,0.08609,-0.45005,0.67223,-9.1496,-1.8816400000000002,-6.20034,4.04082,4.03509,,1.25431,7.57529,-8.96935,16.37876,,-1.96012,-3.00203,5.48746,-1.09124,1.9904400000000002,-0.71029,-2.93503,3.16482,,-0.68982,2.91942,8.42055,-4.2777,-8.9415,5.7076400000000005,-7.44251,-4.66866,5.23144,0.81021,-3.06387,1.4653,,,-1.78879,-5.62764,,,,-6.44296,,,-2.7671,-8.48127,-5.855980000000001,0.644,32.076,16.038,0.0057270216406,0.0198998,0.017854512272000002,-0.014991001451999999,0.020718023092,0.035709024544000004,0.0242702,5.22963,-32.097390000000004,6.0323199999999995,4.3798900000000005,,,,,9.073189999999999,,-8.4274,-26.39575,-37.74716,-37.338879999999996,-40.89927,,,,,,,,-0.16924,3.41951,-32.09281,-11.189119999999999,,-8.69897,-112.26725,-33.593579999999996,,3.04054,7.90945,6.3751,-1.21939,-22.22778,-31.467159999999996,4.45999,,-201.6715,-123.35688999999999,-115.40063,-90.83337,-68.37275,-52.95823000000001,-279.43942000000004,-148.46647,-357.39717,-214.18631000000002,-435.54162,-306.13249,-50.5374,-15.65194,-17.050710000000002,,,,,,,,4.77186
DNCB15-07,0.0,0.0,6.39,72.6,0.0,0.0,0.0,0.0,0.0,0.041406933,0.0,3.73e-05,0.0,0.0,0.0,0.0,0.0,0.0,0.0,0.0,0.0,0.0,0.0,0.0,0.0,0.0,0.0,0.0,0.0,0.9762804206071268,0.0,-6.0000E+00,Log fO2 (log bars) [default = -6],,,,,,,,,,,,,,,,,,-4.4919,-24.6576,-19.1955,-33.6692,-52.1245,,,,,,,,,,,,,,,,,,,,-1.4494,-19.5636,-31.0177,-30.5189,-34.0193,,,,,,,,,,,,,,,,,,,,,,,,,,,,,,,,,,,,-6.39,-34.7995,,,-0.000309245,-18.8123,,,,,,,,-17.392,,,-8.6434,-18.6512,,,,,,,,,-23.454,,,,,,,,,,,,,,,,,,,,,,,,,,,,,,,,,,,,,,,,,,,,-9.0938,-6.3568,,,,,,,,,,,,,,,,,,,,,,,,,,,,,,,,,,,,,,,,,,,,,,,,,,,,,,,,,,,,,,,,,,,,,,,,,,,,,,,,,,,,,,,,,,,,,,,,,,,,,,,,,,,0.648,-199.9955,-99.9978,-0.041444244165,0.0207226,0.020722588105,-0.041444710188,4.6602285803999994e-07,0.041445176211,0.020722099999999997,,,,,-10.881910000000001,-31.04758,-40.05919,-58.514540000000004,,,-7.839410000000001,-25.95364,-37.40766,-36.90892,-40.40931,,,,,,,,,,,,,,,,,,,,,,,,,,,,,,,,,,,,,,,,,,,,,,,
DNCB15-08,0.0,0.0,6.4,69.9,0.056546893,0.000183501,0.005087178,0.002849444,0.013199643,0.058669224,0.000479908,5.11e-05,0.0,1.36e-06,7.41e-08,0.0,0.0,1.03e-05,1.99e-05,0.0,0.0,0.0,1.04e-07,2.47e-05,2.91e-08,5.82e-05,0.0,3.32e-07,6.38e-06,0.9778368986823144,0.0,-6.0000E+00,Log fO2 (log bars) [default = -6],-14.6845,-9.9289,-7.3544,-12.1057,-26.597,-10.253,-8.4356,-6.2674,-5.675,-7.1261,-10.8138,-7.704,-9.9619,-11.2418,-7.0558,-15.9043,-6.0247,-4.391,-24.3354,-19.1273,-33.6331,-52.1857,-39.1716,-2.3173,-5.8795,-5.0836,-3.9544,,-2.9815,-4.3498,-6.265,-7.6508,-4.5058,,,,,,,,,-1.3416,-19.5267,-31.0305,-30.4877,-33.9589,,,,,,,,,,,,,,,,,,,,,,,,,,,-12.4555,-14.8992,-13.7849,-20.8869,-17.4485,-5.993,-6.9792,-14.1865,-9.7401,-6.4,-35.1405,-26.5955,-4.9823,-0.000992462,-18.9232,-18.1534,,,-7.7327,-24.3384,-5.3521,-9.6768,-17.3188,-2.1796,,-8.5472,-18.6158,,,,,-4.734,-19.319,-17.28,,-23.5823,-38.587,-7.6704,-28.7305,-6.4789,-73.1595,-14.5391,-11.925,,,-13.3794,-2.4154,-8.1768,-5.7936,-12.994,-9.0652,-5.2244,-6.7477,-5.1062,,-4.1376,-5.4795,-7.9451,-5.533,-5.4143,-19.2178,-6.3518,-12.0425,-22.8946,-15.1812,-18.0876,-8.2621,-7.0342,-1.3652,-6.8759,-3.3182,,-7.941,-4.3177,,,,,,-9.0891,-6.4039,-82.1255,-58.936,-42.8949,-42.6176,-39.7228,-3.8408,-10.4694,-15.427,-7.9542,,-7.2546,-5.1118,-4.7493,-6.0724,-9.785,,,,,,,,,-7.7714,-7.8222,-9.3125,-11.2711,-10.3862,-18.8314,-7.4941,,,,,,,,,,-3.01752,,,,-0.15292999999999998,,0.06072,-2.11361,-8.02218,,0.07177,-2.7395400000000003,,,,,,-6.93536,,,,-1.10358,,0.47741999999999996,,,,,-0.43868,8.43099,-6.78637,18.00686,-7.31038,,,,,,,-1.7813299999999999,5.41729,,,,,,-7.39779,,,,,,-1.37653,,,,,-5.11051,,0.027469999999999998,-7.74729,,,,,,,0.654,-0.5133,-0.2566,-0.00034470772691000005,0.0703875,0.06715934592799999,-0.067331699792,0.066986992065,0.13431869185999998,0.0763418,4.51553,-32.996959999999994,7.125,5.09598,-10.79102,-30.735429999999997,-40.03306,-58.585719999999995,9.81852,,-7.7416,-25.926679999999998,-37.43049,-36.88772,-40.35887,,,,,,,,0.34449,4.30082,-32.995459999999994,-11.38234,,-8.5796,-116.54321000000002,-35.13053,-79.55946999999999,3.98461,8.66237,7.38565,-0.017759999999999998,-21.581229999999998,-30.88758,5.03483,,-209.40728000000001,-128.6064,-120.28473999999999,-94.92549,-71.73601,-55.69489,-290.48328,-155.15891000000002,-371.75323,-224.00307,-453.21438,-319.42734,-52.52285,-16.64078,-16.869429999999998,-28.22703,-20.75422,8.05072,,,,,5.028569999999999
DNCB15-09,0.0,0.0,6.64,69.9,0.0,0.0,0.0,0.0,0.0,0.0,0.0,0.0,0.0,0.0,0.0,0.0,0.0,0.0,0.0,0.0,0.0,0.0,0.0,0.0,0.0,0.0,0.0,0.0,0.0,0.9778368986823144,0.0,-6.0000E+00,Log fO2 (log bars) [default = -6],,,,,,,,,,,,,,,,,,,,,,,,,,,,,,,,,,,,,,,,,,,,,,,,,,,,,,,,,,,,,,,,,,,,,,,,,,,,,,,,,,-6.64,-35.1395,,,-7.17911e-09,-18.9222,,,,,,,,,,,,,,,,,,,,,-23.3413,,,,,,,,,,,,,,,,,,,,,,,,,,,,,,,,,,,,,,,,,,,,-9.0891,-6.1629,,,,,,,,,,,,,,,,,,,,,,,,,,,,,,,,,,,,,,,,,,,,,,,,,,,,,,,,,,,,,,,,,,,,,,,,,,,,,,,,,,,,,,,,,,,,,,,,,,,,,,,,,,,0.638,-99.9881,-49.9941,-4.5846283245e-07,4.5851700000000003e-07,4.5851728025e-07,-6.8774869647e-07,2.2928586403000002e-07,9.170345605e-07,2.2923100000000002e-07,,,,,,,,,,,,,,,,,,,,,,,,,,,,,,,,,,,,,,,,,,,,,,,,,,,,,,,,,,,,,,
DNCB15-9b,0.0,0.0,6.4,78.0,0.0,0.0,0.0,0.0,0.0,0.007925987,0.0,1.26e-05,0.0,0.0,0.0,0.0,0.0,0.0,0.0,0.0,0.0,0.0,0.0,0.0,0.0,0.0,0.0,0.0,0.0,0.9730516593724959,0.0,-6.0000E+00,Log fO2 (log bars) [default = -6],,,,,,,,,,,,,,,,,,-4.9317,-26.0686,-19.5715,-33.9826,-52.2477,,,,,,,,,,,,,,,,,,,,-2.1337,-20.1096,-31.4663,-31.0534,-34.6106,,,,,,,,,,,,,,,,,,,,,,,,,,,,,,,,,,,,-6.4,-34.1341,,,-6.06228e-05,-18.5974,,,,,,,,-17.806,,,-9.3321,-19.2221,,,,,,,,,-23.1775,,,,,,,,,,,,,,,,,,,,,,,,,,,,,,,,,,,,,,,,,,,,-9.1014,-6.2383,,,,,,,,,,,,,,,,,,,,,,,,,,,,,,,,,,,,,,,,,,,,,,,,,,,,,,,,,,,,,,,,,,,,,,,,,,,,,,,,,,,,,,,,,,,,,,,,,,,,,,,,,,,0.635,-199.9785,-99.9892,-0.007938785188,0.00396982,0.0039698197859,-0.0079392123799,4.2719196023e-07,0.0079396395719,0.00396939,,,,,-11.3317,-32.4686,-40.3826,-58.64767,,,-8.533669999999999,-26.50958,-37.86631,-37.45335,-41.01064,,,,,,,,,,,,,,,,,,,,,,,,,,,,,,,,,,,,,,,,,,,,,,,
DNCB15-10,0.0,0.0,6.84,88.9,0.024445657,7.32e-05,0.001227675,0.001167972,0.010603637,0.01317519,0.00196752,1.53e-05,0.0,9.59e-07,4.45e-07,0.0,0.0,2e-06,1.09e-05,0.0,0.0,0.0,9.33e-08,3.52e-05,0.0,2.9e-05,0.0,3.24e-07,1.12e-06,0.9660820213101434,0.0,-6.0000E+00,Log fO2 (log bars) [default = -6],-16.8967,-10.4768,-6.4582,-13.4444,-25.0432,-9.3816,-8.4361,-6.6898,-6.3795,-8.2659,-10.4216,-8.6148,-10.0603,-11.5841,-6.5616,-13.8528,-6.2532,-4.8912,-26.9477,-19.4082,-33.6991,-51.5968,-37.1777,-2.6816,-5.3896,-4.7298,-4.1447,,-3.324,-5.1648,-7.7349,-6.9482,-3.9845,,,,,,,,,-1.9619,-19.6716,-30.8407,-30.5923,-34.2583,,,,,,,,,,,,,,,,,,,,,,,,,,,-13.7316,-17.4214,-15.5648,-22.4667,-16.9466,-7.0677,-6.4432,-14.6085,-11.4953,-6.84,-32.8522,-25.0354,-4.9779,-0.000384245,-18.1866,,,,-7.5093,-23.3918,-4.9576,-8.5319,-18.131,-2.1505,,-9.5804,-19.2475,,,,,-4.9843,-18.1955,-15.3414,,-22.2344,-35.9184,-7.0954,-27.2083,-6.4897,,,,,,-11.7548,-3.0029,-9.1155,-6.8066,-12.7642,-8.7685,-4.9676,-6.4902,-5.3299,,-4.5174,-6.3767,-7.3599,-5.048,-6.0544,-20.7187,-7.366,-10.8638,-20.0689,-13.7109,-16.0428,-7.9919,-6.7758,-1.6997,-7.6012,-4.1878,,-7.4402,-3.7997,,,,,,-9.1091,-5.5979,-76.8608,-55.2694,-40.6001,-40.147,-36.7925,-3.095,-9.8473,,,,-6.8257,-5.1012,-5.0347,-6.8349,-8.9976,,,,,,,,,-8.4707,-8.7089,-10.846,-13.5116,-9.3518,-16.4807,-7.1607,,,,,,,,,,-2.0201599999999997,,,,0.48849,,0.05655,-2.11534,-6.20768,,0.72591,-1.8480900000000002,,,,,,-6.80945,,,,-1.16501,,1.83667,,,,,-0.6915899999999999,7.70593,-8.71152,16.74796,-4.4526,,,,,,,-1.06158,3.9554099999999996,,,,,,-7.57045,,,,,,-1.3569799999999999,,,,,-5.28454,,0.5300699999999999,,,,,,,,0.578,9.3685,4.6843,0.002468151254,0.029058999999999998,0.02634507494,-0.025110999313,0.027579150567,0.05269014988,0.032252800000000005,3.6233,-31.8832,7.30045,5.065169999999999,-11.73125,-33.787659999999995,-40.53907,-58.43683000000001,10.35603,,-8.80188,-26.511609999999997,-37.680659999999996,-37.43228,-41.0983,,,,,,,,-0.051579999999999994,3.09859,-31.875429999999998,-11.81787,,-8.99048,-109.46238000000001,-34.04826,,3.8371,9.1626,7.62557,-0.19871,-20.550910000000002,-29.72277,5.14029,,-197.03423,-121.68458999999999,-114.16351999999999,-90.54085,-68.94939000000001,-54.280080000000005,-273.14272,-147.35935,-349.43613,-211.63724,-425.91089000000005,-301.72446,-50.47255,-16.77496,-16.68729,,,8.64528,,,,,5.2093
DN13CB04,0.0,0.0,6.32,17.6,0.0,0.0,0.0,0.0,0.0,0.0,0.0,0.0,0.0,0.0,0.0,0.0,0.0,0.0,0.0,0.0,0.0,0.0,0.0,0.0,0.0,0.0,0.0,0.0,0.0,0.9987015739394992,0.0,-6.0000E+00,Log fO2 (log bars) [default = -6],,,,,,,,,,,,,,,,,,,,,,,,,,,,,,,,,,,,,,,,,,,,,,,,,,,,,,,,,,,,,,,,,,,,,,,,,,,,,,,,,,-6.32,-42.9306,,,-3.84723e-09,-21.5061,,,,,,,,,,,,,,,,,,,,,-27.0226,,,,,,,,,,,,,,,,,,,,,,,,,,,,,,,,,,,,,,,,,,,,-8.8312,-7.9419,,,,,,,,,,,,,,,,,,,,,,,,,,,,,,,,,,,,,,,,,,,,,,,,,,,,,,,,,,,,,,,,,,,,,,,,,,,,,,,,,,,,,,,,,,,,,,,,,,,,,,,,,,,0.785,190.669,95.3345,4.6746736202e-07,2.4517199999999997e-07,2.4517212535e-07,-1.1438444335e-08,4.7890580636e-07,4.903442506899999e-07,2.33734e-07,,,,,,,,,,,,,,,,,,,,,,,,,,,,,,,,,,,,,,,,,,,,,,,,,,,,,,,,,,,,,,
DN13CB05,0.0,0.0,6.56,20.4,0.215226173,0.001974902,0.017750132,0.008233944,0.034465918,0.20785265,0.000166563,0.0,0.0,1.14e-07,1.52e-06,1.2e-07,8.27e-09,7.48e-06,0.000221058,0.0,1.87e-08,2.61e-07,0.0,2.81e-05,9.5e-08,0.0,0.0,2.46e-09,8.18e-06,0.9981476451768286,0.0,-6.0000E+00,Log fO2 (log bars) [default = -6],-9.7991,-7.3129,-6.2589,-8.3762,-31.7378,-10.4266,-8.6791,-6.4925,-5.6962,-7.0568,-12.8923,-8.2734,-14.4108,-16.1954,-9.0023,-19.9015,-7.168,,,,,,-46.3569,-1.9414,-5.5913,-4.9615,-3.3738,,-2.6632,-3.8011,-4.9417,-9.1601,-5.052,,,,,,,,,-0.8351,-20.5552,-33.1258,-31.6208,-34.4469,,,,,,,,-45.5574,-24.9334,-15.9271,-21.7623,-26.6714,-8.7789,-22.5082,-17.5899,-7.1847,-16.0457,-7.6113,-9.5207,-13.8246,-11.9142,-14.1824,-14.9733,-9.1034,-22.9309,-8.6807,-11.2734,-11.2845,-12.2657,-21.3724,-18.8861,-4.0519,-7.1846,-14.174,-7.053,-6.56,-42.4521,-31.7437,-5.1082,-0.00346288,-21.3468,-20.6293,-7.0837,-9.7949,-6.1606,-28.986,-5.3251,-12.1003,,-1.7684,,-8.0698,-19.5201,,-23.7456,-8.8124,-15.4899,-4.0318,-21.1943,-21.2728,-20.0182,-26.5679,-46.812,-9.1197,-33.149,-8.6091,-88.9117,-16.6283,-12.2836,,-8.6111,,-1.9256,,-5.3495,-14.5673,-9.9944,-5.5376,-5.8498,-3.9455,,-3.2244,-4.185,-8.5224,-5.4939,-5.6744,-18.3276,-6.6898,-15.1095,-28.4102,-17.6497,-21.0873,-9.9069,-8.2725,-0.8322,,-2.4517,,-8.6424,-4.6279,-8.333,-10.1711,-16.391,-26.7044,-12.7328,-8.8544,-7.6071,-98.4334,-70.0817,-49.5642,-51.5444,-47.4448,-4.496,-13.1254,-17.3829,-7.5937,,,,,,,-59.7678,-42.2209,-35.5915,-21.9277,-12.9692,-15.4045,-59.8174,-38.0667,,,,,,,,,,,,1.19049,,,,,-3.8750199999999997,,,,0.09362999999999999,,-0.17062,1.2658399999999999,-9.029630000000001,,0.28776999999999997,,,,,,,-0.48046000000000005,,,,2.43325,,1.38124,,,,,3.54529,10.61866,-4.34446,21.91321,-5.26786,,,,,,,-1.13315,10.14067,-3.5080400000000003,,,,,-4.53639,,,,,,-1.59128,,,-8.56033,,,,,-4.76702,,-2.55858,,,,,0.764,9.0866,4.5433,0.021626197782,0.24724000000000002,0.2380018623,-0.22718876341,0.24881496119000002,0.4760037246,0.26411,9.88088,-38.29784,7.4237899999999994,4.84659,,,,,10.45677,,-7.3951,-27.11518,-39.68577,-38.18083,-41.00694,,,-32.43736,-5.2534,-21.898889999999998,-11.02989,5.93525,1.8465799999999999,8.39552,-38.303709999999995,-11.6682,-13.643720000000002,-8.32843,-140.6486,-39.709,-95.47171,4.63439,9.895560000000001,7.445639999999999,1.35239,-24.20965,-34.20734,5.72777,4.7870099999999995,-251.84655,-153.43888,-142.51873,-111.5534,-83.20167,-62.68421,-350.03451,-183.90196,-448.4456,-268.52626000000004,-547.08009,-382.32669,-60.56482,-17.616020000000002,-19.68542,-30.5029,-20.71371,,-46.64778,-22.5409,-8.80772,-6.40919,
DN13CB06,0.0,0.0,6.49,47.8,0.205047732,0.001571693,0.017647826,0.007111133,0.033269526,0.184836262,0.000884864,0.0,0.0,1.42e-07,1.74e-06,1.15e-07,6.15e-09,6.32e-06,0.000117647,0.0,1.53e-08,2.41e-07,0.0,0.000144231,8.74e-08,0.0,0.0,3.29e-09,4.03e-06,0.9890074844363864,0.0,-6.0000E+00,Log fO2 (log bars) [default = -6],-11.9554,-8.0683,-6.0644,-9.8394,-28.0428,-9.5572,-8.6219,-6.5114,-6.0421,-7.2418,-11.981,-8.5102,-12.1473,-13.4236,-8.3757,-17.9847,-7.0502,,,,,,-41.9441,-1.9927,-5.4617,-4.6548,-3.4114,,-2.744,-3.8072,-5.1877,-8.1304,-4.3354,,,,,,,,,-0.8909,-19.7025,-31.6444,-30.7107,-33.9209,,,,,,,,-43.166,-25.9961,-16.227,-21.487,-24.9413,-8.96,-23.0155,-15.4544,-7.2537,-14.1795,-7.6906,-9.6613,-12.4226,-12.2694,-13.1816,-15.7375,-8.143,-20.3414,-8.1245,-11.6486,-13.1215,-12.6305,-20.3297,-17.6562,-4.8228,-6.6203,-13.8352,-8.3123,-6.49,-38.1408,-28.0481,-4.384,-0.00320043,-19.9067,-19.1052,-7.1228,-9.9484,-6.2521,-25.6259,-4.639,-11.177,,-1.7719,,-8.1686,-18.7874,,-22.5271,-8.8452,-13.5821,-4.0197,-19.6817,-19.0663,-18.3559,-24.7427,-41.6939,-8.013,-30.3009,-8.4828,-79.4807,-15.2914,-11.9717,,-8.4763,,-1.9307,,-5.0957,-13.1308,-9.1122,-4.7827,-5.6826,-4.0081,,-3.3391,-4.3156,-7.7398,-4.8046,-5.7718,-19.1217,-6.5317,-13.4817,-25.2382,-16.3461,-19.4029,-9.1573,-7.505,-0.856,,-2.4456,,-7.8929,-3.866,-8.4303,-10.2156,-14.0811,-24.0546,-12.027,-9.0218,-6.842,-88.2644,-62.9672,-45.1061,-46.074,-42.5611,-3.7952,-12.6536,-16.0607,-7.6434,,,,,,,-56.0258,-41.1227,-33.2979,-22.1518,-13.5953,-14.9473,-55.6131,-36.3285,,,,,,,,,,,,-1.99977,,,,,-2.86462,,,,0.47163999999999995,,-0.19634000000000001,0.57177,-7.76395,-9.807889999999999,0.6823199999999999,,,,,,,-1.70468,,,,1.6520099999999998,,2.3818900000000003,,,,,2.52484,9.95711,-4.93705,20.8454,-2.9239599999999997,,,,,,,-0.50516,9.16848,-2.64295,,,,,-5.11709,,,,,,-1.48111,,,-9.27502,,,,,-5.67513,,-1.66645,,,,,0.701,13.4337,6.7168,0.029597517088,0.22864,0.22032334825,-0.20552458969999998,0.23512210679,0.44064669649,0.24452,7.51461,-34.5328,6.9379,4.46985,,,,,10.23601,,-7.380889999999999,-26.1925,-38.1344,-37.20068,-40.41088,,,-30.186,-6.52609,-21.94004,-8.96438,5.7262699999999995,1.33136,6.34849,-34.53812,-10.87396,-13.61284,-8.26194,-126.15108000000001,-36.79088,-85.97071,4.55934,9.64093,7.2082,0.34833000000000003,-22.83609,-32.382870000000004,5.63396,4.5497,-226.26387999999997,-138.27376,-128.89324,-101.24444,-75.94725,-58.086059999999996,-314.11835,-166.213,-402.17867,-241.29777,-490.44329000000005,-344.00491,-55.54111999999999,-16.77516,-19.14357,-29.04069,-20.62343,,-43.045759999999994,-21.652739999999998,-9.17181,-7.1052800000000005,
DN13CB07,0.0,0.0,5.03,38.4,0.003571154,0.000386752,0.000301803,0.000823394,0.004261122,0.002157786,9.99e-05,0.0,0.00057325,6.81e-08,0.0,0.0,0.0,1.99e-05,0.000153371,0.0,0.0,0.0,9.64e-08,3.16e-08,0.0,0.0,0.0,0.0,3.17e-07,0.9928130053094477,0.0,-6.0000E+00,Log fO2 (log bars) [default = -6],,,,,-32.1689,-15.712,-12.7205,-9.1145,-6.6442,-9.7339,-14.4647,-7.5013,-13.7884,-17.0688,-10.6082,-23.5892,-7.638,,,,,,-43.7948,-2.3952,-8.8617,-8.6316,-5.8083,-9.834,-3.2293,-6.1556,-9.2952,-10.453,-5.2567,,,,,,,,,-2.7024,-21.808,-33.9541,-32.836,-35.9226,,,,,,,,,,,,,,,,,,,,,,,,,,,-9.3851,-8.9033,-12.2097,-22.2004,-18.8724,-3.9036,-9.0907,-13.2828,-5.759,-5.03,-39.5373,-32.1721,-7.5459,-9.41814e-05,-20.3676,,,,,-28.1662,-9.2633,-14.988,,-3.6565,,-8.4936,-19.3775,,,,,-4.8257,-22.4691,-23.3198,,-26.803,-42.0491,-7.0703,-29.9264,,,,,-7.6494,,-18.8505,-3.5585,,-8.6402,-13.9325,-12.4996,-6.8349,-9.3533,-6.1364,-9.9384,-3.5528,-6.3636,-9.7259,-5.4563,-4.8445,-16.4856,-7.5266,-16.0703,-31.2755,-20.3093,-24.9582,-9.9825,-7.0356,-2.4846,,-5.9181,-8.4544,-11.2457,-5.9269,,,,,,-8.976,-8.5606,-88.9518,-62.6657,-43.9469,-45.0752,-44.312,-4.1923,,,,-3.2417,,,,,,,,,,,,,,-7.1609,-9.3246,-12.0543,-15.1515,-14.2036,-26.2841,-9.4077,,,,,,,,,,-4.20654,,,,-5.19791,,-1.4723600000000001,,,,-4.993,,0.39801,,,,-0.34028,,0.02363,0.02363,-0.56208,,,-8.66836,,,,,,9.019110000000001,-9.682039999999999,18.87538,,,,,,,,-5.88773,5.9962599999999995,,,,,,,,,,,0.7682,-5.05163,,,,,-8.570739999999999,,,,,,,,,,0.8140000000000001,86.0193,43.0096,0.0038858066245000002,0.00582668,0.0045173684791,-0.0025744651669,0.006460271791399999,0.009034736958299998,0.0100454,,-37.19894,3.41585,2.5587400000000002,,,,,6.8307,,-7.73235,-26.83795,-38.98413,-37.86605,-40.95257,,,,,,,,0.67485,6.1867,-37.20207,-12.57586,,-8.68647,-128.05791000000002,-34.95642,,1.47154,6.50721,5.21545,-1.39557,-25.33926,-35.018209999999996,2.54541,,-228.97555,-137.61278000000001,-127.73443999999999,-99.01179,-72.72574,-54.00685,-317.39977000000005,-163.59304,-406.03544,-238.99222999999998,-494.88156,-342.51169,-54.372040000000005,-14.252310000000001,,,,,,,,,2.89914
DN13CB08b,0.0,0.0,6.22,47.6,0.046933921,0.000711788,0.004501474,0.003767653,0.015618649,0.038699123,0.001155528,0.0,0.001762475,1.83e-07,0.0,5.3e-08,0.0,3.28e-06,3.53e-06,0.0,0.0,2.68e-08,0.0,8.3e-06,3.04e-08,0.0,0.0,5.17e-08,1.81e-06,0.989094809769906,0.0,-6.0000E+00,Log fO2 (log bars) [default = -6],,,,,-29.0486,-11.082,-9.4142,-7.033,-6.1548,-7.9757,-12.3701,-8.0813,-12.3554,-14.2553,-8.4912,-18.6472,-6.8919,,,,,,-42.1125,-2.1311,-6.1392,-5.4098,-3.8941,-7.6361,-2.8196,-4.5034,-6.5023,-8.4814,-4.03,,,,,,,,,-1.5103,-20.328,-32.2741,-31.3366,-34.5443,,,,,,,,,,,,,,,-16.4594,-7.9747,-15.8028,-9.0317,-11.6221,-14.6628,-14.8488,-16.0392,-18.9341,-9.4093,-22.1568,-9.1178,-12.6802,-13.874,-14.2822,-22.6108,-19.237,-6.1206,-8.4655,-15.1395,-9.3367,-6.22,-38.1674,-29.0516,-5.3675,-0.0008225560000000001,-19.9139,-18.8245,-7.3847,-9.9389,,-26.3592,-5.8926,-11.5627,,-2.1784,,-8.5176,-19.1418,,,,-15.1226,-5.5906,-21.5324,-19.9783,,-25.0227,-41.0715,-7.3638,-29.6634,-7.2865,-79.5231,-15.2797,-11.9532,-5.8891,-9.0101,,-2.4565,,-6.2432,-13.0099,-9.9118,-4.9273,-6.5387,-4.5926,-8.1351,-3.5164,-5.113,-8.1913,-4.6011,-5.8619,-18.9378,-7.2437,-14.1217,-26.4268,-17.2532,-20.5815,-9.5212,-7.2147,-1.4336,,-3.6433,-5.7393,-8.7436,-4.0626,,,,,,-9.021,-7.1149,-87.0214,-61.7038,-43.8249,-45.1862,-42.2073,-3.4133,-11.73,-16.319,-7.8926,-2.7547,,,,,,-55.5075,-40.3176,-33.0389,-21.6072,-13.317,-15.7534,-55.3661,-35.7955,,,,,,,,,,,,,,,,0.98356,-2.41717,,,,-0.63666,,0.20158,,-8.82141,,-0.4261,,0.92095,,,,0.18055,,0.55125,0.55125,-0.02143,,-9.10442,0.013869999999999999,-6.01745,,,,,7.655660000000001,-6.69066,16.23709,-7.812139999999999,,,,,,,-1.76492,2.2513900000000002,-6.54764,,,,,-6.35734,,,,,1.29108,-2.6089700000000002,,,,,,,,-7.35031,-4.99251,-3.5222300000000004,,,-8.67483,,0.7190000000000001,20.4366,10.2183,0.011044837101,0.0590836,0.054044267514,-0.048521848964,0.059566686065,0.10808853502999999,0.0678035,,-35.268609999999995,6.28521,4.35865,,,,,9.620439999999999,,-7.73033,-26.54802,-38.49415,-37.55663,-40.76428,,,,,,-10.23944,4.465269999999999,-0.24015999999999998,4.78605,-35.27158,-11.587539999999999,-13.604679999999998,-8.3984,-125.32088999999999,-35.88345,-85.74306,3.7635199999999998,8.92361,6.578060000000001,-0.2778,-23.47324,-33.02146,4.78636,,-224.58302,-136.52321,-127.1324,-99.46141999999999,-74.14379,-56.2649,-311.58206,-163.55476000000002,-398.78707,-237.77882999999997,-486.1965,-339.63552999999996,-54.64726999999999,-15.85334,-17.94995,-28.75899,-20.33256,,-43.06749,-21.65755,-9.16721,-7.09697,
DN13CB09,0.0,0.0,5.89,46.4,0.0564164,0.000401975,0.004450321,0.001282499,0.008817244,0.048176459,3.44e-05,0.0,0.0,6.04e-08,0.0,4.04e-08,0.0,3.25e-05,2.78e-06,0.0,0.0,3.15e-08,0.0,1.68e-08,3.8e-08,0.0,0.0,2.46e-09,8.74e-06,0.98961314701503,0.0,-6.0000E+00,Log fO2 (log bars) [default = -6],,,,,-31.7675,-14.3494,-9.4932,-6.7783,-5.4524,-7.1883,-12.0504,-8.2593,-12.5432,-14.3724,-9.3696,-20.2419,-7.4175,,,,,,-42.3932,-2.2313,-6.9081,-6.6359,-4.776,,-3.2648,-4.8604,-6.7579,-9.304,-5.9869,,,,,,,,,-1.4151,-20.2694,-32.2411,-31.2806,-34.4729,,,,,,,,,,,,,,,-16.8011,-7.8944,-16.0417,-8.8599,-11.3565,-14.7914,-14.4831,-16.0601,-18.4602,-10.0356,-23.5123,-9.3955,-12.2375,-13.0394,-13.7487,-22.0423,-19.5243,-5.9933,-9.0568,-15.0586,-8.858,-5.89,-38.3419,-31.7707,-7.9668,-0.000875661,-19.9716,-18.1274,-7.493,-9.7094,,-28.7327,-8.8217,-12.7864,,-2.611,,-8.0897,-18.7467,,,,-16.1187,-5.8264,-22.1641,-20.0659,,-25.4274,-42.425,-8.5558,-30.9264,-8.6091,-79.4762,-14.907,-11.5393,,-9.4598,,-2.4599,,-6.1647,-14.2202,-10.2826,-6.441,-7.5359,-5.2503,,-3.737,-5.2418,-8.7814,-6.3336,-4.8593,-17.5738,-6.1602,-13.8535,-26.8841,-17.3045,-20.9787,-8.8853,-7.7264,-1.3531,,-3.4719,,-9.0261,-5.4932,,,,,,-9.0157,-7.4771,-89.725,-64.2842,-46.2986,-46.2232,-43.8822,-4.9197,-13.3988,-16.2765,-7.7949,,,,,,,-54.77,-39.1409,-32.5738,-20.711,-12.7357,-16.5474,-54.9807,-34.9765,,,,,,,,,,,,,,,,,-5.28448,,,,-2.42594,,-0.9578899999999999,,,,-2.21612,,,,,,,,,,,,,-3.24824,,,,,,7.345339999999999,-6.40718,15.60501,,,,,,,,-3.23798,1.27556,-8.43776,,,,,-7.77652,,,,,,-2.27015,,,,,,,,-7.1753800000000005,,-4.41411,,,,,0.743,22.7269,11.3635,0.013044833104,0.059096699999999995,0.057398201242000006,-0.050875784689999995,0.063920617794,0.11479640247999999,0.0653481,,-37.65752,6.32762,3.5206699999999995,,,,,8.51522,,-7.30515,-26.15945,-38.13105,-37.1706,-40.36289,,,,,,-10.91107,3.8855699999999995,-0.45747,4.63059,-37.6607,-13.856829999999999,-13.38304,-8.50104,-126.7194,-36.81642,-85.36624,3.43011,8.04296,6.9207,0.09618,-23.19448,-32.758720000000004,4.53695,,-227.24235,-138.7625,-129.30973,-101.505,-76.06421999999999,-58.078630000000004,-315.47336,-166.71108,-403.91105,-242.13542,-492.55393,-345.25412,-55.66223000000001,-16.699720000000003,-19.28877,-28.05653,-19.57486,,-42.98997,-21.47093,-8.93096,-6.845680000000001,
DN13CB13,0.0,0.0,6.01,39.6,0.009713016,0.000530755,0.000583146,0.001836419,0.003146674,0.001621866,0.003997502,0.0,0.000594613,4.06e-07,0.0,0.0,0.0,5.34e-05,3.5e-05,2.32e-07,3.29e-07,0.0,8.46e-05,5.21e-06,0.0,0.0,1.31e-08,1.47e-06,1.79e-07,0.9923623702609373,0.0,-6.0000E+00,Log fO2 (log bars) [default = -6],,,,,-29.9416,-11.6399,-11.3906,-8.77,-6.9858,-10.2127,-13.7705,-7.3947,-13.7196,-17.1222,-8.4992,-19.4602,-6.5334,,,,,,-43.9177,-2.7077,-7.2023,-6.7684,-4.9416,-8.6319,-3.037,-6.104,-9.3978,-9.2308,-3.5562,-8.1554,-9.0615,-11.3454,-14.495,-18.4663,-15.5719,-29.687,-11.7769,-2.8493,-21.9163,-34.0358,-32.9419,-36.0447,-6.8741,-26.5355,-9.1413,-12.8855,-27.404,-10.406,-21.415,,,,,,,,,,,,,,,,,,,,-11.2823,-11.8454,-14.2502,-24.3253,-18.7358,-4.8352,-8.0002,-14.1667,-7.6938,-6.01,-39.3543,-29.9447,-5.4445,-0.00015819399999999998,-20.3068,,,,,-26.9356,-6.1812,-11.8833,,-2.9849,-22.1638,-9.6246,-20.4735,-19.2029,,,,-4.7418,-21.3375,-19.9787,-18.6371,-25.7434,-41.3404,-6.5316,-29.3136,-5.8327,,,,-6.6427,,-12.9841,-3.3051,,-8.5201,-13.1257,-11.2262,-5.0749,-7.7199,-5.4946,-8.9644,-3.5858,-6.5411,-8.7378,-3.9809,-4.5495,-17.2031,-7.3645,-13.7365,-26.9114,-17.0065,-20.6572,-8.6687,-5.2295,-2.0791,,-5.6555,-7.0554,-9.8249,-4.0136,-6.7208,-10.5027,-14.0453,-25.1031,-11.0435,-8.9824,-7.5459,-87.5375,-61.381,-42.7746,-45.3337,-42.6311,-2.6888,-10.5978,,,-3.226,,,,,,,,,,,,,,-4.3175,-6.5987,-9.4819,-12.7366,-9.3288,-19.4108,-5.5359,,,,,,,,,-1.6463700000000001,-1.77509,,,,-2.554,,0.16452999999999998,,-9.96054,-9.09268,-2.34836,,0.39453,,,,-0.34402,,0.02077,0.02077,-0.56319,,,-3.68886,-7.75092,,,,,9.106539999999999,-9.35159,19.06165,,,,,,,,-3.5519,6.303380000000001,,,,,,-7.78262,,,,,0.76472,-2.26372,,,,,-2.1417200000000003,,,,,,,,,,0.7509999999999999,37.0666,18.5333,0.0045048239327,0.017739500000000002,0.012153323083,-0.009900911116200001,0.014405735049000001,0.024306646165,0.0215615,,-35.95158,5.03416,4.62528,,,,,8.98299,3.8646199999999995,-8.85926,-27.926340000000003,-40.0458,-38.9519,-42.05466,5.1458900000000005,-8.50554,,,,,,0.7377199999999999,6.18462,-35.9547,-11.45451,,-8.99495,-127.93461,-35.323609999999995,,2.70491,8.43419,7.470510000000001,0.82686,-23.016460000000002,-32.677209999999995,3.9309300000000005,5.29919,-228.87361,-137.95261000000002,-128.13952,-99.55752,-73.401,-54.79459,-317.35047000000003,-164.31672,-406.03803999999997,-239.80209,-494.93525999999997,-343.34222,-54.65113,-14.70875,-16.60782,,,,,,,,7.7025
DNCB15-12,0.0,0.0,5.95,19.2,0.029404384,0.00202016,0.004151076,0.006300215,0.015995595,0.03500409,0.000160316,4.12e-05,0.0,7.1e-07,7.89e-06,0.0,0.0,3.11e-05,0.000151347,5.43e-09,1.53e-08,0.0,9.33e-08,1.25e-07,2.53e-09,3.32e-05,0.0,0.0,3.26e-06,0.9983954433689657,0.0,-6.0000E+00,Log fO2 (log bars) [default = -6],-7.1025,-5.908,-6.1233,-6.3225,-33.8634,-13.6448,-10.0926,-7.2864,-5.8472,-7.9264,-13.7151,-6.9084,-13.8757,-16.3951,-8.9025,-21.0891,-6.4299,-4.4668,-22.4726,-19.9311,-35.1524,-55.8426,-46.5836,-1.9549,-6.8423,-6.109,-3.8884,,-2.549,-4.401,-6.2412,-9.71,-4.7027,,,,,,,,,-1.5451,-21.3087,-33.9092,-32.3768,-35.1844,-8.6496,-28.3378,-9.6103,-15.9274,-31.935,-12.9146,-23.7747,,,,,,,,,,,,,,,,,,,,-10.6188,-9.948,-12.3221,-22.2075,-19.5326,-3.9921,-8.4137,-14.1641,-6.3551,-5.95,-42.6549,-33.8663,-7.0885,-0.000678659,-21.4134,-20.822,,,-5.3994,-30.481,-7.9186,-12.6246,-17.2294,-2.3976,,-8.1622,-19.6531,-22.795,,,,-4.6217,-22.4649,-22.3895,-21.7785,-27.268,-46.1698,-8.2852,-32.3969,,-90.098,-17.4265,-13.0326,,,-17.73,-2.4815,-8.732,-6.6297,-14.303,-11.2048,-5.8564,-6.898,-4.3661,,-3.0158,-4.6861,-8.9667,-5.0505,-4.8448,-16.8532,-6.583,-15.5875,-30.1888,-18.7244,-22.7949,-9.7288,-7.2111,-1.6273,-7.4719,-3.9598,,-10.0862,-5.1873,-8.1753,-10.7268,-17.5725,-29.1277,-13.2233,-8.8446,-8.2561,-97.1494,-68.6514,-48.0063,-50.306,-47.4071,-4.2579,,-18.7961,-8.9412,,-8.8767,-6.0696,-4.8464,-6.6556,-12.495,,,,,,,,,-7.3723,-8.8598,-10.2996,-12.0436,-13.8074,-24.7172,-9.5301,,,,,6.829160000000001,,,,,-3.4034,,,,-1.4359,,-0.02538,2.31167,,,-1.24247,-3.28433,,,,,,1.60069,,,,3.48286,,-1.56463,,,,,4.60847,9.863380000000001,-6.3354099999999995,20.38812,,,,,,,,-2.54969,7.82595,,,,,,-5.89018,,,,,,-2.1534400000000002,,,-9.33803,,-5.86275,-9.67225,-1.33305,-6.422680000000001,,,,,,,0.8029999999999999,22.36,11.18,0.010055053181000001,0.053162,0.044969005745,-0.039941479155,0.049996532336,0.089938011491,0.0651133,10.7475,-39.81337,6.05279,4.991630000000001,-10.4168,-28.42257,-41.10238,-61.79257,9.351,,-7.4950600000000005,-27.258670000000002,-39.8592,-38.32679,-41.13436,3.25037,-10.48783,,,,,,1.2812,7.902010000000001,-39.81629,-13.03854,,-8.34759,-139.84251,-38.34693,-96.048,3.4685099999999998,8.884210000000001,7.055210000000001,0.9967799999999999,-24.67437,-34.69487,4.32275,3.72468,-250.0739,-151.16749,-140.17349,-109.04941000000001,-80.55143000000001,-59.90631,-347.25755,-180.25243999999998,-444.66515999999996,-263.83405,-542.2970799999999,-376.66727000000003,-59.30706,-16.15791,,-30.69613,-20.841179999999998,7.053560000000001,,,,,4.52771
DNCB15-13,0.0,0.0,6.81,16.9,0.140192796,0.003159844,0.009258715,0.008757922,0.037006202,0.169802273,0.00047158,0.000163947,0.0,5.71e-08,7.41e-08,0.0,0.0,1.96e-05,3.47e-06,0.0,0.0,0.0,0.0,5.41e-08,2.41e-08,0.000133531,0.0,0.0,8.2e-06,0.9988265273694327,0.0,-6.0000E+00,Log fO2 (log bars) [default = -6],-11.6356,-8.8674,-7.466,-10.0664,-35.0049,-12.8277,-8.3689,-6.4036,-5.6594,-7.1197,-12.7947,-8.7349,-15.2993,-17.2313,-9.1042,-19.709,-7.4366,-3.9064,-22.4313,-19.4096,-34.6692,-55.4721,-47.1163,-2.0748,-5.2847,-4.6349,-3.2292,,-2.6122,-3.8369,-5.0216,-9.0254,-4.4987,,,,,,,,,-0.91,-20.758,-33.4165,-31.8308,-34.6024,,,,,,,,,,,,,,,,,,,,,,,,,,,-13.4196,-13.4659,-14.4895,-23.8726,-20.7783,-5.9077,-8.7503,-16.1793,-9.0757,-6.81,-43.0549,-35.0093,-7.956,-0.00262778,-21.5499,-21.8739,,,-7.572,-32.4425,-7.9327,-12.0008,-17.5395,-1.6764,,-8.372,-19.9419,,,,,-5.762,-22.885,-20.4245,,-26.5905,-47.1555,-8.8985,-33.1696,,-91.0336,-17.6097,-13.1206,,,,-2.195,-7.9045,-5.7358,-14.657,-10.1524,-5.299,-5.3392,-3.6326,,-3.004,-4.0383,-8.1854,-4.7722,-5.2196,-18.017,-6.347,-14.4196,-27.4652,-16.6745,-19.9334,-9.3311,-7.325,-1.0065,-6.301,-2.7098,,-8.6882,-4.2983,,,,,,-8.8252,-7.4795,-99.1149,-70.3335,-49.4409,-52.1708,-47.5227,-3.9853,,-18.1298,-8.1474,,-6.9678,-4.9988,-4.4711,-5.6536,-11.3794,,,,,,,,,,,,,,,,,,,,-3.7161800000000005,,,,,-3.1276,,,,0.54389,,0.64085,-0.5263800000000001,-8.28153,,0.73597,-2.3956,,,,,,-4.0857,,,,0.65205,,2.46831,,,,,1.79375,8.422089999999999,-4.60973,17.4876,-2.9191700000000003,,,,,,,-0.49692,3.42348,,,,,,-3.7467699999999997,,,,,,-0.5747800000000001,,,,,,,1.2630700000000001,-5.11356,,,,,,,0.758,-14.3739,-7.1869,-0.026313495765,0.19392,0.18306481635000002,-0.19622156423,0.16990806846,0.36612963269000004,0.20731,8.79438,-41.81485,7.960610000000001,4.88506,-10.71643,-29.24131,-41.47918,-62.28207,11.0078,,-7.7199800000000005,-27.56795,-40.22647,-38.64079,-41.41243,,,,,,,,0.2004,6.964119999999999,-41.81935,-14.76595,,-8.486360000000001,-142.55307,-39.97964,-97.84359,4.61498,10.616,8.40042,2.41304,-23.48445,-33.55342,5.80346,,-255.17673,-155.30378000000002,-144.16664,-112.73491000000001,-83.95352,-63.06089,-354.67905,-185.98301,-454.40695,-271.80885,-554.36094,-387.03283999999996,-61.14274,-17.60533,,-31.74982,-21.76739,9.14887,,,,,
DNCB15-11,0.0,0.0,8.87,36.6,0.001965657,6.17e-06,1.89e-05,0.000101053,0.001099697,0.000218599,0.000428899,0.0,0.0,0.0,7.78e-07,1.43e-08,0.0,4.37e-09,0.0,0.0,8.52e-09,3.46e-08,1.22e-07,5.11e-07,0.0,6.96e-07,0.0,0.0,0.0,0.9934686465633107,0.0,-6.0000E+00,Log fO2 (log bars) [default = -6],-20.5362,-12.4804,-6.1356,-16.3375,-33.3322,-9.0212,,,,,,,,,,,,,,,,,-47.2683,-5.5818,-4.387,-5.0969,-6.0881,,-4.1521,-8.0711,-12.183,-7.6114,-5.4706,,,,,,,,,-3.686,-22.8499,-35.0365,-33.8818,-36.9437,,,,,,,,,,,,,,,-17.5909,-10.8882,-19.0347,-14.1488,-18.9223,-19.9222,-24.2724,-23.3512,-30.4059,-7.4643,-15.5726,-9.645,,,,,,,,,,-8.87,-39.8144,-33.3353,-8.5183,-2.92442e-05,-20.4598,,-8.9104,-14.0415,-8.5585,-33.1438,-6.3972,,,-3.0095,,-13.3107,-24.2478,,,,-10.907,,,-15.6026,-11.7334,-23.0838,-45.4534,-10.2171,-33.1854,,,,,,-7.9877,-8.8147,-4.7512,,-10.837,-18.2942,-9.9132,-7.3164,-6.6851,-7.29,,-5.3489,-9.1466,-7.7442,-6.5439,-8.4866,-23.9182,-12.173,-12.1516,-19.7839,-12.5341,-13.3711,-9.8433,-9.9731,-2.7334,,-7.1563,,-7.7081,-5.4661,-8.1869,-12.8183,-10.0628,-15.4504,-9.743,-8.9659,-4.7735,-95.7559,-69.2737,-50.3844,-52.3386,-43.8649,-3.4766,,,,,-7.6702,-7.9111,-6.2815,-10.1541,-10.1779,-66.3485,-52.7762,-40.6922,-30.9429,-19.8658,-12.2219,-63.7624,-45.8676,-8.5192,-11.7109,-15.4138,-19.4783,-7.9903,-12.4492,-6.9994,,,,,,,,,,-4.5062,,,,-0.15382,-8.36328,,-2.48011,-4.511019999999999,-3.20543,0.05,-4.38203,,,,,,-7.88208,,,,-1.3641299999999998,,0.16084,,,,,-0.38561999999999996,,,,-8.37663,,,,,,,-2.10298,,-5.12124,,,,,-6.19983,,,,,,-3.8570900000000004,,,,,-4.13071,,-0.07247999999999999,,,-0.54462,,,,,0.5820000000000001,-2.3903,-1.1952,-5.2545443166000004e-05,0.00276702,0.0021982644079000004,-0.0022245371294999997,0.0021719916863,0.004396528815800001,0.00276871,6.07375,-42.20218,,,,,,,13.58787,,-12.55596,-31.71988,-43.906490000000005,-42.75177,-45.81367,,,,,,-8.720880000000001,6.8517600000000005,,,-42.20533,-17.38831,-17.78043,-11.879539999999999,-135.89987,-42.05539,,4.11878,12.3911,9.25341,2.69175,-21.40415,-31.11106,6.13661,9.55311,-244.44038999999998,-152.40865,-142.43149,-113.49586000000001,-87.01366,-68.12437,-340.43986,-185.46263000000002,-436.65189000000004,-268.38621,-533.07561,-379.52945,-61.60494,-21.216639999999998,,,,11.45853,-48.60846,-26.16623,-13.20294,-10.99582,9.22083
DN17CB-01,0.0,0.0,6.5,48.8,0.001942168,0.000445999,0.000183895,0.000513499,0.003245008,0.000517587,0.000264418,0.0,0.00102544,8.79e-09,0.0,0.0,0.0,3.19e-06,1.34e-06,0.0,0.0,0.0,6.58e-08,2.8e-08,0.0,4.85e-06,0.0,0.0,1.99e-06,0.9885668841102582,0.0,-6.0000E+00,Log fO2 (log bars) [default = -6],,,,,-31.3829,-12.9666,-9.3417,-7.244,-5.8482,-9.4681,-11.7305,-9.6141,-15.593,-19.2777,-9.4231,-18.9627,-8.1265,,,,,,-42.749,-2.9468,-6.3857,-6.263,-5.0411,-8.194,-3.438,-6.9241,-10.7383,-8.7722,-4.983,,,,,,,,,-3.3196,-22.101,-34.0218,-33.107,-36.3299,,,,,,,,,,,,,,,,,,,,,,,,,,,-13.6052,-15.1408,-17.012,-27.0901,-19.5319,-6.78,-8.5061,-15.7524,-10.2971,-6.5,-37.9933,-31.3849,-7.8198,-6.16109e-05,-19.8559,,,,,-28.9886,-8.0651,-12.1986,,-2.7111,,-10.6095,-21.2012,,,,,-5.9367,-21.5325,-18.8092,,-24.6681,-41.5153,-7.9681,-30.1972,,,,,-5.8326,,-14.0218,-3.7711,,-9.3538,-14.9138,-10.9087,-6.5779,-6.7585,-5.1016,-8.0579,-3.4972,-6.8996,-7.8521,-4.9162,-5.6337,-19.0211,-8.8104,-13.259,-24.9386,-16.1206,-19.1528,-8.9757,-7.3183,-2.7465,,-6.7611,-7.0075,-9.7431,-5.7105,,,,,,-9.0261,-6.8024,-87.9135,-62.7181,-44.9451,-45.8974,-42.3799,-3.7532,,,,-2.9898,-8.7227,-6.6469,-5.4701,-8.9092,-11.2119,,,,,,,,,-7.4411,-9.9688,-13.368,-17.1682,-10.9439,-19.7624,-7.81,,,,,,,,,-1.28019,-3.81501,,,,-1.89684,,0.13682,,-7.90004,,-1.68554,-3.70033,0.5534,-8.40855,,,-0.18728,,0.1843,0.1843,-0.38675,,-8.93529,-1.55514,-5.45458,,,,,7.11193,,15.160060000000001,-9.994489999999999,,,,,,,-2.0735099999999997,0.66355,,,,,,-6.7168,,,,,0.9235200000000001,-2.63282,,,,,-5.45193,,-1.8445200000000002,,-3.68666,,,,-9.06639,,0.698,25.3735,12.6868,0.0009001108662,0.00471472,0.0035474424677,-0.0030973870346,0.0039974979008,0.0070948849354,0.00597688,,-37.88286,7.15183,3.3858699999999997,,,,,9.56195,,-9.81963,-28.600990000000003,-40.521809999999995,-39.607040000000005,-42.82993,,,,,,,,-0.60524,4.35921,-37.8849,-14.319770000000002,,-9.21113,-125.67268,-36.69716,,2.72892,9.50282,7.366289999999999,0.47894,-22.620639999999998,-32.15282,3.7535,,-225.424,-137.78106,-128.45175,-100.9135,-75.71809,-57.945069999999994,-312.9407,-165.64286,-400.66267,-240.41602999999998,-488.58831,-342.76063,-55.37988000000001,-16.75325,,,,7.52986,,,,,5.55889
DNCB17-02,0.0,0.0,6.62,50.5,0.001975226,0.000445999,0.000185174,0.000497779,0.003245008,0.000518151,0.000264418,2.25e-06,0.001046804,8.79e-09,0.0,0.0,0.0,2.94e-06,3.22e-07,0.0,0.0,0.0,0.0,5.47e-08,0.0,4.7e-06,0.0,0.0,1.95e-06,0.98780282885424,0.0,-6.0000E+00,Log fO2 (log bars) [default = -6],,,,,-30.9801,-12.4804,-9.1693,-7.1963,-5.8605,-9.4656,-11.5497,-9.7624,-15.5942,-19.2442,-9.275,-18.4967,-8.1301,-5.6808,-28.3003,-20.6686,-35.4213,-54.7188,-42.5815,-3.0309,-6.2188,-6.0954,-5.0125,-8.0601,-3.4542,-6.93,-10.7522,-8.6026,-4.9929,,,,,,,,,-3.3195,-22.0499,-33.9352,-33.0523,-36.2966,,,,,,,,,,,,,,,,,,,,,,,,,,,-14.4709,-16.2126,-17.8709,-27.8648,-20.0601,-7.5465,-8.9512,-16.4539,-11.213,-6.62,-37.7499,-30.9819,-7.5837,-6.18675e-05,-19.7757,,,,,-28.727,-7.7096,-11.9091,-18.9486,-2.6725,,-10.7327,-21.2788,,,,,-6.5376,-21.9209,-18.3472,,-24.4447,-41.3893,-8.0672,-30.1971,,,,,-5.6888,,,-3.7685,-10.9748,-9.3324,-14.989,-10.7344,-6.5709,-6.5832,-5.0588,-7.914,-3.4997,-6.8967,-7.6796,-4.912,-5.6708,-19.2219,-8.8269,-12.9528,-24.3018,-15.7092,-18.5997,-8.8417,-7.3452,-2.7396,-9.6456,-6.7479,-6.8731,-9.5705,-5.6979,,,,,,-9.033,-6.6381,-87.6666,-62.6427,-45.0183,-45.8721,-42.1464,-3.7546,,,,-2.9811,-8.5552,-6.6047,-5.4886,-8.9174,-11.0408,,,,,,,,,,,,,,,,,,,,,,,,-1.9644400000000002,-3.8278800000000004,,,,-1.65945,,0.09476,,-7.45063,,-1.4471,-3.73696,0.53479,-7.089339999999999,,,-0.20629,,0.16655999999999999,0.16655999999999999,-0.40221999999999997,,-8.09425,-1.03833,-5.00931,,,,,6.171819999999999,,13.29625,-8.91272,,,,,,,-1.7937599999999998,-2.09293,,,,,,-6.5140199999999995,,,,,0.9049,-2.43552,,,,,,,-1.63368,,-2.3926,,,,-8.667530000000001,,0.6859999999999999,19.1559,9.5779,0.0006987331219500001,0.00479717,0.0036476183803000003,-0.0032982518194000004,0.0039969849413,0.0072952367607,0.00586179,,-37.60009,7.379510000000001,3.4776199999999995,-12.30075,-34.92034,-42.04128,-61.33877,9.785789999999999,,-9.93954,-28.669890000000002,-40.55518,-39.67233,-42.91659,,,,,,,,-1.2308700000000001,3.64741,-37.60187,-14.20369,,-9.29255,-125.14438,-36.8171,,2.8515200000000003,9.74034,7.569189999999999,0.6381,-22.32917,-31.8397,3.8804300000000005,,-224.55921,-137.50148000000002,-128.25847,-100.90657,-75.88274,-58.25826,-311.77915,-165.50536,-399.20341,-240.02586000000002,-486.83025,-342.03206,-55.386430000000004,-16.99464,,,,7.75144,,,,,
DNCB17-06,0.0,0.0,7.02,36.5,0.002730345,0.000226291,8.88e-05,0.00119467,0.002840201,0.000687953,0.001253383,6.26e-07,0.000630218,8.79e-09,7.41e-08,0.0,0.0,5.4e-06,0.0,0.0,0.0,0.0,3.67e-08,3.07e-08,0.0,5.5e-06,0.0,0.0,4.01e-07,0.9935043454834246,0.0,-6.0000E+00,Log fO2 (log bars) [default = -6],-14.2569,-9.9066,-7.2657,-11.9109,-32.9181,-12.2975,-9.6933,-8.0684,-6.571,-10.1774,-12.4911,-9.9666,-16.9293,-20.7499,-9.1615,-18.2588,-8.1423,-6.2431,-30.4575,-21.4324,-36.3832,-56.2723,-45.0846,-3.3821,-5.8884,-5.5709,-4.7107,-7.7217,-3.1238,-6.561,-10.19,-8.4374,-4.0733,,,,,,,,,-3.2036,-22.3708,-34.5597,-33.4029,-36.4634,,,,,,,,,,,,,,,,,,,,,,,,,,,,,,,,,,,,-7.02,-39.83,-32.9213,-8.0936,-7.08265e-05,-20.465,,,,-7.8373,-30.8783,-7.8226,-11.5764,-19.9896,-2.6602,,-10.9781,-21.918,,,,,,,-18.125,,-24.9406,-43.2497,-7.9989,-30.9735,,,,,-5.6379,,-13.5796,-4.0978,-11.9807,-9.7024,-15.4238,-11.1132,-6.2939,-6.6873,-5.4412,-8.2234,-3.8492,-7.1647,-8.098,-4.6752,-5.4499,-19.0288,-8.6551,-12.8216,-24.1599,-15.0533,-17.7418,-8.6599,-6.5676,-2.6081,-10.1478,-6.549,-6.5452,-9.4359,-4.9717,,,,,,-8.9653,-6.6265,-91.3481,-64.8549,-45.9561,-48.2859,-43.5106,-3.1073,,,,-3.2025,-8.3318,-6.7221,-5.4405,-8.8314,-11.1915,,,,,,,,,-7.727,-10.4388,-13.6588,-17.2401,-10.9042,-19.0664,-8.0613,,-0.14768,-1.9151799999999999,-0.14768,,-1.27023,-7.6616100000000005,-3.8487699999999996,,-2.52602,-7.326410000000001,,,-0.82519,,0.21043,-1.4552100000000001,-7.63582,,-0.62143,-2.66608,0.49508,-7.7899,-9.88338,-8.03181,-0.24278000000000002,-5.83284,0.11974000000000001,0.11974000000000001,-0.46878000000000003,-0.33892,-7.57218,-0.5147,-5.35133,,,,0.64041,,,,-9.06087,-3.31875,-4.26436,3.8244800000000003,-3.50483,0.87682,-1.67993,-2.10717,,,-4.76193,1.7932700000000001,5.24769,-6.02303,-6.19977,2.07383,-5.70408,-5.28107,3.40095,0.8652799999999999,-1.68125,0.1957,,,-4.33424,-5.13569,,-1.0079200000000001,,-3.26931,,,-4.88052,-7.82857,-8.09175,0.696,1.0079,0.504,5.4430778106999994e-05,0.00783477,0.0054001943349,-0.0053729789457999996,0.0054274097239,0.010800388670000001,0.00874869,6.80311,-39.93807,7.46897,4.07342,-13.26314,-37.47745,-43.40319,-63.29235,10.91618,,-10.22364,-29.39082,-41.579679999999996,-40.42292,-43.48345,,,,,,,,,,-39.94128,-15.11359,,-9.68023,-131.87953000000002,-37.993520000000004,,2.9222,10.19085,8.590119999999999,2.03124,-22.07326,-31.78177,4.4118900000000005,,-236.38741000000002,-144.31828000000002,-134.3356,-105.38807,-78.89491,-59.9961,-328.35159,-173.30893,-420.52837999999997,-252.19438,-512.91692,-359.30503,-57.55056999999999,-17.14726,,,,8.59947,,,,,6.31303
DNCB17-7a,0.0,0.0,6.12,56.8,0.000361465,0.000239868,7.8e-05,0.000275712,0.000608029,3.92e-05,0.000517385,0.0,0.000801125,0.0,0.0,0.0,0.0,4.8e-06,1.63e-05,6.33e-08,6.3e-08,0.0,7.48e-07,1.01e-07,0.0,7.53e-07,0.0,0.0,8.08e-07,0.9848114407476675,0.0,-6.0000E+00,Log fO2 (log bars) [default = -6],,,,,-29.9202,-12.9914,-10.8365,-8.3771,-6.1927,-10.854,-12.119,,,,,,,,,,,,-42.1062,-3.4659,-7.6205,-7.6595,-6.1415,-8.8213,-3.6802,-8.2284,-13.1897,-9.0912,-4.8454,,,,,,,,,-4.4313,-22.9773,-34.734,-33.9663,-37.2876,-7.2975,-27.0095,-11.1154,-12.2355,-25.5446,-10.2089,-21.4072,,,,,,,,,,,,,,,,,,,,-11.895,-13.4483,-16.38,-27.1797,-18.1327,-5.5485,-7.6603,-14.2182,-8.8194,-6.12,-36.8692,-29.9208,-7.126,-2.2119899999999998e-05,-19.4862,,,,,-27.242,-7.7563,,,-3.6013,,-11.3534,-21.7363,-18.0715,,,,-4.8768,-20.4218,-19.108,-17.7471,-24.5738,-39.6489,-7.1403,-28.9105,,,,,-6.2494,,-13.5518,-4.1348,,-10.7419,-14.3492,-11.416,-6.5709,-8.1893,-6.2061,-8.7089,-3.7458,-8.233,-8.2261,-4.7837,-5.4328,-18.6426,-9.6239,-13.3425,-25.3681,-16.6528,-19.9685,-8.9191,-6.7201,-3.468,,-8.5641,-8.2195,-10.6354,-6.0555,-7.2992,-12.5778,-12.9413,-23.5265,-11.0007,-9.0557,-6.9803,-84.2055,-59.8018,-42.7136,-43.5587,-40.9546,-3.4114,,,,-3.0966,-10.6219,-8.1868,-6.2249,-10.7264,-12.0265,,,,,,,,,-6.336,-9.7839,-14.3264,-19.2957,-10.1666,-19.5154,-6.7894,,,,,,,,,-2.78314,-3.5959800000000004,,,,-4.053059999999999,,0.0376,,-8.96455,-8.81446,-3.83676,-4.3510800000000005,0.24821999999999997,,,,-0.49437,,-0.11681,-0.11681,-0.6774399999999999,,,-5.77522,-6.75568,,,,,8.48264,,17.97908,,,,,,,,-4.13589,5.0764,,,,,,-9.14293,,,,,0.61829,-4.16308,,,,,-5.63678,,-4.8836900000000005,,-8.0043,,,,,,0.7040000000000001,10.9425,5.4712,0.0001477526825,0.00232573,0.0013502648027,-0.0012763884614,0.0014241411439,0.0027005296053000004,0.00281248,,-36.04017,6.0473099999999995,,,,,,8.55978,,-10.5513,-29.09732,-40.85396,-40.08633,-43.40763,4.94247,-8.64949,,,,,,0.34501,4.91169,-36.04079,-13.246020000000001,,-9.72135,-121.01693999999999,-35.03052,,1.9852,8.49424,6.807239999999999,-0.28262,-22.77275,-32.20847,2.652,4.940840000000001,-216.9977,-132.05513,-123.12386000000001,-96.44553,-72.04183,-54.95361,-300.92489,-158.35242,-385.05289,-229.73902999999999,-469.37960999999996,-328.30287000000004,-53.19457,-15.65145,,,,6.01509,,,,,5.903980000000001
DNCB17-7b,0.0,0.0,6.04,63.8,0.00037147,0.0002374,7.67e-05,0.000273467,0.000608029,3.22e-05,0.000498647,0.0,0.000801125,1.43e-08,0.0,0.0,0.0,4.76e-06,5.87e-05,6.02e-08,6.13e-08,0.0,1.91e-07,2.95e-07,0.0,7.76e-07,0.0,0.0,8.59e-07,0.9812064339473212,0.0,-6.0000E+00,Log fO2 (log bars) [default = -6],,,,,-28.7952,-12.6448,-10.8381,-8.3075,-6.1666,-10.8498,-11.895,-9.1488,-15.0682,-19.6459,-9.4011,-19.2102,-7.9103,,,,,,-41.1012,-3.4327,-7.7237,-7.6953,-6.1596,-8.8149,-3.6849,-8.2717,-13.344,-8.9236,-4.8321,,,,,,,,,-4.5168,-22.8663,-34.4855,-33.8404,-37.2434,-7.3196,-26.9307,-11.2026,-12.0968,-25.2022,-10.1168,-21.2684,,,,,,,,,,,,,,,,,,,,-11.2459,-13.0516,-15.7828,-26.3386,-17.2699,-5.0665,-7.0287,-13.4787,-8.3657,-6.04,-35.9284,-28.7943,-6.6428,-2.2288800000000002e-05,-19.1787,,,,,-26.1143,-7.3619,-12.4526,,-3.6483,,-11.3632,-21.5741,-17.8721,,,,-4.3053,-19.5629,-18.8227,-17.5676,-24.2636,-38.6254,-6.9836,-28.3683,,,,,-6.2707,,-14.0093,-4.1422,,-10.7598,-14.1115,-11.31,-6.5677,-8.2501,-6.2236,-8.7183,-3.7518,-8.2965,-8.0982,-4.7707,-5.438,-18.7382,-9.6276,-13.1133,-24.9611,-16.5619,-19.8841,-8.8083,-6.6928,-3.4562,,-8.6099,-8.2872,-10.5321,-6.0287,-7.3112,-12.6355,-12.5617,-23.2198,-10.8967,-9.0757,-6.8964,-82.1818,-58.4392,-41.9215,-42.3717,-40.0685,-3.4298,,,,-3.0966,-10.6326,-8.1272,-6.2125,-10.7533,-11.8284,,,,,,,,,-6.9733,-10.3415,-14.9916,-20.0908,-10.6054,-19.9253,-7.2606,,,,,,,,,-1.48984,-3.5539699999999996,,,,-4.18767,,-0.0183,,-8.855,-8.75724,-3.96691,-4.38256,0.12736,,,,-0.6169600000000001,,-0.23412,-0.23412,-0.78622,,,-5.95831,-6.70575,,,,,9.21084,,19.50437,,,,,,,,-4.18321,7.5247,,,,,,-9.51213,,,,,0.49738999999999994,-4.32267,,,,,-6.759189999999999,,-5.1035,,-8.07147,,,,,,0.693,17.0147,8.5074,0.00022373834908,0.00226464,0.0013149676007000002,-0.0012030984262,0.0014268367752999999,0.0026299352014999998,0.00282462,,-34.83524,5.91345,2.9312400000000003,,,,,8.39512,,-10.5568,-28.90633,-40.525490000000005,-39.8804,-43.28345,4.76035,-8.81066,,,,,,0.8341,5.06837,-34.834309999999995,-12.68282,,-9.688310000000001,-117.90303,-34.40825,,1.89782,8.32824,6.64204,-0.61824,-22.60189,-31.964090000000002,2.58378,4.76875,-211.50912000000002,-128.82131,-120.22206000000001,-94.26181,-70.51915,-54.00148000000001,-293.20808999999997,-154.58145,-375.10413,-223.90831,-457.19480999999996,-320.08616,-52.14846,-15.50975,,,,5.86751,,,,,5.10671
DNCB17-09,0.0,0.0,6.18,61.5,0.000425842,0.00031187,8.13e-05,0.000321373,0.001014475,3.64e-05,0.000517385,1.25e-07,0.000826049,0.0,0.0,0.0,0.0,5.75e-06,4.1e-05,2.88e-09,0.0,0.0,1.53e-07,2.2e-07,0.0,8.22e-07,0.0,0.0,9.68e-07,0.982422503534295,0.0,-6.0000E+00,Log fO2 (log bars) [default = -6],,,,,-29.1637,-12.5319,-10.3866,-7.9938,-6.1242,-10.7771,-11.8024,,,,,,,-6.9289,-31.3755,-21.7705,-36.3795,-55.2445,-41.2557,-3.2723,-7.2896,-7.2223,-5.8073,-8.629,-3.6221,-8.1733,-13.1864,-8.8025,-4.7777,,,,,,,,,-4.4654,-22.8786,-34.5423,-33.8575,-37.2342,-8.6474,-28.405,-12.4861,-13.2483,-26.1909,-11.3675,-22.6481,,,,,,,,,,,,,,,,,,,,-11.6442,-13.4823,-16.1412,-26.7526,-17.5091,-5.2961,-7.0783,-13.7922,-8.7006,-6.18,-36.2333,-29.1633,-6.8035,-2.68925e-05,-19.2781,,,,,-26.5981,-7.3793,,-19.6902,-3.3471,,-11.4511,-21.7173,-18.9292,,,,-4.4494,-19.6867,-18.4983,,-24.2493,-39.0735,-7.1511,-28.6609,,,,,-6.1365,,-13.846,-4.1188,-12.4849,-10.7096,-14.2847,-11.2088,-6.5503,-7.7203,-5.8228,-8.4787,-3.6399,-8.1429,-7.9157,-4.6675,-5.3621,-18.7471,-9.5292,-12.885,-24.5613,-16.1745,-19.3798,-8.6559,-6.63,-3.3988,-11.494,-8.5104,-8.0771,-10.3899,-5.9786,,,,,,-9.0697,-6.809,-83.0703,-59.1136,-42.4113,-42.9875,-40.3574,-3.4258,,,,-3.0834,-10.2109,-7.8432,-6.1985,-10.7033,-11.7602,,,,,,,,,-7.0943,-10.4651,-15.0571,-20.0908,-10.5622,-19.663,-7.3212,,,,,,,,,-0.40408,-3.47854,,,,-3.43764,,0.07326,,-8.37301,,-3.21835,-4.34917,0.18647,,,,-0.55728,,-0.17618,-0.17618,-0.73102,,,-4.41194,-6.18489,,,,,9.03302,,19.12601,,,,,,,,-3.3872400000000003,6.90458,,,,,,-8.61007,,,,,0.5565,-3.54461,,,,,-6.27965,,-4.39163,,-6.41819,,,,,,0.6890000000000001,15.178,7.589,0.00024170097828000002,0.0026691,0.0015924479361,-0.001471597447,0.0017132984253,0.0031848958722,0.00340616,,-35.34369,6.2358199999999995,,-13.10895,-37.55554,-42.55945,-61.42451,8.737860000000001,,-10.6454,-29.058559999999996,-40.72227,-40.03753,-43.414159999999995,3.71265,-9.86505,,,,,,0.71578,5.05771,-35.343309999999995,-12.98352,,-9.52712,-119.14198,-34.84086,,2.06118,8.72007,6.99785,-0.2071,-22.35452,-31.7398,2.7812200000000002,,-213.74764,-130.32975,-121.62303,-95.43027,-71.47357,-54.77129,-296.39923999999996,-156.49495,-379.24913,-226.72,-462.29498,-323.90137000000004,-52.71735,-15.785829999999999,,,,6.161519999999999,,,,,5.26574
DNCB17-13,0.0,0.0,6.31,40.6,0.004976127,0.004447645,0.000788525,0.013373921,0.00608357,0.006422588,0.015115553,1.5e-05,0.000366737,5.22e-07,0.0,0.0,2.31e-08,8.34e-08,1.07e-06,0.0,0.0,0.0,0.0,2.81e-06,0.0,6.87e-05,0.0,0.0,1.53e-07,0.9919787228864076,0.0,-6.0000E+00,Log fO2 (log bars) [default = -6],,,,,-30.2579,-11.452,-10.8622,-8.5458,-7.1926,-9.8476,-13.6312,-7.6092,-13.28,-16.0985,-8.0787,-18.3901,-6.4329,-4.9094,-25.1404,-20.0378,-34.9288,-54.6397,-43.6453,-2.5921,-6.4773,-5.3411,-3.8278,-7.8375,-2.3443,-4.8425,-7.5786,-8.197,-2.51,,,,,,,,,-2.2857,-21.3209,-33.4182,-32.3444,-35.4605,,,,,,,,-42.3653,-24.1481,-14.5357,-20.3561,-24.5586,-8.2943,-21.5011,,,,,,,,,,,,,-13.2972,-14.214,-15.6985,-25.1583,-20.0898,-6.5623,-9.076,-15.8542,-9.74,-6.31,-39.2029,-30.2611,-5.8652,-0.000314146,-20.2565,,,,,-27.5658,-6.3013,-11.1498,-17.9237,-2.5663,,-9.3642,-20.1843,,-21.8189,-8.0279,,-6.1397,-22.3793,-21.9533,,-25.3778,-41.1375,-6.4694,-29.19,,,,,-6.5437,,,-3.2231,-9.7386,-7.8633,-12.9691,-10.8113,-4.6406,-6.2354,-4.3195,-8.1114,-2.8322,-5.2218,-7.6502,-2.8735,-7.5114,-20.4921,-9.7512,-16.0335,-28.5504,-19.0126,-22.3485,-11.2988,-7.8356,-2.4127,-8.5983,-5.4222,-7.3009,-9.8295,-3.9941,,,,,,-8.9877,-7.2174,-87.1342,-61.0849,-42.5715,-45.4198,-42.1348,-2.3392,,,,-3.4362,-7.9824,-5.6838,-4.5471,-6.9986,-10.8268,,,,,,,,,,,,,,,,,,,,,,,,-0.9715799999999999,-0.26693,,,,-0.5149699999999999,,0.3537,,-7.9646,,-0.30872,-0.29844,0.07157000000000001,-9.6041,,,-0.66722,,-0.30169,-0.30169,-0.8841899999999999,,-9.40798,0.48745,-6.06944,,,,,7.073110000000001,-9.05322,15.004470000000001,-6.66005,,,,,,,-1.41442,0.24070999999999998,,,,,,-5.6904,,,,,0.44175,-5.4736199999999995,,,,,,,-0.59565,-9.324119999999999,-5.90247,,,,-8.938989999999999,,0.73,4.1424,2.0712,0.0013088084507000002,0.05531509999999999,0.031595573342,-0.030941169116000002,0.032249977566999995,0.063191146683,0.0764173,,-36.5679,5.42742,5.01082,-11.219439999999999,-31.45038,-41.23878,-60.949659999999994,10.27567,,-8.59569,-27.630909999999997,-39.72825,-38.65435,-41.77055,,,-29.745279999999998,-5.21812,-20.914270000000002,,,-0.6772100000000001,4.715990000000001,-36.57111,-12.175189999999999,,-8.876339999999999,-127.70513999999999,-35.499959999999994,,3.0869,9.78784,5.10856,-1.56208,-25.322589999999998,-34.96849,3.8973,,-228.53429,-137.97888999999998,-128.21978000000001,-99.75419000000001,-73.70486,-55.1915,-316.92707,-164.53303,-405.52997,-239.96205,-494.34184000000005,-343.3917,-54.754780000000004,-14.95916,,,,8.07286,,,,,
DNCB17-21,0.0,0.0,7.47,41.0,0.002927389,0.001729685,0.000208705,0.004780179,0.008720549,0.002054551,0.002784718,5.26e-06,0.000345374,7.69e-09,0.0,0.0,0.0,2.92e-06,8.95e-07,6.11e-09,0.0,0.0,5.97e-08,1.01e-08,0.0,3.25e-05,0.0,8.95e-08,3.57e-07,0.9918232223283653,0.0,-6.0000E+00,Log fO2 (log bars) [default = -6],,,,,-33.3746,-12.2867,-8.8391,-7.6843,-6.7363,-9.8546,-11.9964,-10.6365,-16.7379,-20.0148,-8.7719,-16.7435,-8.2941,-5.3402,-28.7626,-20.4627,-35.3479,-55.0416,-44.3439,-3.3532,-4.9145,-4.0687,-3.7207,-6.9988,-2.6386,-5.6012,-8.8063,-7.3147,-3.3851,,,,,,,,,-2.7523,-21.7748,-33.8633,-32.7974,-35.919,-8.4801,-29.5962,-10.6489,-11.4984,-23.011,-10.5086,-22.9839,,,,,,,,,,,,,,,,,,,,-15.5537,-17.652,-18.4203,-28.326,-20.0018,-7.6635,-7.8366,-16.9396,-12.0088,-7.47,-39.1423,-33.3776,-9.0232,-0.000161015,-20.2363,,,,,-31.8479,-8.2992,-10.6776,-19.5122,-2.166,,-10.9921,-21.8007,-16.3242,,,,-6.0691,-21.1262,-16.739,,-24.1915,-42.8187,-8.2067,-30.9028,-7.0484,,,,-5.4119,,-12.0275,-3.7551,-10.6981,-8.8574,-15.2334,-10.17,-5.7539,-4.9116,-4.1594,-7.2207,-3.0735,-5.9288,-6.7178,-3.6955,-5.8123,-19.9638,-8.5141,-11.9884,-22.162,-13.8109,-15.9809,-8.4267,-6.7163,-2.6042,-9.2186,-6.0789,-6.3648,-8.8493,-4.7666,,,,,,-8.9898,-6.0458,-90.4979,-64.4913,-46.015,-48.2569,-42.6587,-2.9215,-10.3335,,,-3.4681,-6.665,-5.5283,-4.797,-7.7129,-9.8991,,,,,,,,,-7.8371,-9.987,-12.7809,-15.9507,-9.8457,-16.9632,-7.5394,,,,,,,,,7.8414,-1.52037,,-9.97236,7.639239999999999,1.31269,-6.32375,0.16646,,-4.95245,,1.51919,-1.49321,0.016730000000000002,-0.6757,,,-0.72215,,-0.35633000000000004,-0.35633000000000004,-0.93826,,-3.5693900000000003,4.22326,-3.1090299999999997,,,-8.25128,,7.16147,,15.18475,0.89351,,,,,,,0.49381,0.5203899999999999,,,,,,-3.7993699999999997,,,,,0.38691,-0.78798,,-3.19781,,,-3.90044,,1.29006,,2.91876,,-1.71538,,-6.0601,,0.657,1.3442,0.6721,0.00019320334324,0.022066099999999998,0.014373101523,-0.014276499852,0.014469703195,0.028746203047000003,0.025777800000000003,,-40.8446,8.2037,4.30346,-12.81018,-36.23258,-42.81792,-62.51161999999999,12.30137,,-10.22229,-29.24482,-41.33334,-40.26741,-43.38895,6.459890000000001,-7.18625,,,,,,-0.61369,4.75802,-40.84762,-16.49324,,-9.63604,-130.41635,-38.37276,,3.7149,11.866480000000001,9.12767,2.44617,-21.28094,-30.92087,4.8657699999999995,,-234.00457000000003,-143.59476,-133.85715,-105.43791,-79.43127,-60.95496,-325.16665,-173.02736000000002,-416.53861,-251.23673,-508.11928,-357.42517000000004,-57.59868,-17.86151,-17.80346,,,10.14298,,,,,7.1029
DNCB17-24,0.0,0.0,7.98,28.0,0.001078306,8.8e-05,5.86e-05,0.000398473,0.001622504,0.00049897,1.41e-05,8.76e-07,0.000363177,0.0,0.0,0.0,0.0,1.05e-06,3.42e-06,0.0,0.0,0.0,4.59e-08,4.86e-07,0.0,1.6e-06,0.0,0.0,2.62e-07,0.9962436133262458,0.0,-6.0000E+00,Log fO2 (log bars) [default = -6],,,,,-33.4082,-10.0286,-9.1673,-8.4547,-6.6869,-10.4827,-12.0637,,,,,,,-6.0815,-31.6551,-21.4021,-36.4821,-56.7547,-47.5732,-4.4716,-5.1622,-5.3086,-5.2762,-7.4935,-3.5082,-7.1075,-10.8004,-8.232,-6.3479,,,,,,,,,-3.3265,-22.7785,-35.1643,-33.8284,-36.7684,,,,,,,,,,,,,,,,,,,,,,,,,,,-15.7447,-17.6289,-19.2178,-30.3901,-19.9974,-7.1896,-7.0395,-16.9911,-11.7816,-7.98,-41.1809,-33.4114,-7.6521,-3.14726e-05,-20.9168,,,,,-32.2006,-6.4324,,-20.8319,-2.8287,,-12.0238,-23.2251,,,,,-5.4874,-20.7785,-16.6608,,-24.5763,-47.4321,-10.9236,-34.4434,,,,,-5.0093,,-11.4358,-4.2575,-12.0491,-10.0831,-18.6119,-10.6141,-8.3321,-6.3169,-5.9345,-7.8992,-4.1585,-7.6078,-7.7501,-6.8769,-6.0767,-20.3756,-9.5007,-12.1139,-22.0622,-13.306,-15.1778,-8.6143,-9.1058,-2.9926,-10.4116,-7.0824,-6.1995,-9.1255,-7.2428,,,,,,-8.9114,-5.9296,-99.6927,-72.2419,-52.51,-53.5151,-46.6833,-4.9685,,,,-3.4533,-8.1627,-7.4585,-5.9058,-9.4602,-11.0904,,,,,,,,,-7.8463,-10.8926,-14.1807,-17.8023,-9.6352,-16.1655,-7.5799,,,,,,,,,9.47247,-5.68326,,,,-0.41528999999999994,-9.14575,-2.35975,,-5.93728,,-0.21664,-5.82041,0.34187,-3.03904,,,-0.39408000000000004,,-0.03775,-0.03775,-0.63935,,-4.60077,0.32326,-3.87491,,,,,8.40559,,17.55151,-7.39727,,,,,,,-1.68081,3.7711099999999997,,,,,,-5.3994,,,,,0.71211,-1.55675,,-4.8698,,,-4.27272,,-0.58191,,1.11933,,-5.58286,,-6.34821,,0.6609999999999999,-1.3415,-0.6707,-2.8307697175999997e-05,0.00260901,0.002110159072,-0.0021243129205999996,0.0020960052235,0.0042203181441,0.00264383,,-41.388220000000004,9.27309,,-14.061520000000002,-39.63514,-44.46209,-64.73472,12.45182,,-11.30649,-30.7585,-43.14435,-41.8084,-44.7484,,,,,,,,0.21525999999999998,6.31109,-41.39136,-15.632129999999998,,-10.80868,-139.94093999999998,-42.42344,,3.7224699999999995,11.80149,9.883339999999999,3.5643599999999998,-21.28598,-31.1378,4.987430000000001,,-251.44061000000002,-156.10546000000002,-145.63998999999998,-115.65271000000001,-88.20191,-68.46996,-350.15955,-189.40251999999998,-449.09652,-274.79354,-548.25124,-388.89772,-62.64329,-20.92853,,,,10.05418,,,,,8.113669999999999
DNCB17-25,0.0,0.0,5.96,70.7,0.004263201,0.000995268,0.00045603,0.00371775,0.005172346,0.004233774,0.002197585,1.24e-05,0.000982713,8.24e-08,3.34e-07,0.0,0.0,1.59e-05,3.43e-05,0.0,0.0,0.0,1.9e-07,1.21e-07,0.0,3.08e-05,0.0,5.67e-08,7.21e-07,0.9773798113171847,0.0,-6.0000E+00,Log fO2 (log bars) [default = -6],-12.4687,-8.5573,-6.8368,-10.3101,-28.6143,-13.2176,-10.2057,-7.5975,-6.405,-8.9427,-11.9535,-8.4444,-11.7336,-14.0917,-8.652,-18.3489,-7.1936,-4.9654,-25.191,-19.6919,-34.1881,-52.7118,-39.2373,-2.4876,-6.9284,-5.8632,-4.2996,-7.7511,-2.7206,-5.1773,-8.1887,-7.8021,-3.4246,,,,,,,,,-2.4357,-20.5997,-32.0887,-31.559,-35.0389,,,,,,,,,,,,,,,,,,,,,,,,,,,-11.3836,-13.4234,-13.8027,-21.9629,-17.2157,-5.3707,-7.2033,-13.5353,-8.6889,-5.96,-35.0383,-28.6118,-7.0678,-0.000156554,-18.8895,,,,-6.7851,-25.9236,-7.8792,-11.7029,-17.4479,-2.7902,,-9.2009,-19.2514,,,,,-4.5333,-19.5173,-18.203,,-23.9804,-37.2271,-6.4036,-27.4219,-7.2464,,,,-6.2069,,-14.027,-3.4118,-9.7411,-7.8757,-12.7134,-10.4805,-5.4013,-6.9482,-4.8695,-8.176,-3.2952,-5.7273,-7.5186,-3.8702,-5.0755,-18.4578,-7.0969,-12.5408,-24.2369,-16.1255,-19.4646,-8.3415,-5.8734,-2.4377,-8.5183,-5.4815,-7.2571,-9.4347,-4.5704,,,,,,-9.0906,-6.8262,-79.4093,-56.2909,-40.3109,-40.8085,-38.81,-3.0251,-11.6681,,,-3.0079,-8.3317,-5.749,-4.7869,-7.1985,-10.2334,,,,,,,,,-7.1455,-8.2719,-10.8581,-13.9151,-10.6012,-19.9058,-7.2809,,-1.28176,-2.9525900000000003,-1.28176,-5.4787300000000005,-2.0928400000000003,-8.371269999999999,-2.33583,2.36042,-1.31168,-6.66695,,,-1.37809,,0.19043,-0.63949,-8.03674,,-1.15286,-1.51175,0.15483,-9.50447,,-8.00315,-0.59126,-3.98308,-0.20315999999999998,-0.20315999999999998,-0.74739,0.36801,-9.184339999999999,-1.05186,-5.7984,3.30833,3.30366,,1.0263200000000001,8.73198,,18.61552,-9.44515,-4.3771,-4.39085,4.3575099999999996,-2.0684400000000003,0.0996,-1.98892,-2.08534,6.3484300000000005,,-2.77747,0.9645,5.85297,-6.46991,-7.73515,2.3418799999999997,-7.246060000000001,-6.45493,3.47666,0.52482,-2.48427,-0.51547,,,-2.78979,-5.7706599999999995,,-1.6771,,-5.417269999999999,,,-4.84432,-8.93168,-8.059569999999999,0.682,32.591,16.2955,0.0036695878068999997,0.017069900000000002,0.011259521017,-0.0094247271135,0.01309431492,0.022519042034,0.0226423,5.41132,-34.57435,5.51498,3.47563,-10.925360000000001,-31.151020000000003,-40.1481,-58.671780000000005,9.19938,,-8.39573,-26.55971,-38.04868,-37.519040000000004,-40.9989,,,,,,,,0.53642,4.45657,-34.57179,-13.0278,,-8.7502,-114.52743999999998,-33.3819,,2.5482400000000003,8.624839999999999,6.844530000000001,-0.57781,-22.085520000000002,-31.38458,3.5222599999999997,,-205.45605,-124.89743999999999,-116.6114,-91.32933,-68.21087,-52.23088,-284.61162,-149.71126,-363.96074,-216.65296,-443.50062,-310.14013,-50.73001,-14.945070000000001,-17.62813,,,7.133139999999999,,,,,4.77447
DNCB17-30,0.0,0.0,6.24,45.3,0.004194475,0.000600699,0.000463959,0.003830031,0.008618938,0.00465687,0.000307412,1.4e-05,0.000904381,8.79e-09,0.0,0.0,3.58e-07,1.39e-06,5.5e-06,0.0,0.0,1.89e-08,5.97e-08,1.68e-06,0.0,1.02e-05,0.0,4.76e-08,6.47e-06,0.990079750410914,0.0,-6.0000E+00,Log fO2 (log bars) [default = -6],,,,,-29.9055,-11.6838,-8.9481,-6.5795,-5.4358,-8.1551,-11.7317,-9.3383,-14.693,-17.5187,-9.7852,-20.0088,-8.1619,-4.908,-25.108,-19.9686,-34.7928,-54.3045,-42.7122,-2.3836,-6.3682,-5.4978,-3.9745,-7.7695,-2.6558,-5.2316,-8.0974,-8.388,-4.3014,,,,,,,,,-2.3891,-21.2772,-33.2724,-32.2907,-35.4688,,,,,,,,-40.4842,-22.7685,-11.956,-18.8793,-22.9642,-7.0728,-20.0886,-16.6136,-7.9725,-16.8212,-9.9151,-13.3869,-16.5307,-17.4827,-18.7618,-22.4217,-9.456,-22.296,-9.1486,-12.4929,-13.5881,-14.9821,-24.3051,-19.1437,-5.885,-8.302,-14.9926,-9.0799,-6.24,-38.5023,-29.9081,-5.9936,-0.000173166,-20.0242,,,,,-27.2064,-6.4985,-12.8654,-17.8259,-2.4151,,-9.411,-20.0983,,-20.2501,-6.7184,-15.2251,-5.3979,-21.4459,-20.3284,,-25.1457,-41.8573,-7.8388,-30.2749,-7.3224,,,,-6.1785,,-15.0872,-3.3952,-9.871,-8.0862,-14.4522,-10.9018,-6.2985,-6.7151,-4.7706,-8.3601,-3.4494,-5.9311,-8.1794,-4.9697,-6.0807,-19.1167,-8.3687,-14.4429,-26.8335,-17.5338,-20.8727,-9.79,-7.8738,-2.437,-8.5974,-5.5337,-7.0091,-9.7899,-5.5003,,,,,,-9.0107,-7.1562,-88.587,-63.0325,-44.9484,-46.0184,-42.9567,-3.8385,-11.7772,,,-3.0441,-8.5256,-6.1773,-5.2514,-7.7803,-11.3992,,,,,,,,,-7.4966,-9.1786,-11.631,-14.4734,-11.7164,-21.1604,-8.2598,,,,,,,,,1.0795,-2.82392,,,,-0.75798,,0.66099,,-8.79001,,-0.54884,-3.48829,0.54073,,,,-0.19914,,0.16985999999999998,0.16985999999999998,-0.40599,,-9.66878,-0.39269,-6.38663,,,,,8.00264,-9.38252,16.90804,-8.79748,,,,,,,-2.05061,3.2046900000000003,-6.88209,,,,,-6.53655,,,,,0.9108799999999999,-3.26661,,,,,-5.50668,,-1.47905,-9.92056,-6.44813,-3.54439,,,-8.87417,,0.723,33.0429,16.5215,0.0037638947950999996,0.0158696,0.011390930282,-0.009508982884399999,0.01327287768,0.022781860564,0.0205512,,-36.1455,7.0442100000000005,3.14173,-11.14803,-31.34795,-41.03282,-60.54448000000001,9.82421,,-8.62914,-27.51724,-39.51236,-38.53073,-41.70882,,,-28.004179999999998,-4.04854,-19.55284,-10.373610000000001,4.5075199999999995,-0.01294,5.13185,-36.148109999999996,-12.23362,,-8.65509,-126.84786000000001,-36.51493,,2.84478,9.03058,6.399290000000001,-0.39671,-23.77384,-33.35268,3.8029699999999997,,-227.37288999999998,-138.50521,-128.99522,-101.067,-75.51250999999999,-57.428369999999994,-315.57923999999997,-166.13833,-403.99291,-241.50871,-492.61247000000003,-344.63051,-55.43666999999999,-16.31851,-18.01716,,,7.2285699999999995,,,,,4.98338
DNCB17-32,0.0,0.0,5.71,64.7,0.004240582,0.000494548,0.000446567,0.00123085,0.00405626,0.004036612,0.000182802,1.38e-05,0.000655142,2.09e-08,1.85e-07,0.0,0.0,5.76e-06,4.78e-06,0.0,0.0,0.0,4.59e-08,3.27e-06,0.0,9.42e-06,0.0,1.05e-07,5.26e-06,0.9807223575373667,0.0,-6.0000E+00,Log fO2 (log bars) [default = -6],-11.4619,-8.3177,-7.2889,-9.697,-27.6506,-12.2386,-9.8673,-7.0072,-5.4684,-8.0662,-11.4923,-8.716,-12.4856,-14.9681,-9.6012,-20.0339,-7.7954,-4.9038,-24.4139,-19.7046,-34.2736,-53.0179,-40.0582,-2.5117,-7.4607,-6.8336,-4.9753,-8.6311,-3.0956,-5.599,-8.597,-8.6329,-4.7979,,,,,,,,,-2.4396,-20.7645,-32.3664,-31.7367,-35.1499,,,,,,,,,,,,,,,,,,,,,,,,,,,-11.7552,-13.2726,-14.2103,-22.6474,-18.3925,-5.9171,-8.5008,-14.2967,-8.8996,-5.71,-35.8104,-27.6496,-5.5788,-0.000115636,-19.1403,,,,-6.9119,-24.6492,-6.6293,-12.9721,-17.1749,-3.0579,,-8.9562,-19.1456,,,,,-5.465,-21.006,-19.7301,,-24.5451,-38.7342,-7.2012,-28.5373,-6.9788,,,,-6.6807,,-15.5776,-3.3984,-9.7138,-7.9294,-13.5739,-10.8723,-6.38,-7.7143,-5.3619,-8.8592,-3.4853,-5.9489,-8.1349,-5.0592,-5.4215,-18.4132,-7.5227,-13.7076,-26.1737,-17.4937,-21.1371,-9.0974,-7.2296,-2.4198,-8.4722,-5.4926,-7.6678,-9.8045,-5.5478,,,,,,-9.0779,-7.2063,-82.4026,-58.7428,-42.2967,-42.1395,-40.515,-3.9897,-11.7182,,,-3.1838,-9.3686,-6.534,-5.2218,-7.6793,-11.1346,,,,,,,,,-7.604,-8.8739,-11.4494,-14.4767,-11.8513,-21.8079,-8.1905,,-2.32085,-4.0085,-2.32085,-6.99255,-2.94798,-9.24768,-2.73948,-5.76462,-3.49779,-8.936,,,-2.86552,,0.18764,-0.73239,-9.417580000000001,,-2.64418,-3.7186,-0.02248,,,,-0.76703,-4.2088,-0.38351,-0.38351,-0.93455,0.29409,,-3.8018199999999998,-7.410080000000001,-2.06373,-2.06763,,1.01134,7.401619999999999,,15.89499,,-5.19245,-5.01401,3.89284,-2.45865,-2.3849099999999996,-4.0845199999999995,-3.34873,2.13118,,-5.17788,-0.00946,4.72785,-7.15579,-8.71968,1.15778,,,2.61583,0.34754,-3.8892300000000004,-1.50993,,,-3.19886,-7.32729,,-3.17508,,,,,-7.474530000000001,,,0.713,41.3574,20.6787,0.0027775079908000004,0.00857051,0.006715874131199999,-0.0053271201358,0.0081046281266,0.013431748262,0.011798399999999999,5.668080000000001,-33.360640000000004,5.951569999999999,2.70403,-10.6138,-30.123859999999997,-39.98361,-58.727909999999994,8.32442,,-8.14964,-26.474520000000002,-38.0764,-37.446659999999994,-40.85994,,,,,,,,-0.3352,3.85739,-33.359590000000004,-11.2888,,-8.76793,-117.42978000000001,-34.24732,,2.31161,7.934710000000001,5.99851,-1.28319,-23.20365,-32.557140000000004,3.2902400000000003,,-210.6553,-128.25035,-119.69273000000001,-93.82257,-70.16284,-53.71666999999999,-291.99172999999996,-153.86012,-373.52477999999996,-222.84552999999997,-455.25194000000005,-318.64117999999996,-51.93497,-15.4097,-17.4282,,,6.198180000000001,,,,,3.81604
DNCB17-36,0.0,0.0,6.68,42.2,0.00081471,0.00044641,9.54e-05,0.000814162,0.002027311,0.000714185,0.000234749,1.63e-06,0.000484236,0.0,0.0,0.0,0.0,3.27e-06,2.02e-06,0.0,0.0,0.0,0.0,7.03e-07,0.0,4.99e-06,0.0,2.79e-08,1.86e-06,0.9913498029016962,0.0,-6.0000E+00,Log fO2 (log bars) [default = -6],,,,,-30.7285,-11.3345,-9.4385,-7.4986,-5.8667,-9.4012,-11.8618,,,,,,,-5.8191,-28.6485,-20.9242,-35.7922,-55.4346,-44.0697,-3.2655,-6.3959,-6.1285,-5.0062,-8.2119,-3.2286,-6.611,-10.2491,-8.6456,-4.8545,,,,,,,,,-3.1784,-22.1631,-34.2253,-33.1831,-36.3206,,,,,,,,,,,,,,,,,,,,,,,,,,,-13.6838,-15.0561,-16.9728,-27.2429,-19.6393,-6.5981,-8.2901,-15.8269,-10.176,-6.68,-38.9619,-30.7313,-6.5008,-4.22053e-05,-20.1764,,,,,-28.4281,-6.5663,,-19.1944,-2.8648,,-10.6319,-21.4062,,,,,-5.7589,-21.5389,-18.809,,-24.9035,-42.7305,-8.2858,-30.9087,-7.5544,,,,-6.0384,,,-4.0546,-11.4667,-9.5695,-15.5972,-11.2202,-6.9344,-6.7996,-5.2684,-8.2605,-3.4874,-6.7661,-7.8809,-4.9886,-5.6167,-19.0105,-8.7305,-13.2953,-24.98,-15.9186,-18.861,-8.9828,-7.3973,-3.1223,-10.2095,-7.0191,-7.5223,-10.1227,-6.1646,,,,,,-8.9959,-6.8018,-90.325,-64.4457,-46.08,-47.3658,-43.3686,-3.8058,-11.6124,,,-3.3159,-8.7795,-6.8583,-5.4433,-8.7789,-11.2833,,,,,,,,,,,,,,,,,,,,,,,,0.07217,-3.6322400000000004,,,,-1.65652,,0.12677,,-7.74684,,-1.44929,-3.70152,0.20990999999999999,-8.6671,,,-0.5292399999999999,,-0.16253,-0.16253,-0.74274,,-9.02508,-1.4475,-5.700419999999999,,,,,7.570460000000001,,16.01395,,,,,,,,-2.2075,1.7919,,,,,,-6.55381,,,,,0.58008,-2.63516,,,,,,,-1.77752,,-4.67823,,,,-8.92225,,0.703,25.9689,12.9844,0.0007776819797200001,0.00443356,0.0029946696220000003,-0.0026058286321999995,0.0033835106119000005,0.005989339244100001,0.00510966,,-37.40846,7.49333,,-12.499080000000001,-35.328540000000004,-42.47217,-62.114619999999995,10.13136,,-9.85845,-28.843090000000004,-40.90531,-39.86315,-43.000640000000004,,,,,,,,-0.32384,4.98387,-37.41126,-13.18084,,-9.54476,-129.15007,-37.58871,,2.62542,9.872630000000001,7.743310000000001,1.02954,-22.59862,-32.221,3.55766,,-231.61451,-141.63928,-131.96583,-103.68496,-77.80574,-59.43999,-321.68329,-170.3044,-411.96121,-247.4534,-502.44705,-352.5172,-56.728559999999995,-17.16584,-18.29242,,,7.91666,,,,,
DNCB17-37,0.0,0.0,6.4,44.6,0.000945638,0.000376466,0.000159342,0.001762813,0.002636979,0.000462302,0.001273163,1.13e-06,0.000761959,1.54e-08,0.0,0.0,0.0,6.08e-06,8.2e-06,0.0,0.0,0.0,5.35e-08,7.98e-06,0.0,1.05e-05,0.0,3.12e-08,5.32e-07,0.9903723758246449,0.0,-6.0000E+00,Log fO2 (log bars) [default = -6],,,,,-29.325,-10.7176,-10.2444,-8.0333,-6.4473,-10.16,-12.6143,-9.2192,-15.6233,-19.4508,-9.3699,-19.3067,-7.893,-5.9869,-28.6486,-21.0575,-35.8915,-55.4325,-43.4108,-2.9756,-6.6457,-6.0802,-4.7084,-7.9906,-2.9539,-6.5211,-10.3707,-8.5539,-3.8859,,,,,,,,,-3.3766,-22.2864,-34.2965,-33.3013,-36.4703,,,,,,,,,,,,,,,,,,,,,,,,,,,-12.5914,-13.8101,-16.0705,-26.4164,-18.9634,-5.8148,-7.9464,-14.9496,-9.157,-6.4,-38.6053,-29.3276,-5.3423,-6.06617e-05,-20.0582,,,,,-26.7767,-5.6873,-12.2989,-19.0688,-2.8486,,-10.5567,-21.2635,,,,,-5.1873,-21.1139,-19.228,,-25.0298,-41.4052,-7.2912,-29.7692,-7.5059,,,,-6.0993,,-14.6613,-3.8442,-11.4046,-9.5305,-14.3624,-11.2128,-6.033,-7.1756,-5.3853,-8.4602,-3.6281,-7.0992,-8.2213,-4.4349,-5.4012,-18.5788,-8.685,-13.4873,-25.5967,-16.412,-19.6004,-8.9721,-6.4823,-3.0689,-10.3117,-7.1556,-7.5546,-10.2812,-5.4183,,,,,,-9.0075,-7.0152,-87.6809,-62.0537,-43.9065,-45.7341,-42.3397,-3.1219,-11.8103,,,-3.1186,-8.7169,-6.5259,-5.1575,-8.6779,-11.1748,,,,,,,,,-7.5043,-10.1907,-13.6273,-17.4515,-11.444,-20.5892,-8.1345,,,,,,,,,1.43511,-2.22214,,,,-1.6023,,0.24101999999999998,,-8.62312,,-1.3936,-2.30633,0.44609,,,,-0.29362,,0.07486,0.07486,-0.5019600000000001,,-9.70021,-1.9144400000000001,-6.3204199999999995,,,,,8.3287,,17.553320000000003,,,,,,,,-2.72818,4.15643,,,,,,-7.182169999999999,,,,,0.81624,-2.68195,,,,,-5.920640000000001,,-1.74206,,-6.3345199999999995,,,,-8.97306,,0.715,17.5665,8.7833,0.00081576439535,0.00770945,0.004643853269300001,-0.0042359710716,0.0050517354668999995,0.0092877065385,0.00950044,,-35.72501,6.35266,3.58083,-12.38692,-35.04864,-42.2915,-61.83249,9.84613,,-9.776639999999999,-28.68637,-40.69654,-39.70135,-42.87034,,,,,,,,0.20863,5.3899,-35.72759,-11.742289999999999,,-9.24864,-126.77738000000001,-36.16923,,2.55578,9.17187,7.39876,0.62117,-22.81201,-32.40044,3.3311,,-227.1507,-138.03482,-128.4882,-100.48094,-74.85368000000001,-56.70646,-315.18817,-165.31295,-403.43337,-240.49569,-491.88491,-343.46641,-55.13969,-15.9219,-18.210279999999997,,,7.642469999999999,,,,,5.29571
DNCB17-38,0.0,0.0,6.48,51.5,0.000873867,0.000445176,0.000170851,0.003011627,0.003245008,0.000611232,0.001920675,1e-06,0.001381496,8.79e-09,1.48e-07,0.0,0.0,3.46e-06,6.95e-06,0.0,0.0,0.0,0.0,2.31e-07,0.0,2.51e-05,0.0,0.0,7.14e-07,0.9873446601204451,0.0,-6.0000E+00,Log fO2 (log bars) [default = -6],-13.2417,-9.185,-7.0651,-11.0365,-30.2287,-12.1006,-9.8481,-7.7377,-6.3556,-9.896,-12.1424,-9.6513,-15.3412,-18.9148,-9.4111,-18.8675,-8.1447,-6.0475,-29.1413,-21.0216,-35.7608,-55.0178,-42.3549,-2.9511,-6.413,-5.589,-4.377,-7.3762,-2.7637,-6.1774,-9.9482,-8.0137,-3.5421,,,,,,,,,-3.2635,-21.9641,-33.8287,-32.9644,-36.2212,,,,,,,,,,,,,,,,,,,,,,,,,,,-12.8848,-14.5368,-16.2248,-26.1135,-18.6973,-6.1128,-7.75,-14.9821,-9.6563,-6.48,-37.608,-30.2303,-6.9295,-8.2157e-05,-19.7289,,,,-7.2904,-27.8478,-7.1959,-12.1727,-19.1695,-2.7314,,-10.5384,-21.0581,,,,,-5.2174,-20.6865,-18.7005,,-24.5246,-40.3493,-7.1584,-29.2304,,,,,-5.6993,,,-3.824,-11.3889,-9.321,-14.1232,-10.8999,-5.8673,-6.8699,-5.2125,-8.0219,-3.5986,-6.9365,-7.8864,-4.2506,-5.6851,-19.1218,-8.7731,-13.187,-24.7633,-16.092,-19.1101,-8.9662,-6.5971,-3.1125,-10.38,-7.0611,-7.2659,-10.0569,-5.311,,,,,,-9.0369,-6.7524,-85.5895,-60.6657,-43.1279,-44.6806,-41.2539,-2.9991,,,,-2.8604,-8.0675,-5.9799,-4.8179,-8.1847,-10.4696,,,,,,,,,,,,,,,,,-0.46801000000000004,-2.19292,-0.46801000000000004,-7.64239,-1.8013299999999999,-8.145769999999999,-2.71755,4.36151,-1.6715799999999998,-6.10239,,,-0.91265,,0.46916,-1.03725,-7.95523,,-0.69968,-1.62229,0.6959,-8.27605,-9.78862,-6.556439999999999,-0.04542,-4.90396,0.32816999999999996,0.32816999999999996,-0.23928000000000002,0.03119,-7.608439999999999,-0.70476,-5.3442300000000005,4.48495,4.48257,,0.87431,8.10113,,17.164579999999997,-9.40202,-3.9558699999999996,-4.04667,4.88318,-2.40713,2.18206,-0.87434,-2.2068,3.7326300000000003,,-2.83498,2.4031700000000003,6.607189999999999,-6.742560000000001,-6.972519999999999,2.49004,-5.84541,-4.39112,4.9549900000000004,1.066,-2.7412900000000002,0.85735,,,-3.1890400000000003,,,-0.93014,,-3.24993,,,-3.22384,-7.8449800000000005,-6.614839999999999,0.693,21.828,10.914,0.0014292518948,0.0112023,0.0065478015829,-0.005833175635499999,0.0072624275303,0.013095603166000001,0.0138276,6.19834,-36.708690000000004,6.604369999999999,3.30873,-12.52747,-35.62133,-42.2408,-61.497840000000004,10.19633,,-9.74353,-28.44414,-40.308679999999995,-39.44444,-42.701159999999994,,,,,,,,0.0752,4.90322,-36.71033,-13.40952,,-9.2114,-123.65973999999999,-35.710440000000006,,2.6560099999999998,9.361360000000001,7.27487,0.31824,-22.57196,-32.07006,3.3675,,-221.70177999999999,-134.98539,-125.7927,-98.5495,-73.62574000000001,-56.087869999999995,-307.57198,-161.89549,-393.64594,-235.09194,-479.92186,-335.72416,-54.21388,-15.959060000000001,,,,8.14205,,,,,
