Sample,Temperature,Eh,O2,H+,HCO3-,Al+3,SbO2-,H2AsO4-,Ba+2,Be+2,Bi+3,B(OH)3,Br-,Cd+2,Ca+2,Ce+3,Cs+,Cl-,CrO4-2,Co+2,Cu+2,Dy+3,Er+3,Eu+2,F-,Gd+3,Ga+3,Au+,Hf+4,Ho+3,In+3,I-,Fe+2,La+3,Pb+2,Li+,Lu+3,Mg+2,Mn+2,Hg+2,MoO4-2,Nd+3,Ni+2,NbO3-,NO3-,NO2-,Pd+2,HPO4-2,Pt+2,K+,Pr+3,ReO4-,Rb+,Ru+3,Sm+3,Sc+3,SeO3-2,SiO2,Ag+,Na+,Sr+2,SO4-2,Tb+3,Tl+,Th+4,Tm+3,Sn+2,WO4-2,U+4,VO+2,Yb+3,Y+3,Zn+2,Zr+4
,degC,volts,ppm,pH,"Alk., mg/L CaCO3",ppb,ppb,ppb,ppb,ppb,ppb,ppb,ppm,ppb,ppm,ppb,ppb,ppm,ppb,ppb,ppb,ppb,ppb,ppb,ppm,ppb,ppb,ppb,ppb,ppb,ppb,ppm,ppb,ppb,ppb,ppb,ppb,ppm,ppb,ppb,ppb,ppb,ppb,ppb,ppm,ppm,ppb,ppm,ppb,ppm,ppb,ppb,ppb,ppb,ppb,ppb,ppb,ppm,ppb,ppm,ppb,ppm,ppb,ppb,ppb,ppb,ppb,ppb,ppb,ppb,ppb,ppb,ppb,ppb
Newport Dump Outlet,14.2,0.39,,4.3,-34,14,0.02,1.7,14,0.35,0.1,16,0.036,0.065,140,0.41,0.68,7.3,0.5,52,0.45,0.1,0.058,0.013,0.1,0.1,0.14,0.0011,0.029,0.022,0.001,0.018,11000,0.22,0.08,110,0.007,84,6600,0.2,0.2,0.21,68,0.02,0.03,0.02,0.02,0.001,0.02,2.6,0.044,0.001,6.8,0.02,0.045,4,0.55,14,0.01,20,1700,740,0.02,0.036,0.015,0.007,0.1,0.2,0.006,0.041,0.037,1.3,13,0.03
GR DC-2B,14,0.78,9,2.9,-369,40000,0.02,1.1,4.9,11,0.01,120,0.029,1.5,310,82,0.2,1.7,13,160,24,26,13,6.6,0.1,30,1,0.0015,7.1,5,0.049,0.011,41000,20,0.7,190,1.2,110,5500,0.2,0.1,75,270,0.01,0.03,0.02,0.02,0.18,0.02,0.86,15,0.001,6,0.02,24,15,2.1,47,0.2,42,1800,1700,5.1,0.2,2.2,1.6,0.1,0.06,0.51,2.9,9.1,120,630,0.08
GR 4688-10,13.5,0.19,4,6,-52,160,0.01,3.6,11,0.3,0.01,130,0.056,0.09,270,2.8,0.2,4.9,0.5,23,2.9,0.83,0.42,0.17,0.1,1.1,1,0.0016,0.21,0.18,0.001,0.02,97000,0.95,0.1,110,0.039,96,3900,0.2,0.2,2.3,54,0.01,0.03,0.02,0.02,0.001,0.02,7.8,0.47,0.002,15,0.02,0.63,4.4,1,17,0.2,220,3600,1600,0.16,0.055,0.013,0.051,0.1,0.02,0.09,0.33,0.24,7.7,33,0.05
GR 4688-10a,12,0.19,0.6,6.5,309,8,0.01,2.9,17,0.1,0.01,110,0.045,0.02,150,0.01,0.046,12,0.8,0.67,0.8,0.006,0.005,0.003,0.1,0.007,0.08,0.0008,0.003,0.002,0.001,0.018,5300,0.005,0.1,59,0.001,50,560,0.2,0.25,0.012,9.5,0.01,0.03,0.02,0.05,0.001,0.02,5.1,0.003,0.002,6.6,0.02,0.005,6,0.2,12,0.2,180,3400,630,0.002,0.017,0.01,0.001,0.1,0.04,0.13,0.77,0.004,0.21,3.5,0.07
SO 0921-03,12,0.62,0.4,3.3,-354,24000,0.01,0.43,8.2,9.3,0.02,34,0.007,1.1,210,63,0.19,1.9,3,190,23,17,8.4,3.3,0.1,16,0.44,0.0011,0.19,3.3,0.013,0.007,97000,21,1,86,0.89,90,12000,0.2,0.1,42,250,0.01,0.03,0.02,0.02,0.011,0.02,2,9.3,0.001,10,0.02,13,15,1.2,28,0.2,2.6,470,1200,3,0.14,0.59,1.1,0.1,0.035,0.52,4.6,6.2,85,720,0.29
SO 0244-07,12,0.57,0.8,3.5,-247,14000,0.01,0.26,6.6,4.2,0.02,36,0.006,0.73,210,37,0.11,1.6,1.5,140,15,11,5.7,1.9,0.1,9.8,0.29,0.0011,0.13,2.2,0.007,0.002,76000,12,0.25,71,0.6,89,9600,0.2,0.09,24,180,0.01,0.03,0.02,0.02,0.005,0.02,1.4,5.2,0.001,5.9,0.02,7.2,7.5,0.9,17,0.2,1.9,430,1100,1.9,0.062,0.19,0.77,0.1,0.05,0.35,1.8,4.2,61,370,0.04
SO 0240-01,10.5,0.41,3.9,5.2,-108,2800,0.01,0.9,10,3.4,0.01,36,0.012,0.2,76,16,0.057,2.4,0.9,240,2,5.4,2.5,1.1,0.1,6.2,0.23,0.0005,1.3,1,0.001,0.002,45000,5.2,0.35,39,0.25,64,9200,0.2,0.1,12,250,0.01,0.03,0.02,0.02,0.001,0.02,2.2,2.4,0.001,5.3,0.02,4,4.5,0.5,15,0.2,2.3,140,550,1.1,0.064,0.007,0.31,0.1,0.04,0.22,0.49,1.7,30,520,0.03
SO 2512-04,9.5,0.7,1.1,3.1,-103,8300,0.01,0.1,24,4.3,0.01,34,0.011,1.1,19,18,0.091,1.3,1.5,160,17,4.6,2.6,0.93,0.1,4.7,0.16,0.0012,1.4,0.9,0.006,0.004,3100,6.8,4.6,67,0.28,24,6500,0.2,0.09,12,190,0.01,0.03,0.02,0.02,0.001,0.02,1.4,2.7,0.001,6.2,0.02,3.8,6.5,0.7,18,0.2,1.4,47,250,0.83,0.19,0.24,0.36,0.1,0.02,0.006,0.99,2,23,530,0.08
FA 7605-06,14.5,0.18,0.4,6.3,91,18,0.01,9.8,13,0.2,0.01,130,0.085,0.02,180,0.24,0.12,16,0.7,5,0.9,0.14,0.086,0.024,0.1,0.14,0.13,0.0011,0.045,0.03,0.001,0.026,64000,0.084,0.1,72,0.009,63,2600,0.2,0.52,0.26,12,0.01,0.03,0.02,0.02,0.058,0.02,5.7,0.042,0.001,13,0.02,0.076,10,0.3,18,0.2,79,1700,740,0.023,0.02,0.014,0.01,0.1,0.03,0.09,0.072,0.052,1.8,5.4,0.07
FA 7605-04,14,0.21,0.4,6.2,66,85,0.01,7,15,0.3,0.02,110,0.06,0.045,190,2.5,0.086,16,0.9,23,0.8,0.37,0.18,0.094,0.1,0.51,0.045,0.0011,0.094,0.077,0.002,0.021,61000,0.94,0.1,84,0.018,49,2100,0.2,0.25,1.4,25,0.01,0.03,0.02,0.02,0.001,0.02,4.8,0.3,0.001,11,0.02,0.36,10,0.3,21,0.2,64,1600,700,0.076,0.075,0.03,0.02,0.1,0.04,0.14,0.13,0.11,3.4,21,0.05
FA 0430-02,11.5,0.64,0.6,3.3,-206,16000,0.01,0.2,19,8.1,0.02,44,0.02,0.41,86,3.2,0.11,2.1,4.7,82,7.9,6.4,3.4,0.64,0.1,4.2,0.09,0.001,0.069,1.3,0.011,0.012,49000,0.88,0.35,70,0.41,31,2300,0.2,0.06,3.4,150,0.01,0.03,0.02,0.02,0.001,0.02,2.8,0.58,0.001,7.8,0.02,1.8,11,0.35,30,0.2,3,370,540,0.98,0.22,0.071,0.48,0.1,0.02,0.75,0.64,2.7,32,300,0.03
FA 4078-02,12,0.22,3.3,6.1,65,23,0.02,2.6,14,0.09,0.03,150,0.046,0.02,140,0.23,0.052,9.8,1.8,9.9,2,0.058,0.044,0.012,0.1,0.086,0.07,0.001,0.002,0.014,0.01,0.007,18000,0.086,0.1,56,0.009,48,1600,0.2,0.2,0.13,19,0.02,0.03,0.02,0.02,0.014,0.02,2.4,0.032,0.001,4.1,0.02,0.049,4.5,0.7,15,0.2,16,1100,490,0.012,0.064,0.036,0.005,0.1,0.02,0.32,0.028,0.029,1.2,9.7,0.04
FA 4078-03,14,0.24,0.3,6.4,273,12,0.01,9.7,16,0.1,0.01,140,0.14,0.02,240,0.13,0.19,18,0.7,5.5,1.9,0.035,0.022,0.009,0.1,0.033,0.09,0.0007,0.011,0.01,0.001,0.02,20000,0.059,0.1,71,0.004,62,730,0.2,0.81,0.098,13,0.01,0.03,0.02,0.02,0.072,0.02,5.2,0.021,0.001,10,0.02,0.019,5.8,0.4,20,0.2,150,2600,860,0.009,0.055,0.009,0.004,0.1,0.2,0.07,0.57,0.018,0.71,6.3,0.06
FA Crosslands,14.5,0.14,0.4,6.5,140,27,0.01,5.2,17,0.1,0.01,150,0.11,0.025,260,0.42,0.12,21,0.6,10,0.8,0.12,0.079,0.021,0.1,0.12,0.095,0.0011,0.044,0.026,0.003,0.019,43000,0.2,0.1,91,0.007,60,1800,0.2,0.51,0.25,16,0.01,0.03,0.02,0.02,0.001,0.02,5.1,0.052,0.001,11,0.02,0.058,5.6,0.55,20,0.2,110,2200,930,0.02,0.026,0.021,0.008,0.1,0.03,0.03,0.31,0.049,1.6,9.6,0.04
FA 4075-04,13,0.25,0.4,5.8,31,230,0.01,7.8,13,0.4,0.01,79,0.019,0.025,110,1.3,0.05,4.6,0.5,13,0.6,0.43,0.22,0.094,0.1,0.52,0.05,0.001,0.11,0.087,0.004,0.005,23000,0.4,0.1,61,0.025,37,1100,0.2,0.25,1.1,24,0.01,0.03,0.02,0.02,0.003,0.02,2.1,0.21,0.001,4.4,0.02,0.32,5.5,0.5,22,0.2,11,810,400,0.082,0.057,0.007,0.029,0.1,0.1,0.16,0.047,0.17,3.2,24,0.07
FA Hopewell,12,0.64,1.6,3.2,-205,9300,0.03,0.5,14,7.2,0.02,46,0.026,0.21,120,6.7,0.2,3.8,2.5,160,3.5,5.3,3,0.56,0.1,3.4,0.06,0.0009,0.057,1.2,0.003,0.011,66000,2,0.77,120,0.32,31,2100,0.2,0.4,4.9,230,0.01,0.03,0.02,0.02,0.001,0.02,6.4,1,0.001,16,0.02,1.8,9.5,0.5,33,0.2,2.7,1500,620,0.84,0.39,0.069,0.42,0.1,0.2,0.72,0.35,2.3,25,430,0.03
FA 4075-02,13,0.44,0.7,4.9,-60,2000,0.01,0.91,11,1.3,0.01,77,0.015,0.1,110,7.2,0.074,4.1,0.5,32,1.4,1.9,0.87,0.47,0.1,2.4,0.03,0.0007,0.42,0.37,0.004,0.002,30000,2.1,0.2,56,0.093,42,1100,0.2,0.06,5.6,51,0.01,0.03,0.02,0.02,0.001,0.02,1.6,1.2,0.001,4.1,0.02,1.8,7,0.4,27,0.2,7,710,500,0.38,0.15,0.008,0.12,0.1,0.04,0.17,0.093,0.6,10,91,0.03
SO 0434-06,11,0.61,2.1,3.5,-188,14000,0.02,0.4,7.8,9,0.01,32,0.025,1,150,21,0.11,2.2,4.4,250,15,8.3,4.7,1.4,0.1,7.3,0.28,0.0008,2.4,1.8,0.018,0.008,45000,6.5,0.68,81,0.54,53,7400,0.2,0.2,15,300,0.01,0.03,0.02,0.02,0.001,0.02,2.5,3.2,0.001,8.5,0.02,4.8,9,0.6,23,0.2,9.3,320,760,1.4,0.14,0.29,0.64,0.1,0.05,0.9,1.6,3.5,45,680,0.06
FA Fayette City,13,0.15,0.3,6.4,77,21,0.01,6.1,18,0.1,0.01,170,0.12,0.01,110,0.07,0.081,55,2.1,6,0.45,0.04,0.034,0.008,0.1,0.035,0.055,0.0018,0.016,0.01,0.009,0.022,45000,0.036,0.1,39,0.025,38,1500,0.2,0.25,0.05,8.4,0.01,0.03,0.02,0.03,0.001,0.02,3.2,0.011,0.002,5.5,0.02,0.015,3.6,0.2,14,0.2,100,1900,470,0.008,0.055,0.011,0.009,0.1,0.07,0.25,0.11,0.098,0.54,5.6,0.03
SO 6058-05,11,0.5,8.3,5.6,14,750,0.12,0.39,6.9,1.4,0.01,49,0.012,0.53,120,2.9,0.019,1.8,0.5,41,14,3.3,1.5,0.46,0.1,2.8,0.03,0.0009,0.77,0.66,0.001,0.004,440,0.89,0.06,39,0.14,46,1500,0.2,0.8,2.6,70,0.01,0.03,0.02,0.02,0.001,0.02,1.5,0.48,0.001,1.4,0.02,1.3,4.5,7.6,16,0.2,1.5,290,450,0.56,0.046,0.008,0.18,0.1,0.3,0.14,0.27,0.92,19,250,0.03
WM 0426-01,13,0.62,0.6,3.4,-199,21000,0.04,1.3,5.9,3.8,0.03,70,0.032,0.83,150,41,0.11,6.3,6,61,3.4,7.7,3.3,2.3,0.1,10,0.19,0.001,0.091,1.4,0.027,0.016,33000,13,0.65,120,0.34,50,1900,0.2,0.1,29,110,0.01,0.03,0.02,0.02,0.014,0.02,1.2,6.2,0.001,4.8,0.02,8.7,14,1,51,0.2,9.2,1300,760,1.6,0.18,0.4,0.44,0.1,0.04,1.1,1.1,2.3,36,220,0.05
WM NH-C,12.5,0.19,0.3,6,-114,320,0.02,20,12,1,0.01,91,0.1,0.06,240,2.8,0.27,10,0.7,26,3.8,0.89,0.42,0.17,0.1,1,0.24,0.0005,0.011,0.19,0.001,0.033,164000,0.9,0.1,68,0.038,51,4600,0.2,0.5,2,69,0.01,0.03,0.02,0.02,0.001,0.02,12,0.43,0.007,24,0.02,0.59,5,2.6,20,0.2,460,1500,1900,0.16,0.077,0.011,0.05,0.1,0.02,0.15,0.2,0.26,7.1,33,0.05
WM 0915-02,13.5,0.14,0.8,6.6,192,12,0.055,14,15,0.1,0.01,96,0.062,0.01,140,0.1,0.11,25,2,1.3,0.8,0.031,0.021,0.007,0.1,0.031,0.025,0.0009,0.02,0.007,0.002,0.021,26000,0.042,0.08,57,0.003,41,630,0.2,0.9,0.076,6.5,0.01,0.03,0.02,0.02,0.022,0.02,3.5,0.012,0.001,6.8,0.02,0.015,4.7,0.4,17,0.2,68,2100,420,0.006,0.031,0.014,0.003,0.1,0.3,0.35,0.18,0.02,0.54,3.4,0.04
AL Sunnyside,13.5,0.17,7.1,6.4,329,13,0.01,2,11,0.1,0.01,260,0.6,0.02,88,0.05,0.099,110,1.9,1.4,2.2,0.013,0.007,0.005,0.1,0.012,0.43,0.0008,0.002,0.007,0.001,0.078,17000,0.017,0.1,46,0.002,23,470,0.2,0.3,0.035,15,0.01,0.03,0.02,0.11,0.001,0.02,3.4,0.009,0.003,5.2,0.02,0.011,6,1.2,19,0.2,360,1600,580,0.004,0.071,0.019,0.001,0.1,0.02,0.2,0.13,0.009,0.36,3.1,0.03
WM 1233-02,12.5,0.17,0.5,6.5,130,28,0.01,5.1,19,0.05,0.01,110,0.059,0.01,68,0.39,0.043,18,0.6,2.8,0.75,0.1,0.054,0.021,0.1,0.11,0.07,0.0033,0.026,0.02,0.001,0.01,10000,0.13,0.1,21,0.006,17,1300,0.2,0.53,0.24,6.2,0.01,0.03,0.02,0.02,0.014,0.02,3.1,0.051,0.002,4.8,0.02,0.058,4,0.3,15,0.2,100,370,300,0.019,0.023,0.006,0.007,0.1,0.09,0.2,0.055,0.035,0.93,2.8,0.03
WM 0931-2,13,0.19,1.3,6.4,196,9,0.02,8.2,16,0.1,0.01,100,0.053,0.01,130,0.01,0.086,32,2.3,0.75,1.1,0.005,0.006,0.002,0.1,0.006,0.03,0.0006,0.008,0.001,0.001,0.021,13000,0.007,0.1,45,0.001,46,510,0.2,0.79,0.012,2.6,0.01,0.03,0.02,0.02,0.16,0.02,3.3,0.002,0.001,6.8,0.02,0.005,5,0.45,16,0.2,77,2300,430,0.001,0.02,0.016,0.001,0.1,0.02,0.31,0.086,0.005,0.33,4.7,0.04
WM 1233-06,13,0.35,1.1,4.8,-261,6500,0.01,1.2,7.5,3.5,0.01,80,0.043,0.31,410,19,0.28,6.9,1.7,100,4.5,5.7,2.7,1.5,0.1,7.5,0.35,0.0008,1.5,1.1,0.001,0.026,115000,5.5,0.1,140,0.25,58,12000,0.2,0.1,17,94,0.01,0.03,0.02,0.02,0.001,0.02,6.9,3.3,0.001,19,0.02,5.4,5.5,1.1,21,0.2,45,1100,1600,1.2,0.25,0.018,0.34,0.1,0.02,0.35,0.73,1.8,36,240,0.07
WM 424-03,13,0.19,0.6,6.2,36,32,0.01,13,17,0.2,0.02,85,0.052,0.025,120,1.1,0.11,24,1.9,13,2,0.22,0.14,0.037,0.1,0.26,0.08,0.001,0.006,0.051,0.001,0.018,40000,0.44,0.1,65,0.012,47,1400,0.2,0.5,0.58,26,0.01,0.03,0.02,0.02,0.001,0.02,3.5,0.12,0.002,7.5,0.02,0.12,5.5,0.55,19,0.2,60,1400,530,0.036,0.034,0.023,0.018,0.1,0.03,0.35,0.11,0.081,2.9,29,0.03
WA Mitchell Power,13.5,0.28,1.2,5.7,-89,48,0.01,15,8.8,0.1,0.01,140,0.067,0.025,100,0.43,0.093,30,1.9,25,0.45,0.15,0.077,0.03,0.1,0.17,0.07,0.001,0.003,0.036,0.001,0.013,79000,0.12,0.06,40,0.008,31,780,0.2,0.2,0.39,41,0.01,0.03,0.02,0.02,0.001,0.02,4.1,0.072,0.011,6,0.02,0.096,4.3,0.4,18,0.2,100,1200,640,0.029,0.33,0.014,0.008,0.1,0.1,0.21,0.006,0.041,1.7,23,0.03
AL 1476-09,13,0.15,7.6,6.6,229,38,0.03,2.8,15,0.1,0.03,160,0.32,0.01,77,0.05,0.056,92,1.6,2.3,0.65,0.023,0.016,0.007,0.1,0.026,0.01,0.0021,0.003,0.008,0.004,0.04,22000,0.019,0.33,42,0.004,24,560,0.2,0.4,0.042,6.5,0.01,0.03,0.02,0.09,0.001,0.02,2.7,0.009,0.004,3.6,0.02,0.015,6,0.5,11,0.2,210,1500,370,0.008,0.073,0.046,0.003,0.1,0.06,0.1,0.21,0.013,0.22,2.4,0.05
WM 2599-03,14,0.16,0.4,6.2,201,54,0.01,1.8,13,0.2,0.01,230,0.57,0.02,160,0.32,0.18,73,1.3,6.9,3.2,0.32,0.22,0.053,0.1,0.31,0.38,0.001,0.005,0.082,0.003,0.062,65000,0.089,0.1,83,0.027,38,1300,0.2,0.4,0.39,74,0.01,0.03,0.02,0.03,0.001,0.02,4.4,0.056,0.003,8.1,0.02,0.18,3.9,1.4,18,0.2,500,2500,1300,0.055,0.025,0.016,0.033,0.1,0.02,0.2,0.22,0.17,3.7,4.9,0.17
CA Cooney-Pot Ridge,12.5,0.58,5.2,3.6,-837,108000,0.02,1.3,7.3,52,0.01,22,0.018,16,110,370,0.33,1,10,3100,120,99,58,17,0.1,87,3.2,0.0025,0.97,21,0.025,0.042,55000,140,2.8,390,6.9,190,69000,0.2,0.2,240,3200,0.02,0.03,0.02,0.02,0.001,0.02,2.6,53,0.004,26,0.17,67,34,6,43,0.2,4.8,290,1900,17,0.43,1.9,8.3,0.1,0.42,0.22,15,48,480,10000,0.84
AL 0911-03,12.5,0.2,5.8,6.2,73,34,0.02,7.5,12,0.2,0.02,120,0.059,0.055,83,0.16,0.048,53,2.5,22,1.2,0.057,0.04,0.013,0.1,0.054,0.045,0.0008,0.002,0.013,0.004,0.01,31000,0.086,0.1,27,0.005,35,770,0.2,0.15,0.1,27,0.01,0.03,0.02,0.03,0.001,0.02,2.3,0.025,0.005,3.2,0.02,0.029,3.5,0.7,12,0.2,110,1500,420,0.009,0.14,0.049,0.005,0.1,0.02,0.39,0.05,0.025,1.1,16,0.04
WM 4499-04,12.5,0.22,1.3,6.4,165,54,0.01,8.2,13,0.2,0.02,140,0.09,0.025,53,0.07,0.05,69,2.9,5.3,0.8,0.09,0.052,0.012,0.1,0.077,0.045,0.001,0.004,0.02,0.002,0.018,19000,0.019,0.1,31,0.008,21,600,0.2,0.4,0.11,12,0.01,0.03,0.02,0.04,0.064,0.02,1.8,0.018,0.002,2.8,0.02,0.04,4,0.6,14,0.2,140,1300,260,0.013,0.016,0.022,0.006,0.1,0.03,0.51,0.037,0.045,1.1,9.2,0.04
WM 4499-06,13,0.2,0.4,6.5,276,12,0.01,5.9,13,0.1,0.01,210,0.22,0.01,54,0.02,0.077,86,1.5,2.6,1.3,0.006,0.008,0.003,0.1,0.005,0.09,0.0007,0.004,0.006,0.001,0.038,24000,0.008,0.1,42,0.002,16,580,0.2,0.57,0.014,12,0.01,0.03,0.02,0.1,0.001,0.02,2.6,0.003,0.004,4,0.02,0.005,8,0.3,15,0.2,330,1400,500,0.002,0.026,0.015,0.001,0.1,0.02,0.1,0.1,0.01,0.28,3.2,0.05
CA 2495-01/05,10.5,0.55,0.4,3.5,-375,20000,0.01,0.6,9,26,0.02,22,0.019,0.69,68,44,0.1,4.9,3.6,880,4.3,14,8.3,2.3,0.1,12,0.39,0.0017,0.14,3,0.009,0.009,122000,15,2.1,150,0.9,56,16000,0.2,0.4,28,900,0.01,0.03,0.02,0.02,0.001,0.02,3.4,6.3,0.001,9.5,0.03,8.7,12,0.9,27,0.2,3.3,160,750,2.4,0.18,0.38,1.2,0.1,0.065,1.2,0.91,6.3,76,2500,0.27
WM 2530-02,12.5,0.28,0.5,6.3,67,20,0.01,9.4,22,0.08,0.03,44,0.049,0.015,110,0.14,0.069,77,2.8,4,0.6,0.054,0.033,0.011,0.1,0.057,0.1,0.0057,0.003,0.011,0.003,0.013,32000,0.065,0.1,46,0.006,37,3300,0.2,0.2,0.11,12,0.01,0.03,0.02,0.02,0.008,0.02,3.3,0.022,0.001,5.8,0.02,0.025,5,0.5,16,0.2,62,670,370,0.009,0.033,0.029,0.005,0.1,0.02,0.42,0.037,0.03,0.76,8.3,0.04
CA 2491-06,10,0.43,0.6,5.1,-32,1200,0.01,0.77,14,2.5,0.02,43,0.018,0.08,79,5.4,0.067,1.3,0.6,67,0.55,1.5,0.81,0.28,0.1,1.5,0.045,0.0011,0.019,0.31,0.001,0.005,16000,1.9,0.2,39,0.086,35,2800,0.2,0.1,3.4,96,0.01,0.03,0.02,0.02,0.001,0.02,3.1,0.79,0.001,6.1,0.02,1,4.2,0.2,15,0.2,1.4,190,360,0.26,0.12,0.026,0.11,0.1,0.04,0.09,0.21,0.6,7.4,120,0.03
WM 2530-04,12.5,0.33,0.3,5.4,-24,310,0.01,7.4,11,0.5,0.01,95,0.031,0.035,95,4.1,0.085,21,0.8,47,1.2,1.1,0.48,0.26,0.1,1.4,0.095,0.0103,0.013,0.19,0.009,0.008,32000,1.2,0.1,65,0.044,41,4400,0.2,0.3,3.1,45,0.01,0.03,0.02,0.02,0.014,0.02,2.8,0.64,0.005,6,0.02,0.86,5,0.8,20,0.2,25,630,440,0.21,0.091,0.007,0.058,0.1,0.03,0.14,0.049,0.3,6.9,65,0.05
CA 2472-02,14,0.27,0.4,5.4,-289,580,0.01,4.6,19,1.5,0.02,62,0.053,0.02,220,7.5,0.29,11,0.6,150,1,2.9,1.6,0.48,0.1,2.8,0.16,0.0011,0.038,0.62,0.001,0.004,174000,2.4,0.05,78,0.16,82,4900,0.2,0.1,5.2,130,0.01,0.03,0.02,0.02,0.001,0.02,7.9,1.1,0.001,20,0.02,1.6,4.7,0.5,18,0.2,15,1000,1100,0.52,0.15,0.041,0.21,0.1,0.03,0.21,0.14,1.1,18,46,0.06
WM 2544-01,13,0.27,1.4,6,19,140,0.01,8.4,11,0.3,0.05,120,0.078,0.02,100,1.5,0.12,63,2.5,8.4,1.3,0.58,0.29,0.12,0.1,0.7,0.095,0.009,0.011,0.12,0.009,0.018,54000,0.38,0.1,56,0.035,33,1800,0.2,0.45,1.3,19,0.02,0.03,0.02,0.02,0.04,0.02,3.2,0.26,0.004,6.8,0.02,0.45,6.5,1.1,20,0.2,140,1300,560,0.12,0.018,0.055,0.037,0.1,0.06,0.45,0.076,0.2,4.2,16,0.05
WM 2544-01a,13,0.26,1,6.1,5,140,0.01,8.4,11,0.3,0.01,110,0.073,0.01,100,1.4,0.12,50,1.9,9.5,0.5,0.58,0.3,0.12,0.1,0.68,0.075,0.0009,0.011,0.12,0.007,0.015,62000,0.32,0.1,57,0.031,29,1800,0.2,0.46,1.4,17,0.01,0.03,0.02,0.02,0.011,0.02,3.5,0.25,0.004,7.5,0.02,0.41,5.1,0.2,19,0.2,110,1400,530,0.11,0.029,0.012,0.043,0.1,0.07,0.17,0.081,0.2,4.4,19,0.04
WA-0657-8,12,0.35,0.4,5.1,-71,2800,0.01,11,11,1.1,0.02,160,0.063,0.22,110,14,0.11,31,2.3,42,1.2,2.4,1.2,0.72,0.1,3.1,0.12,0.0011,0.026,0.45,0.01,0.012,37000,3.7,0.095,98,0.12,38,1400,0.2,0.2,10,130,0.01,0.03,0.02,0.02,0.001,0.02,3.1,2.2,0.004,5.7,0.02,2.8,6.5,0.6,24,0.2,69,1500,590,0.49,0.16,0.02,0.15,0.1,0.02,0.37,0.14,0.79,12,150,0.05
WM 0436-5,13,0.24,0.6,6.2,7,380,0.02,6.3,17,0.7,0.02,92,0.051,0.095,150,9.3,0.11,33,1.5,24,0.75,1.8,0.83,0.43,0.1,2.2,0.09,0.0101,0.021,0.35,0.007,0.015,71000,2.7,0.2,65,0.071,42,2300,0.2,0.55,6.4,39,0.01,0.03,0.02,0.02,0.001,0.02,3.8,1.4,0.002,8,0.02,1.7,9,0.4,19,0.2,93,1600,680,0.33,0.073,0.031,0.1,0.2,0.035,0.13,0.23,0.49,12,57,0.06
WA 0657-05,12.5,0.44,0.4,4.4,-185,7900,0.01,1.1,9.6,2.1,0.02,130,0.044,0.39,160,28,0.17,9.5,2.1,80,1,5.6,2.6,1.5,0.1,7,0.19,0.0006,0.055,1,0.017,0.016,74000,7.4,0.3,110,0.24,49,4500,0.2,0.1,20,160,0.01,0.03,0.02,0.02,0.001,0.02,3.5,4.2,0.001,8.5,0.02,5.7,14,0.6,31,0.2,23,1400,790,1.1,0.39,0.035,0.34,0.1,0.02,0.42,0.26,1.8,29,230,0.07
WA 1443-02,12.5,0.18,3.2,6.3,22,140,0.01,11,16,0.2,0.02,190,0.055,0.06,180,1.1,0.064,8.8,0.5,34,0.8,0.25,0.16,0.043,0.1,0.29,0.09,0.0008,0.003,0.058,0.003,0.016,86000,0.4,0.1,75,0.015,53,1600,0.2,0.83,0.68,53,0.01,0.03,0.02,0.02,0.001,0.02,4.6,0.18,0.003,5.4,0.02,0.14,7,0.4,15,0.2,88,2000,790,0.048,0.068,0.033,0.018,0.1,0.06,0.08,0.23,0.083,3,34,0.04
CA 2716-07,11.5,0.41,0.9,5.1,-64,2700,0.01,1.7,14,3.8,0.01,39,0.019,0.21,120,14,0.099,2.9,1.2,130,3.1,3.4,1.9,0.69,0.1,3.6,0.14,0.0009,0.042,0.67,0.001,0.005,29000,4.8,0.52,73,0.2,46,3300,0.2,0.1,8.8,180,0.01,0.03,0.02,0.02,0.001,0.02,3.5,2,0.001,7.7,0.02,2.7,6.5,0.6,20,0.2,2.5,310,540,0.63,0.13,0.008,0.25,0.1,0.04,0.14,0.46,1.3,16,280,0.03
AL Scrubgrass,13,0.21,0.3,6.1,58,14,0.01,14,14,0.1,0.01,190,0.46,0.05,100,0.03,0.095,270,3.3,7.1,2.1,0.017,0.015,0.005,0.1,0.024,0.06,0.0009,0.002,0.008,0.001,0.04,62000,0.013,0.1,37,0.004,32,660,0.2,0.5,0.036,17,0.01,0.03,0.02,0.11,0.001,0.02,5.1,0.007,0.003,5.2,0.02,0.013,3.9,1.3,15,0.2,280,1700,550,0.005,0.049,0.006,0.003,0.1,0.02,0.7,0.029,0.015,0.64,8.4,0.03
CA 2473-13,12,0.46,1,4.9,-109,9600,0.01,2.9,11,7.9,0.04,39,0.044,0.44,120,19,0.12,6.3,2,160,7.9,5.3,2.9,0.95,0.1,5.1,0.2,0.0015,0.065,1.1,0.004,0.01,30000,6.5,0.92,110,0.33,44,3100,0.2,0.08,12,230,0.01,0.03,0.02,0.02,0.001,0.02,3.8,2.7,0.001,8.5,0.02,3.7,11,0.85,29,0.2,19,500,600,0.91,0.14,0.045,0.39,0.1,0.02,0.38,0.87,2.2,23,390,0.03
CA 2473-14,11.5,0.25,1.2,5.6,-1,460,0.02,5.2,16,1.4,0.07,44,0.06,0.2,120,6.6,0.11,8.2,3.2,81,4.2,1.5,0.81,0.27,0.1,1.5,0.09,0.0019,0.021,0.31,0.007,0.013,26000,2.4,0.2,72,0.086,38,2300,0.2,0.2,3.6,100,0.02,0.03,0.02,0.02,0.001,0.02,4.2,0.85,0.001,7.9,0.02,1,6,1.4,19,0.2,24,620,480,0.26,0.17,0.1,0.099,0.1,0.025,0.52,0.11,0.55,8.4,160,0.04
CA 0623-02,12.5,0.5,0.5,4.4,-150,9000,0.04,3,11,12,0.14,36,0.036,0.19,83,17,0.13,5.8,4.1,180,2.4,7.1,3.9,1.1,0.1,6.2,0.12,0.0025,0.083,1.5,0.019,0.012,53000,5.5,1.1,110,0.44,34,2300,0.2,0.25,11,300,0.03,0.03,0.02,0.02,0.002,0.02,4.2,2.5,0.001,12,0.02,3.9,12,1.7,33,0.2,6.7,400,490,1.2,0.18,0.23,0.55,0.2,0.07,3.2,0.64,3,29,380,0.06
WM BR-02,11.5,0.68,0.6,5.2,-41,670,0.01,3.4,11,1,0.01,81,0.027,0.03,79,3.1,0.072,16,0.6,12,0.55,1.3,0.59,0.3,0.1,1.5,0.04,0.0051,0.014,0.24,0.009,0.008,28000,0.74,0.09,62,0.052,27,2300,0.2,0.09,3,28,0.01,0.03,0.02,0.02,0.003,0.02,2.6,0.57,0.002,5.3,0.02,1,4.8,0.2,20,0.2,22,650,370,0.25,0.055,0.027,0.071,0.1,0.03,0.26,0.1,0.38,6.8,38,0.07
WM BR-01,12,0.41,0.6,4.8,-75,1900,0.01,4,11,1.5,0.01,85,0.037,0.035,85,6.5,0.11,13,0.8,20,0.65,2,0.9,0.52,0.1,2.5,0.03,0.0175,0.021,0.38,0.02,0.009,36000,1.6,0.2,64,0.082,30,2200,0.2,0.08,5.5,44,0.01,0.03,0.02,0.02,0.01,0.02,2.6,1.1,0.001,6.5,0.02,1.8,6.3,0.3,24,0.2,26,740,430,0.4,0.094,0.013,0.11,0.1,0.02,0.64,0.14,0.6,9.6,72,0.08
AL Blue Lagoon,16.5,0.43,9.4,5,-16,1900,0.09,1.2,19,1.7,0.01,100,0.21,1.7,220,29,0.086,460,7.4,59,20,6.4,2.7,1.9,0.1,8.5,0.3,0.0006,0.072,1.1,0.011,0.029,1300,7.2,0.24,140,0.27,60,2000,0.2,0.2,26,100,0.01,0.03,0.02,0.02,0.001,0.02,4.6,5.4,0.005,3.6,0.02,7.8,5.5,1.9,20,0.2,200,820,580,1.3,0.13,0.008,0.34,0.1,0.02,3,1.2,1.8,27,170,0.08
WM 2525-03,12,0.68,0.4,3,-334,34000,0.02,0.81,2,6.4,0.01,52,0.011,2,110,87,0.11,16,13,170,54,14,6.4,4.3,0.1,19,1.2,0.0044,0.16,2.7,0.067,0.003,40000,26,0.15,140,0.6,54,13000,0.2,0.1,59,240,0.01,0.03,0.02,0.02,0.008,0.02,0.5,13,0.001,2.8,0.02,17,19,2,47,0.2,9.8,510,810,2.9,0.17,4.8,0.84,0.1,0.04,0.74,3.4,4.5,66,420,0.04
IN 2467-04,11,0.57,0.4,3.5,-272,18000,0.01,0.62,24,5.4,0.02,46,0.21,0.45,64,13,0.12,10,6.7,75,6.4,6.6,3.3,1.2,0.1,6.2,0.17,0.0011,0.066,1.3,0.017,0.02,85000,3.6,0.86,120,0.35,24,2200,0.2,0.3,10,130,0.01,0.03,0.02,0.02,0.001,0.02,2.8,2.1,0.001,9.4,0.02,4,11,0.5,24,0.2,46,620,600,1.2,0.26,0.5,0.46,0.1,0.2,0.57,0.94,2.5,29,290,0.05
CA 2452-02,11,0.72,4.9,2.8,-403,44000,0.02,0.18,7.7,12,0.04,39,0.013,1.3,64,27,0.12,2.3,14,200,33,16,8.5,2.6,0.1,14,0.63,0.0008,0.17,3.3,0.049,0.003,40000,8.1,4.2,170,0.89,36,4200,0.2,0.15,22,340,0.01,0.03,0.02,0.02,0.001,0.02,1.4,4.2,0.001,7.3,0.02,8.7,24,1.3,50,0.2,1.3,730,700,2.9,0.44,2.2,1.2,0.1,0.05,0.22,3,6.5,69,660,0.14
CA 2724-05,10.5,0.52,0.4,4.1,-126,7700,0.035,7.4,12,4.1,0.01,41,0.038,0.2,76,13,0.11,22,2.4,52,2.3,3.3,1.7,0.76,0.1,3.7,0.01,0.001,0.04,0.63,0.002,0.005,43000,4.1,0.5,81,0.19,31,1300,0.2,0.4,9.1,90,0.01,0.03,0.02,0.02,0.001,0.02,3.9,1.9,0.001,9.3,0.02,2.8,9,0.2,31,0.2,5.2,470,410,0.62,0.3,0.072,0.22,0.1,0.2,0.77,0.58,1.2,15,170,0.08
CA 2464-04,11,0.8,8.5,2.7,-360,37000,0.02,0.39,3.6,12,0.01,35,0.008,1.6,100,18,0.12,0.7,19,140,81,16,7.9,2.6,0.1,14,1.1,0.008,0.17,3.1,0.098,0.007,27000,5.2,2.2,240,0.86,50,3200,0.2,0.1,18,240,0.01,0.03,0.02,0.02,0.001,0.02,1.3,3.3,0.001,8.3,0.02,8.2,36,1.7,67,0.2,1.1,750,820,2.7,0.34,3.8,1.1,0.1,0.05,0.24,3.6,6.2,59,510,0.1
CA 0619-18,13,0.69,6.4,2.9,-266,13000,0.03,0.23,10,9.8,0.13,32,0.01,0.64,75,16,0.082,0.4,2.4,210,6.5,9.2,4.6,1.6,0.1,8.8,0.27,0.0009,0.11,1.8,0.011,0.004,63000,5.9,3.7,120,0.46,54,9700,0.2,0.15,13,240,0.02,0.03,0.02,0.02,0.001,0.02,2.6,2.6,0.001,7.4,0.02,5.5,13,0.9,38,0.2,1,190,660,1.7,0.17,0.35,0.62,0.1,0.065,0.15,0.84,3.3,45,500,0.07
IN 0623-72,11.5,0.39,0.5,4.7,-394,6800,0.02,8.6,14,3.1,0.03,59,0.066,0.11,82,7.2,0.2,5.4,1.5,59,0.7,7.1,3.7,1.1,0.1,6.3,0.07,0.0043,0.081,1.5,0.004,0.018,200000,1.8,0.82,110,0.37,32,2500,0.2,0.1,7.5,97,0.01,0.03,0.02,0.02,0.001,0.02,5.1,1.3,0.001,16,0.02,3.3,7,0.9,25,0.2,88,1200,880,1.3,0.47,0.033,0.49,0.1,0.045,1.7,0.45,2.5,35,170,0.06
CA 0053-01,11.5,0.56,0.4,3.8,-132,5100,0.01,1.6,15,1.3,0.01,59,0.029,0.17,59,3.3,0.1,2.6,1.5,37,2.5,2,1.1,0.3,0.1,1.9,0.04,0.0009,0.029,0.4,0.004,0.004,52000,0.97,0.35,75,0.12,26,1700,0.2,0.2,2.7,65,0.01,0.03,0.02,0.02,0.001,0.02,3.2,0.53,0.001,8.4,0.02,1.1,6.5,1.1,23,0.2,19,1100,410,0.36,0.15,0.045,0.14,0.1,0.13,0.15,0.28,0.75,11,120,0.14
WM Novessell,12.5,0.22,0.5,6,-41,270,0.01,1.8,15,2.3,0.01,110,0.056,0.01,86,6.4,0.12,9.8,1.4,33,0.55,2.7,1.4,0.48,0.1,2.6,0.1,0.001,0.032,0.57,0.001,0.012,65000,1.8,0.06,76,0.13,23,1600,0.2,0.15,5.1,66,0.01,0.03,0.02,0.02,0.001,0.02,4.9,0.99,0.001,13,0.02,1.7,13,0.4,23,0.2,130,1100,600,0.49,0.015,0.011,0.18,0.1,0.09,0.23,0.07,0.91,17,23,0.03
ARM Truxall,12.5,0.59,7.4,3.5,-598,36000,0.02,22,6.6,21,0.01,86,0.06,0.75,220,70,0.32,3.4,9.8,210,7,36,18,7.5,0.1,36,0.59,0.0008,0.36,7.1,0.015,0.009,201000,19,0.65,250,1.8,67,12000,0.2,0.2,66,330,0.01,0.03,0.02,0.02,0.15,0.02,6.2,12,0.002,21,0.03,26,17,2.6,49,0.2,130,2100,1600,6.4,0.88,0.58,2.4,0.1,0.13,11,1.6,13,160,660,0.13
IN 4760-04A,11.5,0.74,9.2,3.1,-245,34000,0.01,50,3.9,5.4,0.01,67,0.01,2.7,160,91,0.032,,9.6,170,38,15,6.4,4.5,0.1,19,0.52,,0.16,2.6,0.047,0.002,4000,25,0.2,140,0.58,86,5200,0.2,0.1,63,220,0.01,,,0.02,0.001,0.02,0.54,14,0.001,1,0.02,18,14,2.3,40,0.2,12,1000,985,3,0.067,2.8,0.84,0.1,0.06,0.12,3.1,4.3,65,550,0.04
IN 4760-04,11.5,0.45,5.4,5.2,0,1500,0.02,0.11,11,1.3,0.01,65,0.019,0.83,120,15,0.027,4.7,1.1,40,8.5,2.5,1.2,0.73,0.1,3.4,0.13,0.0006,0.026,0.48,0.001,0.003,340,5.1,0.1,74,0.11,54,1500,0.2,0.08,10,92,0.01,0.03,0.02,0.02,0.001,0.02,1.8,2.3,0.001,1.6,0.02,2.8,4.5,0.95,16,0.2,16,1000,540,0.51,0.11,0.007,0.14,0.1,0.03,0.14,0.35,0.72,13,160,0.03
IN 2415-02,13,0.4,0.3,4.5,-301,18000,0.01,4.3,12,7.1,0.01,56,0.25,0.19,110,20,0.11,10,6.7,59,0.8,8.4,4.2,1.9,0.1,9.1,0.15,0.0019,0.088,1.7,0.005,0.024,111000,5.3,0.1,140,0.42,35,4100,0.2,0.2,17,100,0.01,0.03,0.02,0.02,0.008,0.02,3.9,3.4,0.001,11,0.02,6.7,9.5,0.6,28,0.2,41,880,760,1.6,0.13,0.24,0.55,0.1,0.06,3.8,0.61,2.9,40,270,0.05
IN 2460-02,13,0.16,0.6,6.7,222,9,0.01,1.7,17,0.1,0.04,84,0.065,0.01,100,0.05,0.063,11,1.8,0.27,0.9,0.014,0.008,0.006,0.1,0.014,0.03,0.006,0.003,0.003,0.003,0.008,3600,0.019,0.1,29,0.004,30,630,0.2,0.57,0.027,7.9,0.02,0.03,0.02,0.03,0.001,0.02,2.9,0.007,0.002,4.8,0.02,0.01,3,1.1,10,0.2,100,1100,350,0.004,0.021,0.045,0.001,0.1,0.04,0.38,0.43,0.009,0.32,1.1,0.05
Shadle Mine discharge,16.5,0.33,1.3,3.4,-702,16000,0.06,4.1,16,9.4,0.04,1,0.01,0.96,130,31,0.75,5.4,2.3,770,1.4,7,4.1,1,0.1,5.6,0.47,0.0012,0.13,1.4,0.007,0.008,312000,12,4.2,110,0.47,76,19000,0.2,0.15,16,620,0.01,0.03,0.02,0.02,0.006,0.02,2.2,3.9,0.001,13,0.04,3.9,15,0.2,49,0.2,1.6,580,1300,1.1,0.29,0.061,0.59,0.1,0.06,7.9,0.7,3.2,44,1000,0.28
IN 3834-01,13,0.44,6,5.6,0,590,0.02,0.33,8,1.1,0.01,66,0.029,0.95,320,19,0.056,6.9,1.2,84,17,4.8,2.2,1.2,0.1,5.8,0.72,0.0009,0.058,0.9,0.001,0.005,850,6.3,0.1,76,0.19,140,9200,0.2,0.1,14,120,0.01,0.03,0.02,0.02,0.001,0.02,3.8,3,0.001,2.8,0.02,4.3,3.5,1.3,12,0.2,17,3000,1400,0.91,0.17,0.037,0.28,0.1,0.02,0.06,0.61,1.4,25,190,0.03
CA 0824-02,10.5,0.71,8.8,3,-291,18000,0.01,2.9,11,6.4,0.01,50,0.051,0.31,140,13,0.18,12,5.2,73,6.6,5.2,2.9,1,0.1,4.9,0.17,0.0012,0.058,1.1,0.015,0.011,76000,3.8,1.5,83,0.34,46,2500,0.2,0.08,9.8,110,0.01,0.03,0.02,0.02,0.001,0.02,3.7,2,0.001,10,0.02,3.5,10,0.6,23,0.2,50,720,910,0.93,0.42,0.37,0.43,0.1,0.02,0.27,1.1,2.4,24,170,0.08
Rowe Tunnel Discharge,12.1,0.24,10.3,6.2,-10,160,0.01,0.08,28,0.45,0.02,12,0.009,0.07,11,1.4,0.065,4.8,0.5,33,0.9,0.1,0.069,0.022,0.1,0.14,0.07,0.0008,0.002,0.021,0.001,0.004,9000,0.77,0.15,22,0.007,15,1900,0.2,0.1,0.57,42,0.01,0.03,0.02,0.02,0.008,0.02,1,0.18,0.001,2.1,0.02,0.099,3.1,0.2,9.6,0.2,3.5,41,98,0.02,0.01,0.045,0.009,0.1,0.1,0.006,0.014,0.051,0.7,55,0.03
WM HP-02,12,0.18,1.4,6.3,-4,30,0.01,9.4,18,0.2,0.01,150,0.23,0.01,63,0.41,0.11,61,0.9,15,1.1,0.29,0.19,0.038,0.1,0.23,0.08,0.0047,0.005,0.07,0.001,0.018,101000,0.12,0.06,63,0.019,22,1400,0.2,0.35,0.33,31,0.01,0.03,0.02,0.02,0.001,0.02,5.4,0.059,0.002,9.3,0.02,0.1,4.1,0.75,15,0.2,320,1200,830,0.048,0.093,0.012,0.025,0.1,0.03,0.006,0.018,0.1,2.9,6.3,0.05
WM HP-01,12,0.17,0.3,6.2,4,30,0.01,7.4,15,0.2,0.03,85,0.099,0.01,58,0.26,0.11,32,1,11,0.65,0.2,0.14,0.027,0.1,0.17,0.035,0.0058,0.005,0.051,0.002,0.033,91000,0.1,0.1,56,0.015,21,1400,0.2,0.2,0.24,17,0.01,0.03,0.02,0.02,0.001,0.02,6.3,0.044,0.004,13,0.02,0.082,4.1,0.35,15,0.2,160,1000,510,0.034,0.059,0.046,0.018,0.1,0.06,0.06,0.011,0.093,2.1,4.1,0.04
Porter Tunnel nr Tower City,11.6,0.69,10.5,3,-112,4300,0.01,0.46,23,3.8,0.03,19,0.11,0.57,45,23,0.11,33,2.1,170,22,2.6,1.4,0.56,0.1,3,0.27,0.0014,0.047,0.52,0.015,0.005,16000,10,1.6,51,0.18,57,5000,0.2,0.09,11,280,0.01,0.03,0.02,0.02,0.004,0.02,1.6,2.8,0.001,4.1,0.02,2.6,6.5,0.6,13,0.2,6.2,120,410,0.46,0.078,1,0.2,0.1,0.07,0.14,1.3,1.2,12,460,0.07
Valley View Tunnel,11.4,0.34,8.2,6,-13,35,0.01,2.6,23,0.3,0.03,11,0.013,0.075,12,0.2,0.1,0.7,0.5,26,0.95,0.038,0.021,0.009,0.1,0.034,0.06,0.001,0.002,0.009,0.001,0.004,13000,0.11,0.2,19,0.002,13,1900,0.2,0.1,0.071,31,0.01,0.03,0.02,0.02,0.01,0.02,0.94,0.02,0.001,2.2,0.02,0.018,5,0.2,9.4,0.2,0.89,58,96,0.007,0.012,0.058,0.003,0.1,0.1,0.006,0.033,0.017,0.29,31,0.03
Markson Columway,10.9,0.63,0.4,3.3,-73,1700,0.01,0.34,16,2,0.02,11,0.009,0.22,45,8.1,0.11,3.7,0.6,120,2.3,1.2,0.7,0.24,0.1,1.2,0.17,0.0006,0.027,0.25,0.002,0.005,16000,3.6,1.8,37,0.078,41,5300,0.2,0.09,4.1,170,0.01,0.03,0.02,0.02,0.005,0.02,1.4,1,0.001,4.1,0.02,0.97,4,0.2,11,0.2,2.4,130,340,0.2,0.053,0.029,0.098,0.1,0.03,0.06,0.35,0.55,6.2,240,0.03
CA 0486-5/10,16.5,0.71,8,2.9,-402,24000,0.01,0.62,23,21,0.01,30,0.022,2.3,92,110,0.3,1.5,2.7,1200,14,37,22,6.2,0.1,33,0.89,0.0009,0.42,8,0.017,0.01,73000,36,4.5,180,2.3,110,41000,0.2,0.1,73,1200,0.01,0.03,0.02,0.02,0.001,0.02,3.4,16,0.002,17,0.07,23,14,2,23,0.2,2.6,270,1100,6.3,0.24,1.3,2.9,0.1,0.16,0.17,3.9,16,180,3400,0.21
IN 4760-06,12,0.67,0.5,3.1,-191,22000,0.03,0.34,3.2,4.9,0.02,52,0.01,2.1,79,59,0.055,2.1,8.5,87,43,8.7,3.8,2.9,0.1,12,0.5,0.0008,0.093,1.6,0.04,0.004,14000,18,0.35,110,0.38,37,2400,0.2,0.25,40,150,0.01,0.03,0.02,0.02,0.035,0.02,0.5,9.1,0.001,1.5,0.02,12,13,2.2,37,0.2,10,520,540,1.8,0.13,2,0.48,0.2,0.02,1,2.4,2.6,39,390,0.04
Tracy Airhole,11.1,0.25,0.4,5.9,-16,21,0.02,1.8,18,0.2,0.04,17,0.026,0.02,45,0.55,0.099,21,0.5,53,0.85,0.076,0.043,0.011,0.1,0.079,0.085,0.0013,0.002,0.018,0.001,0.008,20000,0.3,0.06,30,0.006,44,3100,0.2,0.15,0.25,67,0.01,0.03,0.02,0.02,0.007,0.02,1.7,0.06,0.001,4,0.02,0.047,5,0.2,8.7,0.3,6.3,180,280,0.011,0.02,0.04,0.007,0.1,0.05,0.006,0.042,0.038,0.66,25,0.03
CA 0821-02,11,0.54,0.4,3.4,-254,15000,0.01,0.81,9.9,11,0.01,42,0.037,0.22,120,15,0.18,2.2,3.4,76,2.5,7.3,3.9,1.3,0.1,6.7,0.15,0.001,0.073,1.5,0.006,0.007,81000,4.4,2.4,130,0.41,34,3200,0.2,0.2,11,130,0.01,0.03,0.02,0.02,0.001,0.02,3.6,2.2,0.001,12,0.02,4.2,12,0.5,33,0.2,9.9,1700,690,1.3,0.51,0.17,0.54,0.1,0.1,1.2,0.32,2.9,31,250,0.1
Colket Mine Drift,11.5,0.24,5.4,5.9,-40,95,0.01,3.7,18,0.5,0.02,11,0.007,0.02,27,1,0.11,2.9,0.5,27,0.8,0.25,0.12,0.037,0.1,0.22,0.08,0.0012,0.006,0.048,0.001,0.003,22000,0.53,0.09,21,0.012,20,1400,0.2,0.2,0.53,38,0.01,0.03,0.02,0.02,0.008,0.02,0.9,0.12,0.001,2.3,0.02,0.12,3.1,0.2,11,0.2,2.3,130,180,0.042,0.018,0.042,0.018,0.1,0.1,0.05,0.064,0.09,1.4,18,0.03
CA 0826-01,11,0.21,5.4,7.2,268,11,0.01,1.1,27,0.1,0.01,77,0.045,0.01,33,0.03,0.034,5.1,0.5,1,1,0.005,0.003,0.003,0.1,0.005,0.01,0.0009,0.002,0.001,0.001,0.007,830,0.01,0.08,16,0.001,8.5,300,0.2,0.66,0.019,3.4,0.01,0.03,0.02,0.04,0.002,0.02,1.8,0.005,0.001,2.8,0.02,0.008,2.1,0.2,9.2,0.2,140,620,140,0.002,0.12,0.011,0.001,0.1,0.02,0.006,0.14,0.002,0.11,0.6,0.05
IN 2438-08,12,0.48,11.5,4.5,-60,7600,0.01,0.2,39,3,0.02,46,0.032,0.17,77,7.8,0.058,3.7,1.4,41,5.9,5.6,2.9,1.2,0.1,5.8,0.01,0.0009,0.064,1.1,0.004,0.009,11000,2.2,0.2,54,0.3,25,1600,0.2,0.1,7.5,79,0.01,0.03,0.02,0.02,0.093,0.02,2,1.4,0.001,5.3,0.02,3.6,7.5,0.3,15,0.2,6.6,640,350,1,0.11,0.15,0.38,0.1,0.02,0.006,0.67,2.1,24,140,0.03
IN 2436-05,10.5,0.64,0.7,3,-296,27000,0.02,0.37,15,10,0.03,45,0.052,0.43,88,23,0.2,1.1,11,100,14,14,7.4,2.7,0.1,14,0.26,0.0007,0.16,2.9,0.024,0.009,52000,6.4,1.2,180,0.76,26,1500,0.2,0.1,21,200,0.01,0.03,0.02,0.02,0.001,0.02,2.3,4,0.001,12,0.02,8.8,15,1,37,0.2,15,1200,640,2.6,0.56,1.7,1,0.1,0.06,0.43,1.6,5.4,58,480,0.05
Otto Air Shaft Discharge,12.1,0.24,0.3,5.9,24,140,0.05,1.7,25,0.85,0.21,15,0.028,0.03,40,9.1,0.18,2.6,0.5,59,0.7,0.73,0.44,0.18,0.1,0.94,0.19,0.0012,0.015,0.16,0.009,0.005,14000,4.3,0.14,23,0.046,35,2500,0.2,0.2,3.9,84,0.01,0.08,0.02,0.02,0.007,0.02,1.2,1.1,0.001,2.8,0.02,0.78,3.2,0.2,11,0.5,8.2,380,230,0.14,0.074,0.12,0.061,0.2,0.06,0.006,0.067,0.3,4.1,47,0.04
IN 2980-09,13,0.45,1.9,4.8,-198,9500,0.01,0.4,21,3.8,0.01,60,0.097,0.3,93,16,0.51,14,2.1,63,2.7,6.2,3.1,1.7,0.1,7.3,0.18,0.0011,0.062,1.2,0.001,0.017,82000,3.8,0.09,160,0.32,23,2400,0.2,0.1,16,86,0.01,0.03,0.02,0.02,0.001,0.02,3.7,2.8,0.002,11,0.02,6.2,5,0.8,18,0.2,94,990,690,1.2,0.15,0.014,0.42,0.1,0.08,0.25,0.28,2.2,31,190,0.03
IN 2980-12,12,0.3,2.3,4.9,-43,2700,0.04,0.25,37,1.9,0.03,73,0.067,0.075,46,5.7,0.057,7.8,1.1,34,0.9,1.9,0.96,0.47,0.1,2.2,0.01,0.0014,0.021,0.37,0.003,0.01,17000,1.4,0.1,38,0.11,16,870,0.2,0.3,4.9,46,0.01,0.03,0.02,0.02,0.008,0.02,3,0.98,0.003,4.9,0.02,1.8,3.8,0.3,14,0.2,23,510,260,0.37,0.15,0.06,0.14,0.1,0.05,0.006,0.21,0.76,8.7,93,0.03
IN 2442-01,10.5,0.37,4.4,7,98,11,0.03,0.25,39,0.1,0.02,55,0.039,0.02,48,0.01,0.025,7.4,0.7,0.61,0.5,0.002,0.004,0.004,0.1,0.005,0.01,0.0009,0.002,0.001,0.003,0.002,160,0.012,0.1,14,0.002,13,120,0.2,0.67,0.006,2.8,0.01,0.03,0.02,0.02,0.001,0.02,2,0.004,0.004,2.8,0.02,0.005,4,0.5,8.2,0.2,28,1200,120,0.002,0.041,0.023,0.001,0.1,0.05,0.006,0.18,0.003,0.17,5.8,0.03
CA Driscoll,11,0.71,3.4,3.1,-99,8200,0.01,0.2,9.3,5.8,0.02,38,0.023,0.43,120,13,0.096,7.6,2.9,93,24,4,2.1,0.77,0.1,4,0.13,0.0013,0.051,0.81,0.01,0.008,4900,3.8,3.1,94,0.26,35,2600,0.2,0.06,9.4,150,0.01,0.03,0.02,0.02,0.001,0.02,2.2,2.1,0.001,6.2,0.02,3.1,8,1.2,18,0.2,3.8,430,520,0.72,0.17,1.2,0.3,0.1,0.02,0.46,1.1,1.7,16,310,0.03
Silver Crk Discharge,12.7,0.29,0.5,5.7,-29,280,0.04,4.5,18,2.4,0.06,11,0.02,0.085,48,11,0.29,4.9,0.5,94,0.95,0.85,0.49,0.26,0.1,1.3,0.13,0.0007,0.019,0.18,0.002,0.007,24000,5.2,0.15,37,0.058,29,3500,0.2,0.3,5.2,110,0.01,0.03,0.02,0.02,0.005,0.02,1.1,1.4,0.001,3.2,0.02,1.1,4.1,0.2,13,0.3,2.7,520,260,0.17,0.039,0.077,0.07,0.1,0.06,0.006,0.096,0.4,4.9,220,0.11
Bell water level Tunnel Disch.,9.7,0.61,0.8,3.7,-26,900,0.01,0.21,20,1.5,0.02,11,0.005,0.12,14,3.2,0.11,3,0.5,39,2.5,0.27,0.17,0.089,0.1,0.4,0.11,0.0015,0.007,0.057,0.001,0.003,4600,1.4,1.3,23,0.023,12,1400,0.2,0.1,1.6,46,0.01,0.03,0.02,0.02,0.008,0.02,1.1,0.41,0.001,2.2,0.02,0.38,3.6,0.2,12,0.2,2.3,97,110,0.055,0.029,0.033,0.026,0.1,0.09,0.006,0.14,0.17,1.4,130,0.03
Locust Gap Mine Discharge,26.6,0.66,5.9,3.3,-120,15000,0.02,0.3,31,5.8,0.02,22,0.014,0.75,32,58,0.18,1.2,1.1,150,15,5.5,3,1.4,0.2,6.9,0.69,0.0008,0.11,1.1,0.004,0.012,1600,27,1.7,190,0.34,40,5000,0.2,0.08,29,290,0.01,0.03,0.02,0.02,0.001,0.02,2.2,7.5,0.001,5.7,0.02,6.2,13,0.6,46,0.2,1.9,260,360,1,0.044,0.06,0.41,0.1,0.02,0.09,0.72,2.3,26,520,0.13
ARM 2937-01,11.5,0.16,0.6,6.5,94,10,0.01,7.3,24,0.1,0.01,69,0.051,0.02,47,0.02,0.066,9.8,0.5,2.8,0.65,0.013,0.011,0.003,0.1,0.011,0.01,0.0007,0.002,0.004,0.001,0.014,25000,0.012,0.1,26,0.002,13,650,0.2,0.4,0.01,7.5,0.01,0.03,0.02,0.02,0.002,0.02,2.9,0.003,0.001,5.1,0.02,0.005,3.7,0.2,14,0.2,93,1200,260,0.002,0.038,0.008,0.002,0.1,0.02,0.006,0.056,0.011,0.32,2.9,0.03
"Bear Valley Mine, N. Mtn.",10.3,0.37,1.4,5.2,-8,9,0.01,0.18,29,0.2,0.02,7.5,0.009,0.045,35,0.045,0.056,0.8,0.5,35,0.45,0.011,0.009,0.005,0.1,0.011,0.055,,0.002,0.003,0.001,0.003,6700,0.03,0.1,15,0.001,15,1900,0.2,0.1,0.019,34,0.01,0.03,0.02,0.02,0.001,0.02,0.78,0.005,0.001,1.4,0.02,0.005,7,0.2,12,0.2,2,84,160,0.002,0.011,0.016,0.001,0.1,0.07,0.006,0.006,0.004,0.18,49,0.03
"Big Mtn Mine, No. 1 Slope",11.2,0.57,4,3.7,-112,7800,0.01,1.1,17,4.6,0.01,6.6,0.006,0.52,45,35,0.11,3.1,1.5,210,7.8,5,2.9,1.1,0.1,5.5,0.53,0.0009,0.092,1.1,0.003,0.005,25000,15,2,47,0.35,63,7400,0.2,0.07,19,320,0.01,0.03,0.02,0.02,0.001,0.02,1.4,4.7,0.001,4.3,0.02,4.7,8,0.3,16,0.2,2.7,120,470,0.91,0.046,0.38,0.41,0.1,0.02,0.09,1.4,2.4,25,450,0.05
Henry Clay Sterling Mine,12.9,0.21,0.3,5.8,-19,36,0.01,4.1,18,0.65,0.02,13,0.008,0.04,62,3.1,0.3,2.4,0.5,58,0.65,0.42,0.22,0.083,0.1,0.42,0.09,0.0009,0.01,0.089,0.001,0.006,25000,1.5,0.1,100,0.025,45,3200,0.2,0.3,1.5,83,0.01,0.03,0.02,0.02,0.001,0.02,2,0.39,0.001,5.3,0.02,0.35,4.1,0.2,12,0.2,3.3,420,350,0.069,0.018,0.022,0.029,0.1,0.03,0.05,0.12,0.18,2.9,59,0.08
Corbin Water Level Drift,11.5,0.52,2.3,4.2,-123,8600,0.02,0.56,13,7.8,0.03,25,0.014,0.12,35,19,0.21,6.5,1.6,160,1.3,3.7,2.2,0.69,0.1,3.7,0.22,0.0008,0.075,0.77,0.005,0.009,35000,7.6,0.84,110,0.31,45,5000,0.2,0.14,11,220,0.01,0.03,0.02,0.02,0.001,0.02,2,2.7,0.001,4.3,0.02,3.1,10,0.4,21,0.3,4.8,240,380,0.66,0.034,0.09,0.31,0.1,0.02,0.71,1.5,1.8,18,270,0.08
Maysville Mine Borehole,11.4,0.22,4.1,6.1,45,7,0.01,4.5,19,0.1,0.01,13,0.012,0.01,65,0.08,0.19,31,0.5,23,0.45,0.017,0.017,0.005,0.1,0.011,0.06,0.0014,0.002,0.004,0.001,0.005,18000,0.059,0.1,69,0.003,35,2600,0.2,0.35,0.034,27,0.01,0.03,0.02,0.02,0.001,0.02,2.4,0.01,0.001,3.9,0.02,0.008,2.6,0.2,9.9,0.2,6.8,650,230,0.002,0.006,0.016,0.002,0.1,0.04,0.006,0.11,0.018,0.34,4.4,0.03
CLE 0846-03,15,0.38,2.4,5.5,-91,1300,0.04,2.2,12,1.1,0.01,31,0.056,0.14,380,6.3,0.21,4.8,2.8,170,2.8,2.4,1.4,0.35,0.1,2.2,0.41,0.0007,0.022,0.53,0.001,0.013,46000,2.7,0.2,95,0.14,210,17000,0.2,0.1,4.2,240,0.01,0.03,0.02,0.02,0.001,0.02,9.6,0.89,0.001,19,0.02,1.2,3.9,1.3,15,0.2,7.5,810,1900,0.43,0.18,0.01,0.17,0.1,0.02,0.41,0.27,0.97,15,190,0.04
Newkirk Tunnel,9.2,0.52,9.8,3.4,-84,10000,0.01,0.03,18,3.9,0.01,17,0.006,0.82,12,21,0.091,0.1,0.5,91,49,1.8,1,0.52,0.1,2.1,0.17,0.0014,0.016,0.35,0.007,0.001,3100,9.5,2.4,36,0.15,12,1600,0.2,0.1,10,110,0.01,0.03,0.02,0.02,0.001,0.02,0.72,2.6,0.001,1.4,0.02,2.2,2.7,0.72,14,0.2,0.69,78,160,0.32,0.031,0.36,0.16,0.1,0.08,0.006,1,0.92,8.2,550,0.03
Cameron Mine Drift,14.4,0.33,0.3,5.3,-75,74,0.01,2.3,14,0.35,0.01,14,0.017,0.03,130,6.1,0.29,16,0.5,130,0.75,0.78,0.43,0.16,0.1,0.92,0.16,0.0014,0.015,0.17,0.001,0.006,54000,2.9,0.15,96,0.045,87,5500,0.2,0.2,3.1,140,0.01,0.03,0.02,0.02,0.001,0.02,3.9,0.73,0.003,14,0.02,0.64,4.7,0.2,14,0.2,6.1,620,740,0.15,0.17,0.027,0.052,0.1,0.2,0.12,0.12,0.26,6.1,67,0.04
Scott Ridge mine Tunnel,11.8,0.3,1.9,5.9,-20,89,0.02,2.5,16,0.65,0.02,15,0.014,0.03,45,2.2,0.2,37,0.5,60,0.6,0.29,0.2,0.059,0.1,0.32,0.1,0.001,0.015,0.067,0.01,0.007,24000,1,0.08,45,0.047,33,3500,0.2,0.1,1.1,69,0.01,0.03,0.02,0.02,0.001,0.02,2,0.27,0.001,4.9,0.02,0.23,4.4,0.2,12,0.3,6.9,370,230,0.051,0.039,0.039,0.036,0.1,0.03,0.006,0.11,0.26,1.9,30,0.35
Cameron Mine Airshaft,13.6,0.49,2.4,4,-134,5400,0.02,0.99,13,5.1,0.01,23,0.015,0.3,53,20,0.47,5,0.6,180,1.4,3.7,2.1,0.73,0.1,4,0.22,0.0017,0.074,0.78,0.001,0.007,49000,7.7,1.6,260,0.27,61,6100,0.2,0.1,12,240,0.01,0.03,0.02,0.02,0.001,0.02,2.7,2.7,0.001,11,0.02,3.1,7.5,0.2,20,0.2,6.7,330,510,0.66,0.15,0.042,0.29,0.1,0.1,0.19,0.9,1.7,20,360,0.06
"Mid Valley Mine, Tunnel",9.6,0.44,0.4,4,-54,4300,0.02,0.04,17,3.9,0.01,9.8,0.005,0.32,12,9.8,0.11,5.7,0.5,74,0.7,1.2,0.69,0.29,0.1,1.4,0.22,0.001,0.019,0.24,0.001,0.003,12000,4.4,3.9,32,0.084,14,2200,0.2,0.5,5,100,0.01,0.03,0.02,0.02,0.001,0.02,1.3,1.3,0.001,3,0.02,1.3,4.9,0.2,15,0.2,4.5,65,140,0.22,0.076,0.035,0.1,0.1,0.1,0.12,0.56,0.59,5.5,250,0.03
"Mid Valley Mine, Tunnel No. 4",9.7,0.5,8.4,3.6,-42,4300,0.02,0.03,24,4.8,0.01,9,0.003,0.57,5.8,9.5,0.11,0.9,0.5,94,13,1.3,0.83,0.28,0.1,1.5,0.2,0.0013,0.021,0.28,0.001,0.002,1100,4.3,11,24,0.11,11,1800,0.2,0.09,5.2,120,0.01,0.03,0.02,0.02,0.001,0.02,0.93,1.2,0.001,2.4,0.02,1.3,3.8,0.2,11,0.2,0.8,42,100,0.23,0.067,0.02,0.12,0.1,0.08,0.006,0.72,0.72,6.5,310,0.04
CLE 0848-01,10.5,0.31,0.6,5.6,-92,710,0.01,1.8,12,2.4,0.06,34,0.036,0.045,110,6.1,0.051,6.2,2.3,90,2,3,1.5,0.63,0.1,3.3,0.23,0.0027,0.037,0.6,0.004,0.011,52000,1.6,0.1,49,0.15,56,9200,0.2,0.1,5.3,120,0.02,0.03,0.02,0.02,0.001,0.02,2.5,1,0.001,6.2,0.02,2,4.5,1.3,14,0.2,3.8,530,570,0.59,0.029,0.078,0.2,0.1,0.04,0.81,0.099,0.99,17,220,0.08
Mid Valley Mine Seep,10.9,0.77,8,3.1,-198,26000,0.01,0.15,13,11,0.01,13,0.007,1.8,37,58,0.39,1.5,2.3,150,88,5.9,3.3,1.5,0.1,7.3,0.4,0.0007,0.11,1.2,0.019,0.004,2900,28,11,130,0.42,27,4700,0.2,0.06,29,280,0.01,0.15,0.02,0.02,0.001,0.02,3.3,7.4,0.001,11,0.02,6.5,17,0.8,51,0.2,1.5,240,390,1.1,0.29,0.15,0.48,0.1,0.04,0.17,1.3,2.9,29,520,0.07
CLE 2570-03,12,0.63,1.3,2.7,-1587,100000,0.09,58,3,20,0.01,24,0.017,2.5,110,180,0.31,4,72,220,110,53,24,15,0.1,62,7.3,0.0007,0.51,10,0.34,0.012,512000,35,0.6,310,2.1,51,8100,0.2,1.8,150,580,0.01,0.03,0.02,0.02,2.8,0.02,1,29,0.002,15,0.03,55,33,4.2,59,0.2,1.1,440,2000,11,1.5,8.1,3.1,0.1,0.16,100,18,17,230,1000,0.1
Silverbrook Mine,9.6,0.51,1.1,4.2,-68,6200,0.01,0.13,28,4.3,0.01,23,0.044,0.67,26,31,0.22,15,0.5,82,2.2,2,1.2,0.71,0.1,2.8,0.25,0.0006,0.02,0.41,0.002,0.015,15000,15,7.1,69,0.2,8.8,1700,0.2,0.1,15,83,0.01,0.03,0.02,0.02,0.001,0.02,1.8,3.9,0.001,4.4,0.02,3.2,5,0.62,14,0.2,15,99,170,0.38,0.066,0.032,0.18,0.1,0.11,0.006,0.74,1.1,12,270,0.07
Oneida Tunnel,10,0.46,11.1,4.4,-11,1800,0.02,0.03,20,1.6,0.03,29,0.012,0.3,3.3,8.1,0.059,6.3,0.5,24,17,0.49,0.29,0.2,0.1,0.63,0.08,0.0006,0.007,0.097,0.001,0.001,97,3.8,2.4,11,0.047,3.6,390,0.2,0.1,3.9,34,0.01,0.03,0.02,0.02,0.001,0.02,0.96,1,0.001,1.7,0.02,0.82,2,0.64,7.6,0.2,4.2,27,34,0.089,0.029,0.029,0.043,0.1,0.08,0.006,0.35,0.29,2.2,160,0.06
Beaver Meadow Outfall,9.3,0.53,9.8,3.7,-52,6800,0.01,0.03,19,5.1,0.01,22,0.009,0.91,11,26,0.11,9.8,0.5,77,51,1.8,1,0.62,0.1,2.4,0.25,0.0008,0.016,0.35,0.003,0.001,600,12,5.2,43,0.15,12,1600,0.2,0.2,13,110,0.01,0.03,0.02,0.02,0.001,0.02,1.2,3.2,0.001,2.6,0.02,2.7,4,0.92,15,0.2,5.1,80,120,0.34,0.049,0.056,0.15,0.1,0.1,0.006,1,0.9,9.2,520,0.04
Derringer Tunnel,10.7,0.48,2.3,4.4,-13,1700,0.03,0.03,30,1.6,0.02,69,0.043,0.3,7.5,4.8,0.12,2.6,0.5,30,9,0.56,0.34,0.15,0.1,0.6,0.08,0.0003,0.007,0.11,0.004,0.004,46,2.2,2.1,13,0.052,5.7,700,0.2,0.08,2.5,39,0.01,0.03,0.02,0.02,0.001,0.02,2,0.63,0.001,2.9,0.02,0.58,2,0.38,6.4,0.2,14,56,81,0.096,0.05,0.009,0.046,0.1,0.1,0.1,0.17,0.3,2.8,160,0.04
JEF 1307-02,11,0.21,0.4,6.2,-14,43,0.01,2.5,20,0.2,0.01,55,0.056,0.01,62,1,0.056,15,0.5,14,0.45,0.36,0.19,0.087,0.1,0.45,0.075,0.0009,0.006,0.076,0.001,0.018,43000,0.32,0.1,20,0.017,22,4000,0.2,0.25,0.85,20,0.01,0.03,0.02,0.02,0.002,0.02,4.4,0.18,0.001,7.4,0.02,0.28,2.1,0.2,8.8,0.2,38,1300,310,0.07,0.025,0.015,0.026,0.1,0.03,0.006,0.043,0.11,2.6,11,0.03
Buck Mountain,8.8,0.52,7.1,3.5,-94,13000,0.01,0.09,18,8.7,0.01,13,0.006,2.1,7.6,57,0.11,1.9,0.5,190,91,4.2,2.5,1.3,0.1,5.3,0.5,0.0004,0.035,0.83,0.003,0.001,630,29,9.4,49,0.36,12,2900,0.2,0.1,29,220,0.01,0.03,0.02,0.02,0.001,0.02,1.2,7.6,0.001,2.1,0.05,5.8,5,1.3,18,0.2,1.7,53,160,0.77,0.071,0.2,0.36,0.1,0.11,0.006,2.5,2.1,23,1000,0.03
Jeddo Mine Tunnel,10.9,0.43,9.5,4.5,-49,7300,0.01,0.14,20,4.7,0.01,28,0.021,1.3,29,37,0.19,14,0.5,100,30,2.7,1.5,0.9,0.1,3.6,0.31,0.0007,0.024,0.51,0.002,0.002,920,17,3.9,52,0.21,40,3100,0.2,0.1,19,150,0.01,0.03,0.02,0.02,0.001,0.02,1.6,4.7,0.001,3.3,0.02,4,4,1.1,13,0.2,11,150,280,0.53,0.077,0.028,0.21,0.1,0.09,0.006,1.2,1.2,13,560,0.04
JEF 2987-06,11.5,0.29,6,7.3,508,20,0.04,0.22,24,0.1,0.01,120,0.19,0.01,76,0.08,0.086,25,0.7,0.32,1.3,0.021,0.009,0.008,0.1,0.02,0.13,0.0009,0.003,0.007,0.001,0.017,900,0.029,0.1,40,0.001,17,190,0.2,0.52,0.046,25,0.01,0.03,0.02,0.1,0.001,0.02,3.8,0.012,0.001,6,0.02,0.018,3.2,0.8,10,0.2,390,1800,550,0.004,0.021,0.013,0.001,0.1,0.04,0.055,0.8,0.012,0.21,2.6,0.09
CLE 1396-02,10,0.67,0.4,2.7,-639,56000,0.02,0.99,4.5,15,0.01,28,0.015,3.3,58,170,0.49,1.6,28,530,190,34,17,9.6,0.1,40,2.4,0.0077,0.34,6.7,0.25,0.007,97000,53,0.66,270,1.7,71,30000,0.2,0.2,120,610,0.01,0.03,0.02,0.02,0.001,0.02,1.2,26,0.001,8.2,0.05,38,32,4.2,37,0.2,0.97,110,1100,6.7,0.37,24,2.2,0.1,0.12,0.56,12,13,150,1700,0.25
JEF 1147-01,10,0.41,0.2,5.4,-61,2200,0.02,9.2,16,2.4,0.02,52,0.17,0.12,77,16,0.086,17,1.2,33,6.9,2.7,1.3,0.8,0.1,3.5,0.03,0.0008,0.033,0.53,0.001,0.006,37000,4.7,0.15,41,0.14,23,1100,0.2,0.2,11,58,0.01,0.03,0.02,0.02,0.001,0.02,3,2.4,0.002,6.4,0.02,3.1,4.3,0.6,16,0.2,13,1000,340,0.53,0.16,0.025,0.18,0.1,0.03,0.1,0.56,0.98,13,91,0.03
BUT 7134-08,10.5,0.18,0.2,6.5,69,14,0.01,2.2,15,0.1,0.01,65,0.038,0.01,89,0.11,0.024,2.3,0.5,22,0.4,0.034,0.022,0.009,0.1,0.035,0.02,0.0005,0.002,0.009,0.001,0.008,33000,0.07,0.1,11,0.004,14,1100,0.2,0.1,0.064,13,0.01,0.03,0.02,0.02,0.027,0.02,3.3,0.013,0.001,6.2,0.02,0.021,4.1,0.2,15,0.2,8.5,560,220,0.008,0.028,0.03,0.003,0.1,0.04,0.18,0.2,0.021,0.5,10,0.03
JEF 3470-12,10,0.32,0.4,5.8,-56,260,0.01,1.8,8.9,2.3,0.01,44,0.03,0.03,99,2.5,0.043,2.6,0.7,75,2,0.74,0.38,0.18,0.1,0.85,0.26,0.0008,0.009,0.14,0.001,0.01,39000,1.1,0.1,74,0.036,46,11000,0.2,0.1,1.8,90,0.01,0.03,0.02,0.02,0.002,0.02,3.6,0.39,0.001,7.6,0.02,0.55,4,0.9,14,0.2,9.2,470,490,0.14,0.02,0.007,0.046,0.1,0.04,0.25,0.045,0.25,4.9,32,0.05
West End Mine,10.9,0.37,1.2,4.5,-83,2600,0.01,1,15,3.3,0.02,13,0.041,0.21,65,11,0.21,2.1,0.5,96,0.6,1.9,0.96,0.36,0.1,1.8,0.14,0.0009,0.021,0.36,0.001,0.013,31000,4.5,2.4,87,0.12,45,6300,0.2,0.06,6,130,0.01,0.03,0.02,0.02,0.001,0.02,1.9,1.4,0.001,5,0.02,1.5,5,0.57,16,0.2,2.6,360,420,0.32,0.048,0.042,0.12,0.1,0.13,0.006,0.4,0.69,9.6,190,0.03
BUT 6378-08,11,0.48,0.3,4.5,-702,19000,0.02,64,9.2,14,0.01,19,0.1,1.8,160,360,0.19,11,2.3,1500,4,93,46,22,0.1,110,2.9,0.0008,0.97,19,0.004,0.1,261000,140,1.3,120,4,130,74000,0.2,0.1,260,860,0.02,0.03,0.02,0.02,0.001,0.02,7.5,54,0.003,28,0.09,79,6,5.1,14,0.2,17,430,1600,18,0.62,0.17,5.6,0.1,0.37,0.92,0.9,29,530,2200,0.21
Askam Shaft,14,0.2,,6.3,0,28,0.03,15,17,0.3,0.06,28,0.058,0.03,170,0.83,0.63,20,0.5,36,0.4,0.11,0.06,0.022,0.1,0.14,0.11,0.0008,0.003,0.021,0.001,0.019,33000,0.45,0.1,56,0.006,69,5000,0.2,0.7,0.38,39,0.02,0.03,0.02,0.02,0.001,0.02,2.5,0.092,0.001,7.7,0.02,0.075,4,0.6,16,0.01,42,1900,740,0.021,0.038,0.013,0.007,0.1,0.14,0.006,0.31,0.035,1,15,0.04
Honeypot Outfall,15.2,0.19,0.3,6.1,26,15,0.05,14,16,0.3,0.35,16,0.049,0.02,180,1.1,0.82,12,0.5,27,0.5,0.17,0.088,0.033,0.1,0.19,0.11,0.0005,0.003,0.033,0.002,0.027,47000,0.58,0.1,87,0.011,78,5300,0.2,0.76,0.54,35,0.03,0.03,0.02,0.02,0.011,0.02,3.7,0.12,0.001,9.6,0.02,0.12,5,0.73,16,0.2,60,2700,830,0.032,0.013,0.033,0.011,0.1,0.52,0.006,0.16,0.054,1.6,6,0.04
Buttonwood Outfall,16.3,0.17,1.3,6,32,21,0.02,8.2,18,0.4,0.04,19,0.11,0.03,120,1.5,0.52,20,0.5,29,0.4,0.14,0.075,0.032,0.1,0.15,0.1,0.0003,0.003,0.03,0.001,0.023,33000,0.78,0.06,71,0.01,65,4900,0.2,0.54,0.66,30,0.02,0.03,0.02,0.02,0.001,0.02,3.4,0.19,0.001,9.7,0.02,0.12,4,0.39,16,0.02,29,1200,554,0.023,0.023,0.011,0.01,0.1,0.14,0.006,0.14,0.057,1,7.5,0.03
VEN 1139-02,12,0.6,7.3,3.7,-287,19000,0.01,0.54,7.8,6.4,0.02,30,0.022,3.2,110,120,0.12,3.7,1.5,930,8.3,30,14,8.5,0.1,39,0.96,0.0009,0.33,5.8,0.003,0.017,50000,42,2,160,1.4,110,45000,0.2,0.2,86,770,0.01,0.03,0.02,0.02,0.001,0.02,4.6,18,0.002,16,0.03,29,8,2.6,27,0.2,2.5,290,980,6,0.35,0.26,1.9,0.1,0.12,0.16,1.3,9.7,160,1500,0.08
S. Wilkes-Barre Boreholes,15.6,0.18,1,6,37,14,0.03,12,17,0.35,0.04,27,0.11,0.01,100,0.56,0.85,61,0.5,17,0.5,0.11,0.07,0.023,0.1,0.13,0.085,0.0023,0.002,0.024,0.001,0.022,32000,0.24,0.08,110,0.01,59,4100,0.2,0.54,0.37,21,0.02,0.03,0.02,0.02,0.006,0.02,3.7,0.073,0.001,10,0.02,0.087,5,0.42,17,0.04,59,1400,482,0.021,0.011,0.01,0.009,0.1,0.14,0.3,0.058,0.05,0.99,3,0.03
CLE 1416-04,10,0.54,0.6,3.9,-212,23000,0.01,0.98,13,8.5,0.01,42,0.011,0.23,57,18,0.19,0.5,8.7,100,4.3,6.9,3.5,1.4,0.1,7,0.04,0.001,0.071,1.3,0.008,0.002,42000,5.3,1,130,0.38,23,1300,0.2,0.3,14,200,0.01,0.03,0.02,0.02,0.002,0.02,3,2.9,0.001,12,0.02,4.7,14,0.4,39,0.2,15,1200,470,1.3,0.15,0.21,0.48,0.1,0.2,2.1,1,2.7,26,390,0.05
CLE 1416-06,10,0.54,0.3,4,-203,22000,0.02,0.85,13,8,0.01,37,0.012,0.23,58,18,0.18,0.7,8,100,3.6,7,3.5,1.4,0.1,6.9,0.01,0.0013,0.069,1.4,0.006,0.003,41000,5.4,0.96,130,0.37,24,1300,0.2,0.3,14,190,0.01,0.03,0.02,0.02,0.001,0.02,2.9,2.9,0.001,11,0.02,4.9,15,0.4,39,0.2,14,1200,460,1.3,0.16,0.18,0.48,0.1,0.2,1.9,1,2.6,26,380,0.03
CLE 1416-14,10,0.66,3.3,3,-412,28000,0.01,1,7.2,9,0.02,37,0.031,0.5,90,23,0.22,5.7,16,140,54,9.4,4.9,1.9,0.1,9.1,0.51,0.0009,0.1,1.9,0.048,0.007,113000,6.7,1.4,160,0.49,31,2200,0.2,0.1,17,270,0.01,0.03,0.02,0.02,0.001,0.02,2.8,3.7,0.001,12,0.02,6.6,19,1,42,0.2,17,1900,780,1.7,0.25,3.1,0.68,0.1,0.025,1,2.6,3.6,37,400,0.05
CLA 1053-09,9,0.31,0.3,5.9,-344,480,0.01,0.39,11,5,0.01,60,0.053,0.03,160,13,0.13,5.2,0.6,280,1,4.1,2.1,0.88,0.1,4.9,0.43,0.0005,0.048,0.83,0.001,0.013,192000,4.9,0.1,110,0.19,77,26000,0.2,0.1,9.1,160,0.01,0.03,0.02,0.02,0.007,0.02,6.9,1.9,0.001,13,0.02,2.8,5,0.5,10,0.2,26,1100,1100,0.79,0.035,0.019,0.25,0.1,0.04,0.33,0.046,1.2,27,120,0.05
ELK 6134-07,10,0.2,1.2,4.6,-164,8100,0.01,0.46,10,4.8,0.01,53,0.033,0.23,150,12,0.11,2.8,0.9,100,4,9.7,4.9,1.5,0.1,8.6,0.22,0.0068,0.11,2,0.001,0.007,63000,3.2,0.2,79,0.5,58,10000,0.2,0.1,11,200,0.01,0.03,0.02,0.02,0.001,0.02,3.6,2.1,0.001,8.9,0.02,4.6,7.5,0.55,21,0.2,4.4,2700,760,1.7,0.073,0.015,0.62,0.1,0.08,0.14,2.4,3.2,46,300,0.03
Butler Mine Tunnel,11.4,0.41,9.7,5.1,-15,2200,0.02,0.62,24,4.4,0.04,25,0.064,0.89,30,12,0.32,110,0.5,73,22,1.8,1,0.34,0.1,1.8,0.12,0.0007,0.025,0.36,0.009,0.011,2500,5.5,8,39,0.15,33,2300,0.2,0.14,6.2,120,0.01,0.03,0.02,0.02,0.001,0.02,2.6,1.5,0.001,5.9,0.02,1.6,2.1,1.8,11,0.2,67,190,215,0.3,0.09,0.01,0.15,0.1,0.18,0.3,1,0.87,8.8,390,0.16
ELK 0969-01,10,0.22,0.3,6.2,60,74,0.01,3.9,14,0.2,0.02,49,0.028,0.02,180,0.99,0.092,4.7,1.6,6.9,2,0.47,0.23,0.082,0.1,0.5,0.17,0.0056,0.007,0.1,0.001,0.011,26000,0.4,0.1,32,0.02,50,7400,0.2,0.3,0.83,12,0.01,0.03,0.02,0.02,0.001,0.02,3.9,0.19,0.001,7.1,0.02,0.26,3.5,0.55,13,0.2,4.3,3200,570,0.084,0.027,0.03,0.03,0.1,0.02,0.33,0.5,0.12,3.7,17,0.08
Duryea Breach Seepage,13.3,0.23,1.5,6.1,51,14,0.01,4.2,19,0.2,0.02,36,0.1,0.02,81,0.64,0.36,57,0.5,32,0.4,0.08,0.057,0.013,0.1,0.084,0.06,0.0003,0.002,0.02,0.001,0.02,20000,0.35,0.15,63,0.011,51,2800,0.2,0.15,0.3,32,0.01,0.03,0.02,0.02,0.001,0.02,2.7,0.071,0.001,7.4,0.02,0.068,3,0.4,9.9,0.2,22,1100,320,0.013,0.037,0.005,0.009,0.1,0.14,0.006,0.051,0.052,0.69,8.3,0.03
Old Forge Borehole,14,0.24,1.2,6.1,55,15,0.02,5.3,20,0.2,0.02,37,0.12,0.03,84,0.33,0.4,73,0.5,25,0.5,0.05,0.042,0.009,0.1,0.051,0.055,0.0008,0.002,0.011,0.002,0.021,18000,0.19,0.1,65,0.01,51,2500,0.2,0.2,0.14,31,0.01,0.03,0.02,0.02,0.001,0.02,3,0.037,0.001,7.7,0.02,0.029,4,0.4,12,0.2,29,1200,320,0.009,0.039,0.007,0.008,0.1,0.14,0.1,0.041,0.045,0.47,8.3,0.03
Gravity Slope,9.8,0.43,1.2,5.8,17,59,0.02,0.03,25,0.95,0.01,18,0.037,0.21,30,1.7,0.13,29,0.5,20,2.2,0.26,0.15,0.051,0.1,0.28,0.06,0.0012,0.004,0.05,0.001,0.005,470,0.83,0.4,27,0.019,17,790,0.2,0.1,0.92,43,0.01,0.03,0.02,0.02,0.001,0.02,1.6,0.23,0.001,2.9,0.02,0.23,2,1.7,6.8,0.2,15,270,113,0.047,0.056,0.003,0.021,0.1,0.13,0.1,0.086,0.11,1.5,81,0.03
Jermyn Outfall Slope 1,10.4,0.42,3,6,28,22,0.43,0.28,26,0.2,0.01,21,0.031,0.07,28,0.26,0.13,27,0.5,6.9,0.8,0.035,0.024,0.007,0.1,0.038,0.04,0.0007,0.002,0.009,0.001,0.003,320,0.25,0.68,30,0.004,26,510,0.2,2.6,0.12,19,0.01,0.03,0.02,0.02,0.001,0.02,2.3,0.028,0.001,3.7,0.02,0.022,2,3.1,7,0.3,14,120,134,0.007,0.063,0.003,0.005,0.1,0.07,0.3,0.021,0.021,0.39,29,0.03
Coalbrook Mine,9.2,0.22,1.2,5.5,30,9,0.02,0.03,20,0.25,0.01,12,0.012,0.09,27,0.12,0.099,8.3,0.5,0.43,0.7,0.054,0.033,0.011,0.1,0.07,0.02,0.0012,0.002,0.01,0.001,0.001,49,0.43,0.3,17,0.003,18,19,0.2,0.4,0.29,25,0.01,0.03,0.02,0.02,0.001,0.02,1.2,0.076,0.001,2.7,0.02,0.062,1,3.9,5.8,0.2,6.1,130,114,0.009,0.007,0.003,0.005,0.1,0.11,0.006,0.089,0.019,0.45,53,0.03
