Sample,Year,Area,pH_(input),Temperature,Na+_(input),Mg+2_(input),K+_(input),Ca+2_(input),HCO3-_(input),Cl-_(input),SO4-2_(input),Br-_(input),SiO2_(input),Be+2_(input),Al+3_(input),VO+2_(input),CrO4-2_(input),Mn+2_(input),Fe+2_(input),Co+2_(input),Ni+2_(input),Cu+2_(input),Zn+2_(input),H2AsO4-_(input),SeO3-2_(input),Sr+2_(input),Cd+2_(input),SbO2-_(input),Ba+2_(input),Pressure,Al+3,AlO+,AlO2-,AlOH+2,AsO2-,AsO4-3,Ba+2,BaCl+,BaCO3,BaHCO3+,BaOH+,Be+2,BeCl+,BeCl2,BeO,BeO2-2,BeOH+,Br-,Br3-,BrO-,BrO3-,BrO4-,Ca+2,CaCl+,CaCl2,CaCO3,CaHCO3+,CaHSiO3+,CaOH+,CaSO4,Cd+2,CdCl+,CdCl2,CdCl3-,CdCl4-2,CdO,CdO2-2,CdOH+,Cl-,ClO-,ClO2-,ClO3-,ClO4-,CO,Co+2,Co+3,CO2,CO3-2,CoCl+,CoO,CoO2-2,CoOH+,CoOH+2,Cr+2,Cr+3,Cr2O7-2,CrO+,CrO2-,CrO4-2,CrOH+2,Cu+,Cu+2,CuCl,CuCl+,CuCl2,CuCl2-,CuCl3-,CuCl3-2,CuCl4-2,CuO,CuO2-2,CuOH+,Fe+2,Fe+3,FeCl+,FeCl+2,FeCl2,FeO,FeO+,FeO2-,FeOH+,FeOH+2,H+,H2,H2AsO3-,H2AsO4-,H2O,H2O2,H2SeO3,H2VO4-,H3AsO4,H3VO4,HAlO2,HAsO2,HAsO4-2,HBeO2-,HBrO,HCdO2-,HCl,HClO,HClO2,HCO3-,HCoO2-,HCrO2,HCrO4-,HCuO2-,HFeO2,HFeO2-,HMnO2-,HNiO2-,HO2-,HSbO2,HSe-,HSeO3-,HSeO4-,HSiO3-,HSO3-,HSO4-,HSO5-,HVO4-2,HZnO2-,K+,KBr,KCl,KHSO4,KOH,KSO4-,Mg+2,MgCl+,MgCO3,MgHCO3+,MgHSiO3+,MgOH+,MgSO4,Mn+2,Mn+3,MnCl+,MnO,MnO2-2,MnO4-,MnO4-2,MnOH+,MnSO4,Na+,NaBr,NaCl,NaHSiO3,NaOH,NaSO4-,Ni+2,NiCl+,NiO,NiO2-2,NiOH+,O2,OH-,S2O5-2,S2O6-2,S2O8-2,SbO2-,SeO3-2,SeO4-2,SiO2,SO2,SO3-2,SO4-2,Sr+2,SrCl+,SrCO3,SrHCO3+,SrOH+,V+2,V+3,VO+,VO+2,VO2+,VO4-3,VOH+,VOH+2,VOOH+,Zn+2,ZnCl+,ZnCl2,ZnCl3-,ZnO,ZnO2-2,ZnOH+,pH,albite,"albite,high","albite,low",alunite,analcime,"analcime,dehydrated",andalusite,andradite,anhydrite,anorthite,anthophyllite,antigorite,aragonite,artinite,barite,boehmite,bromellite,brucite,bunsenite,calcite,celestite,chalcedony,chrysotile,"clinochlore,14a",clinozoisite,coesite,corundum,cristobalite,"cristobalite,alpha","cristobalite,beta",diaspore,dickite,diopside,dolomite,enstatite,epidote,"epidote,ordered",forsterite,gibbsite,glaucophane,goethite,halite,halloysite,hematite,hisingerite,huntite,jadeite,K-feldspar,kalsilite,kaolinite,kyanite,laumontite,lawsonite,magnesite,magnetite,malachite,margarite,Mg-cronstedtite,"microcline,maximum",muscovite,nepheline,nesquehonite,None,paragonite,phlogopite,prehnite,pyrophyllite,quartz,rhodochrosite,"sanidine,high",sepiolite,siderite,sillimanite,smithsonite,spinel,strontianite,sylvite,talc,tenorite,tremolite,wairakite,wollastonite,zoisite,charge imbalance,charge imbalance % of mean charge,charge imbalance % of total charge,ionic strength,mean charge,sigma(mz) anions,sigma(mz) cations,stoichiometric ionic strength,total charge,CH4(g),CO(g),CO2(g),H2(g),H2O(g),H2S(g),O2(g),S2(g),SO2(g),Al+3_total,Ba+2_total,Be+2_total,Br-_total,Ca+2_total,Cd+2_total,Cl-_total,Co+2_total,CrO4-2_total,Cu+2_total,Fe+2_total,H+_total,H2AsO4-_total,HCO3-_total,K+_total,Mg+2_total,Mn+2_total,Na+_total,Ni+2_total,OH-_total,SbO2-_total,SeO3-2_total,SiO2_total,SO4-2_total,Sr+2_total,VO+2_total,Zn+2_total
,,,pH,degC,Molality,Molality,Molality,Molality,Molality,Molality,Molality,Molality,Molality,Molality,Molality,Molality,Molality,Molality,Molality,Molality,Molality,Molality,Molality,Molality,Molality,Molality,Molality,Molality,Molality,bar,log_activity,log_activity,log_activity,log_activity,log_activity,log_activity,log_activity,log_activity,log_activity,log_activity,log_activity,log_activity,log_activity,log_activity,log_activity,log_activity,log_activity,log_activity,log_activity,log_activity,log_activity,log_activity,log_activity,log_activity,log_activity,log_activity,log_activity,log_activity,log_activity,log_activity,log_activity,log_activity,log_activity,log_activity,log_activity,log_activity,log_activity,log_activity,log_activity,log_activity,log_activity,log_activity,log_activity,log_activity,log_activity,log_activity,log_activity,log_activity,log_activity,log_activity,log_activity,log_activity,log_activity,log_activity,log_activity,log_activity,log_activity,log_activity,log_activity,log_activity,log_activity,log_activity,log_activity,log_activity,log_activity,log_activity,log_activity,log_activity,log_activity,log_activity,log_activity,log_activity,log_activity,log_activity,log_activity,log_activity,log_activity,log_activity,log_activity,log_activity,log_activity,log_activity,log_activity,log_activity,log_activity,log_activity,log_activity,log_activity,log_activity,log_activity,log_activity,log_activity,log_activity,log_activity,log_activity,log_activity,log_activity,log_activity,log_activity,log_activity,log_activity,log_activity,log_activity,log_activity,log_activity,log_activity,log_activity,log_activity,log_activity,log_activity,log_activity,log_activity,log_activity,log_activity,log_activity,log_activity,log_activity,log_activity,log_activity,log_activity,log_activity,log_activity,log_activity,log_activity,log_activity,log_activity,log_activity,log_activity,log_activity,log_activity,log_activity,log_activity,log_activity,log_activity,log_activity,log_activity,log_activity,log_activity,log_activity,log_activity,log_activity,log_activity,log_activity,log_activity,log_activity,log_activity,log_activity,log_activity,log_activity,log_activity,log_activity,log_activity,log_activity,log_activity,log_activity,log_activity,log_activity,log_activity,log_activity,log_activity,log_activity,log_activity,log_activity,log_activity,log_activity,log_activity,log_activity,log_activity,log_activity,log_activity,log_activity,log_activity,log_activity,log_activity,log_activity,log_activity,log_activity,log_activity,log_activity,log_activity,log_activity,log_activity,log_activity,log_activity,log_activity,log_activity,log_activity,pH,affinity_kcal,affinity_kcal,affinity_kcal,affinity_kcal,affinity_kcal,affinity_kcal,affinity_kcal,affinity_kcal,affinity_kcal,affinity_kcal,affinity_kcal,affinity_kcal,affinity_kcal,affinity_kcal,affinity_kcal,affinity_kcal,affinity_kcal,affinity_kcal,affinity_kcal,affinity_kcal,affinity_kcal,affinity_kcal,affinity_kcal,affinity_kcal,affinity_kcal,affinity_kcal,affinity_kcal,affinity_kcal,affinity_kcal,affinity_kcal,affinity_kcal,affinity_kcal,affinity_kcal,affinity_kcal,affinity_kcal,affinity_kcal,affinity_kcal,affinity_kcal,affinity_kcal,affinity_kcal,affinity_kcal,affinity_kcal,affinity_kcal,affinity_kcal,affinity_kcal,affinity_kcal,affinity_kcal,affinity_kcal,affinity_kcal,affinity_kcal,affinity_kcal,affinity_kcal,affinity_kcal,affinity_kcal,affinity_kcal,affinity_kcal,affinity_kcal,affinity_kcal,affinity_kcal,affinity_kcal,affinity_kcal,affinity_kcal,affinity_kcal,affinity_kcal,affinity_kcal,affinity_kcal,affinity_kcal,affinity_kcal,affinity_kcal,affinity_kcal,affinity_kcal,affinity_kcal,affinity_kcal,affinity_kcal,affinity_kcal,affinity_kcal,affinity_kcal,affinity_kcal,affinity_kcal,affinity_kcal,affinity_kcal,affinity_kcal,affinity_kcal,%,%,eq/kg.H2O,molality,eq/kg.H2O,eq/kg.H2O,eq/kg.H2O,eq/kg.H2O,molality,log_fugacity,log_fugacity,log_fugacity,log_fugacity,log_fugacity,log_fugacity,log_fugacity,log_fugacity,log_fugacity,molality,molality,molality,molality,molality,molality,molality,molality,molality,molality,molality,molality,molality,molality,molality,molality,molality,molality,molality,molality,molality,molality,molality,molality,molality,molality,molality
DN13CB11,,,6.22,73.3,0.050631218,0.000112734,0.004156191,0.001746594,0.012776809,0.041406933,0.00039975,0.0,0.002812839,6.17e-07,0.0,4.53e-08,0.0,8.06e-06,8.04e-06,0.0,0.0,2.68e-08,0.0,2.21e-05,3.8e-08,0.0,0.0,2.96e-07,4.7e-06,1.0,,,,,-26.2607,-10.5643,-5.7723,-7.3341,-8.7537,-6.4051,-10.9669,-7.901,-10.0364,-11.3913,-7.5143,-16.5933,-6.3568,,,,,,-3.1609,-4.6471,-6.7136,-5.4853,-4.1991,-7.4416,-7.8964,-4.705,,,,,,,,,-1.4845,-19.5805,-31.0218,-30.5343,-34.0422,-38.6303,,,-2.2173,-6.138,,,,,,,,,,,,,-14.7334,-8.0647,-14.1767,-8.9862,-11.489,-13.2849,-14.7604,-14.851,-19.0527,-8.5938,-20.0247,-8.6586,-12.527,-14.9416,-13.9801,-14.7423,-21.0731,-17.7112,-6.2871,-7.4949,-14.3604,-9.9008,-6.22,-34.7126,-26.2581,-4.9364,-0.000833277,-18.7846,-17.4845,-7.4707,-8.6652,-10.1894,,-23.8549,-5.4934,-10.2762,,,-8.5079,-18.5001,-34.8093,-2.2647,,,,-13.5504,-5.1341,-19.7273,-17.6558,,-23.5894,-6.5287,-71.8983,-14.068,-11.554,-5.4715,-38.0066,-7.4826,-28.3663,-8.8443,,-2.4927,,-5.9783,-12.8402,-9.2374,-5.3251,-4.3208,-5.7889,-7.164,-5.3537,-8.4569,-8.2103,-5.7357,-5.4881,-19.1897,-6.525,-12.2991,-23.3635,-15.645,-18.7028,-8.4274,-7.1212,-1.4031,,-3.4844,-5.5055,-8.0833,-4.3772,,,,,,-9.0948,-6.5129,-80.9772,-58.0872,-42.3038,-10.6622,-15.1452,-7.8064,-2.552,-41.815,-39.3529,-3.8804,,,,,,-52.7432,-39.6973,-31.4479,-21.9488,-13.9887,-15.336,-52.1575,-34.654,-20.6968,,,,,,,,6.22,,,,,,,,3.17134,-3.3127,,,,-0.78317,,-0.17684,,-0.51932,-8.70502,,-0.55625,,0.83812,,,,0.09136,,0.48145,0.48145,-0.05995,,,-8.21485,-0.76379,-5.75891,,,,,,8.16966,-7.13685,,16.64812,20.7895,-9.76194,,,,,,,,-2.39186,3.45618,-6.00399,,7.33809,,,,-8.02334,,,,,,1.2081,-1.86196,,,,,,,,-8.19879,-4.65249,-2.72933,,,-7.99697,,0.0094848067928,17.8174,8.9087,0.0552927,0.05323352526,-0.048491121864,0.057975928657,0.0620287,0.10646705052,-109.91328,-35.46668,-0.33423,-31.57768,-0.52888,-106.94417,-6,-172.22237,-41.40699,,4.7e-06,6.17e-07,,0.00174659,,0.0414069,,,2.68e-08,8.04e-06,0.00594146,2.21e-05,0.0127768,0.00415619,0.000112734,8.06e-06,0.0506312,,,2.96e-07,3.8e-08,0.00281284,0.00039975,,4.53e-08,
DN13CB14,,,6.26,78.3,0.01874312,5.02e-05,0.000718701,0.000736065,0.008010908,0.007954193,0.001540704,0.0,0.001741112,4.21e-07,1.11e-06,0.0,0.0,1.41e-06,7.14e-06,0.0,0.0,0.0,9.02e-08,2e-05,0.0,0.0,0.0,1.78e-07,6.7e-07,1.0,-13.5504,-8.7157,-6.1629,-10.9152,-25.8374,-10.4771,-6.4877,-8.6841,-9.54,-7.2283,-11.4647,-8.1401,-10.5756,-12.5139,-7.5321,-16.347,-6.4908,,,,,,-3.4468,-5.5779,-8.338,-5.8443,-4.6282,-7.8287,-7.9791,-4.2123,,,,,,,,,-2.1674,-20.1357,-31.4872,-31.0789,-34.6393,-38.2015,,,-2.4217,-6.2648,,,,,,,,,,,,,,,,,,,,,,,,,-12.6892,-15.3605,-14.7957,-15.8148,-22.3524,-17.5515,-6.4719,-7.4022,-14.3711,-10.1912,-6.26,-34.098,-25.8329,-4.9292,-0.000292888,-18.5859,,,-8.6721,,-6.5052,-23.5175,-5.4581,-10.1971,,,-9.2254,-19.109,-35.2648,-2.439,,,,,-5.174,-19.4783,-17.8524,,-23.3033,-6.7496,,,,-5.6017,-36.6651,-6.7037,-27.3336,,-13.3158,-3.2195,,-7.3363,-12.7243,-9.8033,-5.2783,-4.6106,-6.7356,-7.5426,-5.7856,-8.8575,-8.319,-5.2465,-6.1449,-19.9994,-7.8004,-12.6226,-23.3981,-15.9678,-18.9472,-8.9172,-6.9901,-1.8,,-4.5422,-6.066,-8.3326,-3.9982,,,,,,-9.1014,-6.3727,-78.3134,-55.8527,-40.4382,-10.7907,,,-2.7601,-40.4508,-38.0174,-3.1319,,,,,,,,,,,,,,,-7.7481,-8.4315,-10.7631,-13.5895,-10.2515,-18.7745,-7.3397,6.26,1.47944,-0.1702,1.47944,-6.66738,0.37346,-5.87716,-1.34163,1.39957,-2.49187,-5.16651,,,-1.35728,,-0.15088,-0.31132,-0.5831,-8.79311,,-1.12704,,0.44024,,,-5.80033,-0.30785,-3.27509,0.08609,0.08609,-0.45005,0.67223,7.06339,-9.1496,-1.88164,-6.20034,4.04082,4.03509,,1.25431,-5.05874,8.01023,-8.96935,3.48243,16.37876,19.6282,,-1.96012,2.90686,-3.00203,5.48746,-1.09124,1.99044,-0.71029,-2.93503,3.16482,,-0.68982,6.49275,2.91942,8.42055,-4.2777,-8.80767,,5.70764,-7.44251,-4.66866,5.23144,0.81021,-3.06387,1.4653,,,-1.78879,-5.62764,,,,-6.44296,,,-2.7671,-8.48127,-5.85598,0.0057270243932,32.0761,16.038,0.0198998,0.017854510886,-0.01499099869,0.020718023083,0.0242702,0.035709021772,-108.19023,-35.03629,-0.51112,-30.96771,-0.4379,-104.33577,-6,-167.85944,-40.00003,1.11e-06,6.7e-07,4.21e-07,,0.000736065,,0.00795419,,,,7.14e-06,0.00373658,2e-05,0.00801091,0.000718701,5.02e-05,1.41e-06,0.0187431,,,1.78e-07,,0.00174111,0.0015407,,,9.02e-08
DNCB15-07,,,6.39,72.6,0.0,0.0,0.0,0.0,0.0,0.041406933,0.0,3.73e-05,0.0,0.0,0.0,0.0,0.0,0.0,0.0,0.0,0.0,0.0,0.0,0.0,0.0,0.0,0.0,0.0,0.0,1.0,,,,,,,,,,,,,,,,,,-4.4919,-24.6576,-19.1955,-33.6692,-52.1245,,,,,,,,,,,,,,,,,-1.4494,-19.5636,-31.0177,-30.5189,-34.0193,,,,,,,,,,,,,,,,,,,,,,,,,,,,,,,,,,,,,,,,-6.39,-34.7995,,,-0.000309245,-18.8123,,,,,,,,,-17.392,,-8.6434,-18.6512,-34.9822,,,,,,,,,,-23.454,,,,,,,,,,,,,,,,,,,,,,,,,,,,,,,,,,,,,,,,,,,,-9.0936,-6.3567,,,,,,,,,,,,,,,,,,,,,,,,,,,,,,,,6.39,,,,,,,,,,,,,,,,,,,,,,,,,,,,,,,,,,,,,,,,,,,,,,,,,,,,,,,,,,,,,,,,,,,,,,,,,,,,,,,,,,,,-0.041444244294,-199.9955,-99.9978,0.0207226,0.02072258817,-0.041444710317,4.6602285811e-07,0.0207221,0.04144517634,,,,-31.66399,-0.54127,,-6,,,,,,3.73e-05,,,0.0414069,,,,,,,,,,,,,4.42939e-08,,,,,,,
DNCB15-08,,,6.4,69.9,0.056546893,0.000183501,0.005087178,0.002849444,0.013199643,0.058669224,0.000479908,5.11e-05,0.0,1.36e-06,7.41e-08,0.0,0.0,1.03e-05,1.99e-05,0.0,0.0,0.0,1.04e-07,2.47e-05,2.91e-08,5.82e-05,0.0,3.32e-07,6.38e-06,1.0,-14.6845,-9.9289,-7.3544,-12.1057,-26.597,-10.253,-5.675,-7.1261,-8.4356,-6.2674,-10.8138,-7.704,-9.9619,-11.2418,-7.0558,-15.9043,-6.0247,-4.391,-24.3354,-19.1273,-33.6331,-52.1857,-2.9815,-4.3498,-6.265,-5.0836,-3.9544,,-7.6508,-4.5058,,,,,,,,,-1.3416,-19.5267,-31.0305,-30.4877,-33.9589,-39.1716,,,-2.3173,-5.8795,,,,,,,,,,,,,,,,,,,,,,,,,-12.4555,-14.8992,-13.7849,-14.5762,-20.8869,-17.4485,-5.993,-6.9792,-14.1865,-9.7401,-6.4,-35.1405,-26.5955,-4.9824,-0.000992462,-18.9232,-18.1534,,-8.9084,,-7.7327,-24.3384,-5.3521,-9.6768,-17.3188,,-8.5472,-18.6158,-35.0317,-2.1796,,,,,-4.734,-19.319,-17.28,,-23.5823,-6.4789,-73.1595,-14.5391,-11.925,,-38.587,-7.6704,-28.7305,,-13.3794,-2.4154,-8.1768,-5.7936,-12.994,-9.0652,-5.2244,-4.1376,-5.4795,-6.7477,-5.1062,,-7.9451,-5.533,-5.4143,-19.2178,-6.3518,-12.0425,-22.8946,-15.1812,-18.0876,-8.2621,-7.0342,-1.3652,-6.8759,-3.3182,,-7.941,-4.3177,,,,,,-9.0889,-6.4038,-82.1255,-58.936,-42.8949,-10.4694,-15.427,-7.9542,,-42.6176,-39.7228,-3.8408,-4.7493,-6.0724,-7.2546,-5.1118,-9.785,,,,,,,,,,-7.7714,-7.8222,-9.3125,-11.2711,-10.3862,-18.8314,-7.4941,6.4,,,,,,,,,-3.01752,,,,-0.15293,,0.06072,-2.11361,0.22416,-8.02218,,0.07177,-2.73954,,,,,,-6.93536,,,,-1.10358,,,0.47742,,,,,-0.43868,,8.86593,-6.78637,,18.00686,,-7.31036,,,,,,,,-1.78133,5.41729,,,,,,,-7.25546,,,,,,,-1.37653,,,,,-5.11051,,0.02747,-7.74729,,,,,,,-0.00034470605994,-0.5133,-0.2566,0.0703875,0.067159345091,-0.067331698121,0.066986992061,0.0763418,0.13431869018,-111.35891,-36.0104,-0.45437,-32.00317,-0.59238,-108.61561,-6,-174.96949,-42.24032,7.41e-08,6.38e-06,1.36e-06,5.11e-05,0.00284944,,0.0586692,,,,1.99e-05,0.00466743,2.47e-05,0.0131996,0.00508718,0.000183501,1.03e-05,0.0565469,,,3.32e-07,2.91e-08,,0.000479908,5.82e-05,,1.04e-07
DNCB15-09,,,6.64,69.9,0.0,0.0,0.0,0.0,0.0,0.0,0.0,0.0,0.0,0.0,0.0,0.0,0.0,0.0,0.0,0.0,0.0,0.0,0.0,0.0,0.0,0.0,0.0,0.0,0.0,1.0,,,,,,,,,,,,,,,,,,,,,,,,,,,,,,,,,,,,,,,,,,,,,,,,,,,,,,,,,,,,,,,,,,,,,,,,,,,,,,,,,,,-6.64,-35.1395,,,-7.18077e-09,-18.9222,,,,,,,,,,,,,,,,,,,,,,,-23.3413,,,,,,,,,,,,,,,,,,,,,,,,,,,,,,,,,,,,,,,,,,,,-9.0889,-6.1628,,,,,,,,,,,,,,,,,,,,,,,,,,,,,,,,6.64,,,,,,,,,,,,,,,,,,,,,,,,,,,,,,,,,,,,,,,,,,,,,,,,,,,,,,,,,,,,,,,,,,,,,,,,,,,,,,,,,,,,-4.5867466621e-07,-100.0112,-50.0056,4.58623e-07,4.586232201e-07,-6.8796055321e-07,2.29285887e-07,2.29337e-07,9.172464402e-07,,,,-32.00218,-0.59138,,-6,,,,,,,,,,,,,,,,,,,,,,4.58675e-07,,,,,,,
DNCB15-9b,,,6.4,78.0,0.0,0.0,0.0,0.0,0.0,0.007925987,0.0,1.26e-05,0.0,0.0,0.0,0.0,0.0,0.0,0.0,0.0,0.0,0.0,0.0,0.0,0.0,0.0,0.0,0.0,0.0,1.0,,,,,,,,,,,,,,,,,,-4.9317,-26.0686,-19.5715,-33.9826,-52.2477,,,,,,,,,,,,,,,,,-2.1337,-20.1096,-31.4663,-31.0534,-34.6106,,,,,,,,,,,,,,,,,,,,,,,,,,,,,,,,,,,,,,,,-6.4,-34.1341,,,-6.06228e-05,-18.5974,,,,,,,,,-17.806,,-9.3321,-19.2221,-35.3869,,,,,,,,,,-23.1775,,,,,,,,,,,,,,,,,,,,,,,,,,,,,,,,,,,,,,,,,,,,-9.1011,-6.2383,,,,,,,,,,,,,,,,,,,,,,,,,,,,,,,,6.4,,,,,,,,,,,,,,,,,,,,,,,,,,,,,,,,,,,,,,,,,,,,,,,,,,,,,,,,,,,,,,,,,,,,,,,,,,,,,,,,,,,,-0.0079387852751,-199.9785,-99.9892,0.00396982,0.0039698198295,-0.007939212467,4.2719196037e-07,0.00396939,0.007939639659,,,,-31.00352,-0.44301,,-6,,,,,,1.26e-05,,,0.00792599,,,,,,,,,,,,,1.95275e-07,,,,,,,
DNCB15-10,,,6.84,88.9,0.024445657,7.32e-05,0.001227675,0.001167972,0.010603637,0.01317519,0.00196752,1.53e-05,0.0,9.59e-07,4.45e-07,0.0,0.0,2e-06,1.09e-05,0.0,0.0,0.0,9.33e-08,3.52e-05,0.0,2.9e-05,0.0,3.24e-07,1.12e-06,1.0,-16.8967,-10.4768,-6.4582,-13.4444,-25.0432,-9.3816,-6.3795,-8.2659,-8.4361,-6.6898,-10.4216,-8.6148,-10.0603,-11.5841,-6.5616,-13.8528,-6.2532,-4.8912,-26.9477,-19.4082,-33.6991,-51.5968,-3.324,-5.1648,-7.7349,-4.7298,-4.1447,,-6.9482,-3.9845,,,,,,,,,-1.9619,-19.6716,-30.8407,-30.5923,-34.2583,-37.1777,,,-2.6816,-5.3896,,,,,,,,,,,,,,,,,,,,,,,,,-13.7316,-17.4214,-15.5648,-17.6036,-22.4667,-16.9466,-7.0677,-6.4432,-14.6085,-11.4953,-6.84,-32.8522,-25.0354,-4.9779,-0.000384245,-18.1866,,,-9.2448,,-7.5093,-23.3918,-4.9576,-8.5319,-18.131,,-9.5804,-19.2475,-35.091,-2.1505,,,,,-4.9843,-18.1955,-15.3414,,-22.2344,-6.4897,,,,,-35.9184,-7.0954,-27.2083,,-11.7548,-3.0029,-9.1155,-6.8066,-12.7642,-8.7685,-4.9676,-4.5174,-6.3767,-6.4902,-5.3299,,-7.3599,-5.048,-6.0544,-20.7187,-7.366,-10.8638,-20.0689,-13.7109,-16.0428,-7.9919,-6.7758,-1.6997,-7.6012,-4.1878,,-7.4402,-3.7997,,,,,,-9.1087,-5.5979,-76.8608,-55.2694,-40.6001,-9.8473,,,,-40.147,-36.7925,-3.095,-5.0347,-6.8349,-6.8257,-5.1012,-8.9976,,,,,,,,,,-8.4707,-8.7089,-10.846,-13.5116,-9.3518,-16.4807,-7.1607,6.84,,,,,,,,,-2.02016,,,,0.48849,,0.05655,-2.11534,0.94754,-6.20768,,0.72591,-1.84809,,,,,,-6.80945,,,,-1.16501,,,1.83667,,,,,-0.69159,,8.14091,-8.71152,,16.74796,,-4.45259,,,,,,,,-1.06158,3.95541,,,,,,,-7.48785,,,,,,,-1.35698,,,,,-5.28454,,0.53007,,,,,,,,0.0024681523991,9.3686,4.6843,0.029059,0.026345074361,-0.025110998162,0.027579150561,0.0322528,0.052690148723,-104.56025,-34.01655,-0.7206,-29.73556,-0.25631,-101.52096,-6,-163.95251,-39.6142,4.45e-07,1.12e-06,9.59e-07,1.53e-05,0.00116797,,0.0131752,,,,1.09e-05,0.00198763,3.52e-05,0.0106036,0.00122767,7.32e-05,2e-06,0.0244457,,,3.24e-07,,,0.00196752,2.9e-05,,9.33e-08
DN13CB04,,,6.32,17.6,0.0,0.0,0.0,0.0,0.0,0.0,0.0,0.0,0.0,0.0,0.0,0.0,0.0,0.0,0.0,0.0,0.0,0.0,0.0,0.0,0.0,0.0,0.0,0.0,0.0,1.2312873815145018,,,,,,,,,,,,,,,,,,,,,,,,,,,,,,,,,,,,,,,,,,,,,,,,,,,,,,,,,,,,,,,,,,,,,,,,,,,,,,,,,,,-6.32,-42.9306,,,-3.84729e-09,-21.5061,,,,,,,,,,,,,,,,,,,,,,,-27.0226,,,,,,,,,,,,,,,,,,,,,,,,,,,,,,,,,,,,,,,,,,,,-8.8318,-7.9415,,,,,,,,,,,,,,,,,,,,,,,,,,,,,,,,6.32,,,,,,,,,,,,,,,,,,,,,,,,,,,,,,,,,,,,,,,,,,,,,,,,,,,,,,,,,,,,,,,,,,,,,,,,,,,,,,,,,,,,4.6745768575e-07,190.6613,95.3307,2.45177e-07,2.451769662e-07,-1.1448123326e-08,4.7890580908e-07,2.33729e-07,4.903539324e-07,,,,-39.85121,-1.78643,,-6,,,,,,,,,,,,,,4.67458e-07,,,,,,,,,,,,,,,
DN13CB05,,,6.56,20.4,0.215226173,0.001974902,0.017750132,0.008233944,0.034465918,0.20785265,0.000166563,0.0,0.0,1.14e-07,1.52e-06,1.2e-07,8.27e-09,7.48e-06,0.000221058,0.0,1.87e-08,2.61e-07,0.0,2.81e-05,9.5e-08,0.0,0.0,2.46e-09,8.18e-06,1.2365573698279035,-9.7991,-7.3129,-6.2589,-8.3762,-31.7378,-10.4266,-5.6962,-7.0568,-8.6791,-6.4925,-12.8923,-8.2734,-14.4108,-16.1954,-9.0023,-19.9015,-7.168,,,,,,-2.6632,-3.8011,-4.9417,-4.9615,-3.3738,,-9.1601,-5.052,,,,,,,,,-0.8351,-20.5552,-33.1258,-31.6208,-34.4469,-46.3569,,,-1.9414,-5.5913,,,,,,-45.5574,-24.9334,-15.9271,-21.7623,-26.6714,-8.7789,-22.5082,-17.5899,-7.1847,-16.0457,-7.6113,-9.5207,-13.8246,-11.9142,-14.1824,-14.9733,-9.1034,-22.9309,-8.6807,-11.2734,-11.2845,-12.2657,-10.6405,-21.3724,-18.8861,-4.0519,-7.1846,-14.174,-7.053,-6.56,-42.4521,-31.7437,-5.1082,-0.00346288,-21.3468,-20.6293,-7.0837,-9.4176,-9.7949,-6.1606,-28.986,-5.3251,-12.1003,,,-8.0698,-19.5201,-37.7385,-1.7684,,-23.7456,-8.8124,-15.4899,-4.0318,-21.1943,-21.2728,-20.0182,-26.5679,-8.6091,-88.9117,-16.6283,-12.2836,,-46.812,-9.1197,-33.149,-8.6111,,-1.9256,,-5.3495,-14.5673,-9.9944,-5.5376,-3.2244,-4.185,-5.8498,-3.9455,,-8.5224,-5.4939,-5.6744,-18.3276,-6.6898,-15.1095,-28.4102,-17.6497,-21.0873,-9.9069,-8.2725,-0.8322,,-2.4517,,-8.6424,-4.6279,-8.333,-10.1711,-16.391,-26.7044,-12.7328,-8.8549,-7.6067,-98.4334,-70.0817,-49.5642,-13.1254,-17.3829,-7.5937,,-51.5444,-47.4448,-4.496,,,,,,-59.7678,-42.2209,-35.5915,-21.9277,-12.9692,-15.4045,-59.8174,-38.0667,-21.0908,,,,,,,,6.56,,,,1.19049,,,,,-3.87502,,,,0.09363,,-0.17062,1.26584,-2.17577,-9.02963,,0.28777,,,,,,,-0.48046,,,,2.43325,,,1.38124,,,,,3.54529,,11.05386,-4.34446,,21.91321,,-5.26788,,,,,,,,-1.13315,10.14067,-3.50804,,,,,,-5.31156,,,,,,,-1.59128,,,-8.56033,,,,,-4.76702,,-2.55858,,,,,0.021626198613,9.0866,4.5433,0.24724,0.23800186202,-0.22718876272,0.24881496133,0.26411,0.47600372405,-134.36769,-43.39238,-0.53527,-39.36427,-1.71403,-132.65357,-6,-212.70908,-51.79683,1.52e-06,8.18e-06,1.14e-07,,0.00823394,,0.207853,,8.27e-09,2.61e-07,0.000221058,0.0104337,2.81e-05,0.0344659,0.0177501,0.0019749,7.48e-06,0.215226,1.87e-08,,2.46e-09,9.5e-08,,0.000166563,,1.2e-07,
DN13CB06,,,6.49,47.8,0.205047732,0.001571693,0.017647826,0.007111133,0.033269526,0.184836262,0.000884864,0.0,0.0,1.42e-07,1.74e-06,1.15e-07,6.15e-09,6.32e-06,0.000117647,0.0,1.53e-08,2.41e-07,0.0,0.000144231,8.74e-08,0.0,0.0,3.29e-09,4.03e-06,1.0269281395805137,-11.9554,-8.0683,-6.0644,-9.8394,-28.0428,-9.5572,-6.0421,-7.2418,-8.6219,-6.5114,-11.981,-8.5102,-12.1473,-13.4236,-8.3757,-17.9847,-7.0502,,,,,,-2.744,-3.8072,-5.1877,-4.6548,-3.4114,,-8.1304,-4.3354,,,,,,,,,-0.8909,-19.7025,-31.6444,-30.7107,-33.9209,-41.9441,,,-1.9927,-5.4617,,,,,,-43.166,-25.9961,-16.227,-21.487,-24.9413,-8.96,-23.0155,-15.4544,-7.2537,-14.1795,-7.6906,-9.6613,-12.4226,-12.2694,-13.1816,-15.7375,-8.143,-20.3414,-8.1245,-11.6486,-13.1215,-12.6305,-12.4539,-20.3297,-17.6562,-4.8228,-6.6203,-13.8352,-8.3123,-6.49,-38.1408,-28.0481,-4.384,-0.00320043,-19.9067,-19.1052,-7.1228,-8.5069,-9.9484,-6.2521,-25.6259,-4.639,-11.177,,,-8.1686,-18.7874,-35.9472,-1.7719,,-22.5271,-8.8452,-13.5821,-4.0197,-19.6817,-19.0663,-18.3559,-24.7427,-8.4828,-79.4807,-15.2914,-11.9717,,-41.6939,-8.013,-30.3009,-8.4763,,-1.9307,,-5.0957,-13.1308,-9.1122,-4.7827,-3.3391,-4.3156,-5.6826,-4.0081,,-7.7398,-4.8046,-5.7718,-19.1217,-6.5317,-13.4817,-25.2382,-16.3461,-19.4029,-9.1573,-7.505,-0.856,,-2.4456,,-7.8929,-3.866,-8.4303,-10.2156,-14.0811,-24.0546,-12.027,-9.022,-6.8417,-88.2644,-62.9672,-45.1061,-12.6536,-16.0607,-7.6434,,-46.074,-42.5611,-3.7952,,,,,,-56.0258,-41.1227,-33.2979,-22.1518,-13.5953,-14.9473,-55.6131,-36.3285,-20.9491,,,,,,,,6.49,,,,-1.99977,,,,,-2.86462,,,,0.47164,,-0.19634,0.57177,-1.6119,-7.76395,-9.80842,0.68232,,,,,,,-1.70468,,,,1.65201,,,2.38189,,,,,2.52484,,10.39215,-4.93705,,20.8454,,-2.92396,,,,,,,,-0.50516,9.16848,-2.64295,,,,,,-5.14967,,,,,,,-1.48111,,,-9.27502,,,,,-5.67513,,-1.66645,,,,,0.029597521978,13.4337,6.7168,0.22864,0.22032334578,-0.20552458479,0.23512210677,0.24452,0.44064669157,-120.54421,-38.83006,-0.29292,-35.00412,-1.04578,-118.21417,-6,-189.95829,-45.93239,1.74e-06,4.03e-06,1.42e-07,,0.00711113,,0.184836,,6.15e-09,2.41e-07,0.000117647,0.00929349,0.000144231,0.0332695,0.0176478,0.00157169,6.32e-06,0.205048,1.53e-08,,3.29e-09,8.74e-08,,0.000884864,,1.15e-07,
DN13CB07,,,5.03,38.4,0.003571154,0.000386752,0.000301803,0.000823394,0.004261122,0.002157786,9.99e-05,0.0,0.00057325,6.81e-08,0.0,0.0,0.0,1.99e-05,0.000153371,0.0,0.0,0.0,9.64e-08,3.16e-08,0.0,0.0,0.0,0.0,3.17e-07,1.1348079757579994,,,,,-32.1697,-15.7127,-6.6442,-9.7339,-12.7205,-9.1145,-14.4647,-7.5013,-13.7884,-17.0688,-10.6082,-23.5892,-7.638,,,,,,-3.2293,-6.1556,-9.2952,-8.6316,-5.8083,-9.834,-10.453,-5.2567,,,,,,,,,-2.7024,-21.808,-33.9541,-32.836,-35.9226,-43.7948,,,-2.3952,-8.8617,,,,,,,,,,,,,,,,,,,,,,,,,-9.3851,-8.9033,-12.2097,-10.0816,-22.2004,-18.8724,-3.9036,-9.0907,-13.2828,-5.759,-5.03,-39.5373,-32.1728,-7.5466,-9.41814e-05,-20.3676,,,-10.2518,,,-28.1669,-9.2641,-14.988,,,-8.4936,-19.3775,-36.8825,-3.6565,,,,,-4.8257,-22.4691,-23.3198,,-26.803,,,,,-7.6494,-42.0491,-7.0703,-29.9264,,-18.8505,-3.5585,,-8.6402,-13.9325,-12.4996,-6.8349,-3.5528,-6.3636,-9.3533,-6.1364,-9.9384,-9.7259,-5.4563,-4.8445,-16.4856,-7.5266,-16.0703,-31.2755,-20.3093,-24.9582,-9.9825,-7.0356,-2.4846,,-5.9181,-8.4544,-11.2457,-5.9269,,,,,,-8.9762,-8.5603,-88.9518,-62.6657,-43.9469,,,,-3.2417,-45.0752,-44.312,-4.1923,,,,,,,,,,,,,,,-7.1609,-9.3246,-12.0543,-15.1515,-14.2036,-26.2841,-9.4077,5.03,,,,,,,,,-4.20654,,,,-5.19791,,-1.47236,,-4.69744,,,-4.993,,0.39801,,,,-0.34028,,0.02363,0.02363,-0.56208,,,,-8.66836,,,,,,,9.45422,-9.68204,,18.87538,22.7887,,,,,,,,,-5.88773,5.99626,,,1.00725,,,,,,,,,,0.7682,-5.05163,,,,,-8.57074,,,,,,,,,,0.0038858069213,86.0193,43.0096,0.00582668,0.0045173684567,-0.0025744649961,0.0064602719174,0.0100454,0.0090347369135,-125.42051,-40.71949,-0.78377,-36.41083,-1.25728,-120.10737,-6,-191.77133,-45.05487,,3.17e-07,6.81e-08,,0.000823394,,0.00215779,,,,0.000153371,0.0038638,3.16e-08,0.00426112,0.000301803,0.000386752,1.99e-05,0.00357115,,,,,0.00057325,9.99e-05,,,9.64e-08
DN13CB08b,,,6.22,47.6,0.046933921,0.000711788,0.004501474,0.003767653,0.015618649,0.038699123,0.001155528,0.0,0.001762475,1.83e-07,0.0,5.3e-08,0.0,3.28e-06,3.53e-06,0.0,0.0,2.68e-08,0.0,8.3e-06,3.04e-08,0.0,0.0,5.17e-08,1.81e-06,1.0293664504619628,,,,,-29.0486,-11.0821,-6.1548,-7.9757,-9.4142,-7.033,-12.3701,-8.0813,-12.3554,-14.2553,-8.4912,-18.6472,-6.8919,,,,,,-2.8196,-4.5034,-6.5023,-5.4098,-3.8941,-7.6361,-8.4814,-4.03,,,,,,,,,-1.5103,-20.328,-32.2741,-31.3366,-34.5443,-42.1125,,,-2.1311,-6.1392,,,,,,,,,,,,,-16.4594,-7.9747,-15.8028,-9.0317,-11.6221,-14.6628,-14.8488,-16.0392,-18.9341,-9.4093,-22.1568,-9.1178,-12.6802,-13.874,-14.2822,-13.8266,-22.6108,-19.237,-6.1206,-8.4655,-15.1395,-9.3367,-6.22,-38.1674,-29.0516,-5.3676,-0.000822556,-19.9139,-18.8245,-7.3847,-9.2215,-9.9389,,-26.3592,-5.8926,-11.5627,,,-8.5176,-19.1418,-36.3088,-2.1784,,,,-15.1226,-5.5906,-21.5324,-19.9783,,-25.0227,-7.2865,-79.5231,-15.2797,-11.9532,-5.8891,-41.0715,-7.3638,-29.6634,-9.0101,,-2.4565,,-6.2432,-13.0099,-9.9118,-4.9273,-3.5164,-5.113,-6.5387,-4.5926,-8.1351,-8.1913,-4.6011,-5.8619,-18.9378,-7.2437,-14.1217,-26.4268,-17.2532,-20.5815,-9.5212,-7.2147,-1.4336,,-3.6433,-5.7393,-8.7436,-4.0626,,,,,,-9.0211,-7.1146,-87.0214,-61.7038,-43.8249,-11.73,-16.319,-7.8926,-2.7547,-45.1862,-42.2073,-3.4133,,,,,,-55.5075,-40.3176,-33.0389,-21.6072,-13.317,-15.7534,-55.3661,-35.7955,-20.675,,,,,,,,6.22,,,,,,,,0.98356,-2.41717,,,,-0.63666,,0.20158,,-1.77936,-8.82141,,-0.4261,,0.92095,,,,0.18055,,0.55125,0.55125,-0.02143,,,-9.10442,0.01387,-6.01745,,,,,,8.0907,-6.69066,,16.23709,21.029,-7.81214,,,,,,,,-1.76492,2.25139,-6.54764,,6.78764,,,,-6.39306,,,,,,1.29108,-2.60897,,,,,,,,-7.35031,-4.99251,-3.52223,,,-8.67483,,0.011044837855,20.4367,10.2183,0.0590836,0.054044267135,-0.048521848207,0.059566686062,0.0678035,0.10808853427,-120.77036,-38.99916,-0.43313,-35.03086,-1.04782,-117.38375,-6,-188.26134,-45.04704,,1.81e-06,1.83e-07,,0.00376765,,0.0386991,,,2.68e-08,3.53e-06,0.00727,8.3e-06,0.0156186,0.00450147,0.000711788,3.28e-06,0.0469339,,,5.17e-08,3.04e-08,0.00176247,0.00115553,,5.3e-08,
DN13CB09,,,5.89,46.4,0.0564164,0.000401975,0.004450321,0.001282499,0.008817244,0.048176459,3.44e-05,0.0,0.0,6.04e-08,0.0,4.04e-08,0.0,3.25e-05,2.78e-06,0.0,0.0,3.15e-08,0.0,1.68e-08,3.8e-08,0.0,0.0,2.46e-09,8.74e-06,1.0439323787092825,,,,,-31.7676,-14.3494,-5.4524,-7.1883,-9.4932,-6.7783,-12.0504,-8.2593,-12.5432,-14.3724,-9.3696,-20.2419,-7.4175,,,,,,-3.2648,-4.8604,-6.7579,-6.6359,-4.776,,-9.304,-5.9869,,,,,,,,,-1.4151,-20.2694,-32.2411,-31.2806,-34.4729,-42.3932,,,-2.2313,-6.9081,,,,,,,,,,,,,-16.8011,-7.8944,-16.0417,-8.8599,-11.3565,-14.7914,-14.4831,-16.0601,-18.4602,-10.0356,-23.5123,-9.3955,-12.2375,-13.0394,-13.7487,-12.9016,-22.0423,-19.5243,-5.9933,-9.0568,-15.0586,-8.858,-5.89,-38.3419,-31.7708,-7.9669,-0.000875661,-19.9716,-18.1274,-7.493,-11.4963,-9.7094,,-28.7328,-8.8218,-12.7864,,,-8.0897,-18.7467,-35.9568,-2.611,,,,-16.1187,-5.8264,-22.1641,-20.0659,,-25.4274,-8.6091,-79.4762,-14.907,-11.5393,,-42.425,-8.5558,-30.9264,-9.4598,,-2.4599,,-6.1647,-14.2202,-10.2826,-6.441,-3.737,-5.2418,-7.5359,-5.2503,,-8.7814,-6.3336,-4.8593,-17.5738,-6.1602,-13.8535,-26.8841,-17.3045,-20.9787,-8.8853,-7.7264,-1.3531,,-3.4719,,-9.0261,-5.4932,,,,,,-9.0159,-7.4768,-89.725,-64.2842,-46.2986,-13.3988,-16.2765,-7.7949,,-46.2232,-43.8822,-4.9197,,,,,,-54.77,-39.1409,-32.5738,-20.711,-12.7357,-16.5474,-54.9807,-34.9765,-20.1257,,,,,,,,5.89,,,,,,,,,-5.28448,,,,-2.42594,,-0.95789,,-3.05069,,,-2.21612,,,,,,,,,,,,,,-3.24824,,,,,,,7.78039,-6.40718,,15.60501,,,,,,,,,,-3.23798,1.27556,-8.43776,,,,,,-7.83176,,,,,,,-2.27015,,,,,,,,-7.17538,,-4.41411,,,,,0.013044833078,22.7269,11.3635,0.0590967,0.057398201255,-0.050875784716,0.063920617794,0.0653481,0.11479640251,-121.42793,-39.28414,-0.54393,-35.2064,-1.07451,-118.78085,-6,-190.80912,-46.09876,,8.74e-06,6.04e-08,,0.0012825,,0.0481765,,,3.15e-08,2.78e-06,0.00578349,1.68e-08,0.00881724,0.00445032,0.000401975,3.25e-05,0.0564164,,,2.46e-09,3.8e-08,,3.44e-05,,4.04e-08,
DN13CB13,,,6.01,39.6,0.009713016,0.000530755,0.000583146,0.001836419,0.003146674,0.001621866,0.003997502,0.0,0.000594613,4.06e-07,0.0,0.0,0.0,5.34e-05,3.5e-05,2.32e-07,3.29e-07,0.0,8.46e-05,5.21e-06,0.0,0.0,1.31e-08,1.47e-06,1.79e-07,1.1221910205080032,,,,,-29.9416,-11.64,-6.9858,-10.2127,-11.3906,-8.77,-13.7705,-7.3947,-13.7196,-17.1222,-8.4992,-19.4602,-6.5334,,,,,,-3.037,-6.104,-9.3978,-6.7684,-4.9416,-8.6319,-9.2308,-3.5562,-8.1554,-9.0615,-11.3454,-14.495,-18.4663,-15.5719,-29.687,-11.7769,-2.8493,-21.9163,-34.0358,-32.9419,-36.0447,-43.9177,-6.8741,-26.5355,-2.7077,-7.2023,-9.1413,-12.8855,-27.404,-10.406,-21.415,,,,,,,,,,,,,,,,,,,,-11.2823,-11.8454,-14.2502,-13.1666,-24.3253,-18.7358,-4.8352,-8.0002,-14.1667,-7.6938,-6.01,-39.3543,-29.9448,-5.4446,-0.000158194,-20.3068,,,-9.1244,,,-26.9357,-6.1813,-11.8833,,-22.1638,-9.6246,-20.4735,-37.9334,-2.9849,-19.2029,,,,-4.7418,-21.3375,-19.9787,-18.6371,-25.7434,-5.8327,,,,-6.6427,-41.3404,-6.5316,-29.3136,,-12.9841,-3.3051,,-8.5201,-13.1257,-11.2262,-5.0749,-3.5858,-6.5411,-7.7199,-5.4946,-8.9644,-8.7378,-3.9809,-4.5495,-17.2031,-7.3645,-13.7365,-26.9114,-17.0065,-20.6572,-8.6687,-5.2295,-2.0791,,-5.6555,-7.0554,-9.8249,-4.0136,-6.7208,-10.5027,-14.0453,-25.1031,-11.0435,-8.9827,-7.5455,-87.5375,-61.381,-42.7746,-10.5978,,,-3.226,-45.3337,-42.6311,-2.6888,,,,,,,,,,,,,,,-4.3175,-6.5987,-9.4819,-12.7366,-9.3288,-19.4108,-5.5359,6.01,,,,,,,,-1.64637,-1.77509,,,,-2.554,,0.16453,,-1.70383,-9.96054,-9.09575,-2.34836,,0.39453,,,,-0.34402,,0.02077,0.02077,-0.56319,,,,-3.68886,-7.75092,,,,,,9.54164,-9.35159,,19.06165,22.94657,,,,,,,,,-3.5519,6.30338,,,6.81074,,,,-7.97018,,,,,,0.76472,-2.26372,,,,,-2.14172,,,,,,,,,,0.0045048248201,37.0666,18.5333,0.0177395,0.012153322629,-0.0099009102193,0.014405735039,0.0215615,0.024306645259,-125.14559,-40.83678,-1.08426,-36.22612,-1.22914,-119.98616,-6,-191.78832,-45.29706,,1.79e-07,4.06e-07,,0.00183642,1.31e-08,0.00162187,2.32e-07,,,3.5e-05,0.00189621,5.21e-06,0.00314667,0.000583146,0.000530755,5.34e-05,0.00971302,3.29e-07,,1.47e-06,,0.000594613,0.0039975,,,8.46e-05
DNCB15-12,,,5.95,19.2,0.029404384,0.00202016,0.004151076,0.006300215,0.015995595,0.03500409,0.000160316,4.12e-05,0.0,7.1e-07,7.89e-06,0.0,0.0,3.11e-05,0.000151347,5.43e-09,1.53e-08,0.0,9.33e-08,1.25e-07,2.53e-09,3.32e-05,0.0,0.0,3.26e-06,1.2351770706437515,-7.1025,-5.908,-6.1233,-6.3225,-33.8634,-13.6448,-5.8472,-7.9264,-10.0926,-7.2864,-13.7151,-6.9084,-13.8757,-16.3951,-8.9025,-21.0891,-6.4299,-4.4668,-22.4726,-19.9311,-35.1524,-55.8426,-2.549,-4.401,-6.2412,-6.109,-3.8884,,-9.71,-4.7027,,,,,,,,,-1.5451,-21.3087,-33.9092,-32.3768,-35.1844,-46.5836,-8.6496,-28.3378,-1.9549,-6.8423,-9.6103,-15.9274,-31.935,-12.9146,-23.7747,,,,,,,,,,,,,,,,,,,,-10.6188,-9.948,-12.3221,-10.0159,-22.2075,-19.5326,-3.9921,-8.4137,-14.1641,-6.3551,-5.95,-42.6549,-33.8663,-7.0886,-0.000678659,-21.4134,-20.822,,-10.7926,,-5.3994,-30.4811,-7.9187,-12.6246,-17.2294,,-8.1622,-19.6531,-37.9217,-2.3976,-22.795,,,,-4.6217,-22.4649,-22.3895,-21.7785,-27.268,,-90.098,-17.4265,-13.0326,,-46.1698,-8.2852,-32.3969,,-17.73,-2.4815,-8.732,-6.6297,-14.303,-11.2048,-5.8564,-3.0158,-4.6861,-6.898,-4.3661,,-8.9667,-5.0505,-4.8448,-16.8532,-6.583,-15.5875,-30.1888,-18.7244,-22.7949,-9.7288,-7.2111,-1.6273,-7.4719,-3.9598,,-10.0862,-5.1873,-8.1753,-10.7268,-17.5725,-29.1277,-13.2233,-8.8452,-8.2557,-97.1494,-68.6514,-48.0063,,-18.7961,-8.9412,,-50.306,-47.4071,-4.2579,-4.8464,-6.6556,-8.8767,-6.0696,-12.495,,,,,,,,,,-7.3723,-8.8598,-10.2996,-12.0436,-13.8074,-24.7172,-9.5301,5.95,,,,6.82916,,,,,-3.4034,,,,-1.4359,,-0.02538,2.31167,-2.02711,,,-1.24247,-3.28433,,,,,,1.60069,,,,3.48286,,,-1.56463,,,,,4.60847,,10.29857,-6.33541,,20.38812,,,,,,,,,,-2.54969,7.82595,,,,,,,-6.71314,,,,,,,-2.15344,,,-9.33804,,-5.86275,-9.67225,-1.33305,-6.42268,,,,,,,0.010055053679,22.36,11.18,0.053162,0.044969005758,-0.039941478919,0.049996532598,0.0651133,0.089938011516,-135.04244,-43.62826,-0.56434,-39.57058,-1.74357,-131.84359,-6,-210.80045,-50.57866,7.89e-06,3.26e-06,7.1e-07,4.12e-05,0.00630021,,0.0350041,5.43e-09,,,0.000151347,0.0107574,1.25e-07,0.0159956,0.00415108,0.00202016,3.11e-05,0.0294044,1.53e-08,,,2.53e-09,,0.000160316,3.32e-05,,9.33e-08
DNCB15-13,,,6.81,16.9,0.140192796,0.003159844,0.009258715,0.008757922,0.037006202,0.169802273,0.00047158,0.000163947,0.0,5.71e-08,7.41e-08,0.0,0.0,1.96e-05,3.47e-06,0.0,0.0,0.0,0.0,5.41e-08,2.41e-08,0.000133531,0.0,0.0,8.2e-06,1.2288212454283944,-11.6356,-8.8674,-7.466,-10.0664,-35.0049,-12.8277,-5.6594,-7.1197,-8.3689,-6.4036,-12.7947,-8.7349,-15.2993,-17.2313,-9.1042,-19.709,-7.4366,-3.9064,-22.4313,-19.4096,-34.6692,-55.4721,-2.6122,-3.8369,-5.0216,-4.6349,-3.2292,,-9.0254,-4.4987,,,,,,,,,-0.91,-20.758,-33.4165,-31.8308,-34.6024,-47.1163,,,-2.0748,-5.2847,,,,,,,,,,,,,,,,,,,,,,,,,-13.4196,-13.4659,-14.4895,-12.9021,-23.8726,-20.7783,-5.9077,-8.7503,-16.1793,-9.0757,-6.81,-43.0549,-35.0093,-7.956,-0.00262778,-21.5499,-21.8739,,-12.5287,,-7.572,-32.4425,-7.9327,-12.0008,-17.5395,,-8.372,-19.9419,-38.3076,-1.6764,,,,,-5.762,-22.885,-20.4245,,-26.5905,,-91.0336,-17.6097,-13.1206,,-47.1555,-8.8985,-33.1696,,,-2.195,-7.9045,-5.7358,-14.657,-10.1524,-5.299,-3.004,-4.0383,-5.3392,-3.6326,,-8.1854,-4.7722,-5.2196,-18.017,-6.347,-14.4196,-27.4652,-16.6745,-19.9334,-9.3311,-7.325,-1.0065,-6.301,-2.7098,,-8.6882,-4.2983,,,,,,-8.8258,-7.4791,-99.1149,-70.3335,-49.4409,,-18.1298,-8.1474,,-52.1708,-47.5227,-3.9853,-4.4711,-5.6536,-6.9678,-4.9988,-11.3794,,,,,,,,,,,,,,,,,6.81,,,,-3.71618,,,,,-3.1276,,,,0.54389,,0.64085,-0.52638,-2.26678,-8.28153,,0.73597,-2.3956,,,,,,-4.0857,,,,0.65205,,,2.46831,,,,,1.79375,,8.85728,-4.60973,,17.4876,,-2.91919,,,,,,,,-0.49692,3.42348,,,,,,,-4.66508,,,,,,,-0.57478,,,,,,,1.26307,-5.11356,,,,,,,-0.026313495802,-14.3739,-7.1869,0.19392,0.18306481637,-0.19622156427,0.16990806846,0.20731,0.36612963273,-136.45896,-44.17937,-0.71464,-39.97782,-1.80826,-134.54637,-6,-215.63167,-52.48291,7.41e-08,8.2e-06,5.71e-08,0.000163947,0.00875792,,0.169802,,,,3.47e-06,0.00798473,5.41e-08,0.0370062,0.00925872,0.00315984,1.96e-05,0.140193,,,,2.41e-08,,0.00047158,0.000133531,,
DNCB15-11,,,8.87,36.6,0.001965657,6.17e-06,1.89e-05,0.000101053,0.001099697,0.000218599,0.000428899,0.0,0.0,0.0,7.78e-07,1.43e-08,0.0,4.37e-09,0.0,0.0,8.52e-09,3.46e-08,1.22e-07,5.11e-07,0.0,6.96e-07,0.0,0.0,0.0,1.1527997936486125,-20.5362,-12.4804,-6.1356,-16.3375,-33.3322,-9.0212,,,,,,,,,,,,,,,,,-4.1521,-8.0711,-12.183,-5.0969,-6.0881,,-7.6114,-5.4706,,,,,,,,,-3.686,-22.8499,-35.0365,-33.8818,-36.9437,-47.2683,,,-5.5818,-4.387,,,,,,,,,,,,,-17.5909,-10.8882,-19.0347,-14.1488,-18.9223,-19.9222,-24.2724,-23.3512,-30.4059,-7.4643,-15.5726,-9.645,,,,,,,,,,,-8.87,-39.8144,-33.3353,-8.5183,-2.92444e-05,-20.4598,,-8.9104,-15.0713,-14.0415,-8.5585,-33.1438,-6.3972,,,,-13.3107,-24.2478,-41.8208,-3.0095,,,,-10.907,,,-15.6026,-11.7334,-23.0838,,,,,,-45.4534,-10.2171,-33.1854,-7.9877,-8.8147,-4.7512,,-10.837,-18.2942,-9.9132,-7.3164,-5.3489,-9.1466,-6.6851,-7.29,,-7.7442,-6.5439,-8.4866,-23.9182,-12.173,-12.1516,-19.7839,-12.5341,-13.3711,-9.8433,-9.9731,-2.7334,,-7.1563,,-7.7081,-5.4661,-8.1869,-12.8183,-10.0628,-15.4504,-9.743,-8.9662,-4.7731,-95.7559,-69.2737,-50.3844,,,,,-52.3386,-43.8649,-3.4766,-6.2815,-10.1541,-7.6702,-7.9111,-10.1779,-66.3485,-52.7762,-40.6922,-30.9429,-19.8658,-12.2219,-63.7624,-45.8676,-27.522,-8.5192,-11.7109,-15.4138,-19.4783,-7.9903,-12.4492,-6.9994,8.87,,,,,,,,,-4.5062,,,,-0.15382,-8.36328,,-2.48011,,-4.51102,-3.20965,0.05,-4.38203,,,,,,-7.88208,,,,-1.36413,,,0.16084,,,,,-0.38562,,,,,,,-8.37664,,,,,,,,-2.10298,,-5.12124,,,,,,-6.4579,,,,,,,-3.8571,,,,,-4.13071,,-0.07248,,,-0.54462,,,,,-5.2560758797e-05,-2.391,-1.1955,0.00276703,0.0021982720763,-0.0022245524557,0.0021719916969,0.00276872,0.0043965441526,-129.497,-44.20182,-3.98869,-36.6906,-1.29999,-127.946,-6,-207.05557,-52.3431,7.78e-07,,,,0.000101053,,0.000218599,,,3.46e-08,,,5.11e-07,0.0010997,1.89e-05,6.17e-06,4.37e-09,0.00196566,8.52e-09,7.90523e-05,,,,0.000428899,6.96e-07,1.43e-08,1.22e-07
DN17CB-01,,,6.5,48.8,0.001942168,0.000445999,0.000183895,0.000513499,0.003245008,0.000517587,0.000264418,0.0,0.00102544,8.79e-09,0.0,0.0,0.0,3.19e-06,1.34e-06,0.0,0.0,0.0,6.58e-08,2.8e-08,0.0,4.85e-06,0.0,0.0,1.99e-06,1.0147051923886972,,,,,-31.3829,-12.9666,-5.8482,-9.4681,-9.3417,-7.244,-11.7305,-9.6141,-15.593,-19.2777,-9.4231,-18.9627,-8.1265,,,,,,-3.438,-6.9241,-10.7383,-6.263,-5.0411,-8.194,-8.7722,-4.983,,,,,,,,,-3.3196,-22.101,-34.0218,-33.107,-36.3299,-42.749,,,-2.9468,-6.3857,,,,,,,,,,,,,,,,,,,,,,,,,-13.6052,-15.1408,-17.012,-16.8979,-27.0901,-19.5319,-6.78,-8.5061,-15.7524,-10.2971,-6.5,-37.9933,-31.3849,-7.8198,-6.16109e-05,-19.8559,,,-11.9481,,,-28.9886,-8.0651,-12.1986,,,-10.6095,-21.2012,-38.3254,-2.7111,,,,,-5.9367,-21.5325,-18.8092,,-24.6681,,,,,-5.8326,-41.5153,-7.9681,-30.1972,,-14.0218,-3.7711,,-9.3538,-14.9138,-10.9087,-6.5779,-3.4972,-6.8996,-6.7585,-5.1016,-8.0579,-7.8521,-4.9162,-5.6337,-19.0211,-8.8104,-13.259,-24.9386,-16.1206,-19.1528,-8.9757,-7.3183,-2.7465,,-6.7611,-7.0075,-9.7431,-5.7105,,,,,,-9.0262,-6.8021,-87.9135,-62.7181,-44.9451,,,,-2.9898,-45.8974,-42.3799,-3.7532,-5.4701,-8.9092,-8.7227,-6.6469,-11.2119,,,,,,,,,,-7.4411,-9.9688,-13.368,-17.1682,-10.9439,-19.7624,-7.81,6.5,,,,,,,,-1.28019,-3.81501,,,,-1.89684,,0.13682,,-3.16542,-7.90004,,-1.68554,-3.70033,0.5534,-8.40855,,,-0.18728,,0.1843,0.1843,-0.38675,,,-8.93529,-1.55514,-5.45458,,,,,,7.54696,,,15.16006,19.19721,-9.99449,,,,,,,,-2.07351,0.66355,,,7.18528,,,,-6.73411,,,,,,0.92352,-2.63282,,,,,-5.45193,,-1.84452,,-3.68666,,,,-9.06639,,0.00090011074668,25.3735,12.6868,0.00471472,0.0035474425276,-0.0030973871543,0.003997497901,0.00597688,0.0070948850553,-121.0316,-39.63153,-1.23836,-34.85596,-1.02065,-117.73686,-6,-189.21347,-45.74362,,1.99e-06,8.79e-09,,0.000513499,,0.000517587,,,,1.34e-06,0.00112362,2.8e-08,0.00324501,0.000183895,0.000445999,3.19e-06,0.00194217,,,,,0.00102544,0.000264418,4.85e-06,,6.58e-08
DNCB17-02,,,6.62,50.5,0.001975226,0.000445999,0.000185174,0.000497779,0.003245008,0.000518151,0.000264418,2.25e-06,0.001046804,8.79e-09,0.0,0.0,0.0,2.94e-06,3.22e-07,0.0,0.0,0.0,0.0,5.47e-08,0.0,4.7e-06,0.0,0.0,1.95e-06,1.0,,,,,-30.9801,-12.4804,-5.8605,-9.4656,-9.1693,-7.1963,-11.5497,-9.7624,-15.5942,-19.2442,-9.275,-18.4967,-8.1301,-5.6808,-28.3003,-20.6686,-35.4213,-54.7188,-3.4542,-6.93,-10.7522,-6.0954,-5.0125,-8.0601,-8.6026,-4.9929,,,,,,,,,-3.3195,-22.0499,-33.9352,-33.0523,-36.2966,-42.5815,,,-3.0309,-6.2188,,,,,,,,,,,,,,,,,,,,,,,,,-14.4709,-16.2126,-17.8709,-17.9625,-27.8648,-20.0601,-7.5465,-8.9512,-16.4539,-11.213,-6.62,-37.7499,-30.9819,-7.5837,-6.18675e-05,-19.7757,,,-11.8242,,,-28.727,-7.7096,-11.9091,-18.9486,,-10.7327,-21.2788,-38.3429,-2.6725,,,,,-6.5376,-21.9209,-18.3472,,-24.4447,,,,,-5.6888,-41.3893,-8.0672,-30.1971,,,-3.7685,-10.9748,-9.3324,-14.989,-10.7344,-6.5709,-3.4997,-6.8967,-6.5832,-5.0588,-7.914,-7.6796,-4.912,-5.6708,-19.2219,-8.8269,-12.9528,-24.3018,-15.7092,-18.5997,-8.8417,-7.3452,-2.7396,-9.6456,-6.7479,-6.8731,-9.5705,-5.6979,,,,,,-9.0331,-6.6378,-87.6666,-62.6427,-45.0183,,,,-2.9811,-45.8721,-42.1464,-3.7546,-5.4886,-8.9174,-8.5552,-6.6047,-11.0408,,,,,,,,,,,,,,,,,6.62,,,,,,,,-1.96444,-3.82788,,,,-1.65945,,0.09476,,-2.97212,-7.45063,,-1.4471,-3.73696,0.53479,-7.08934,,,-0.20629,,0.16656,0.16656,-0.40222,,,-8.09425,-1.03833,-5.00931,,,,,,6.60684,,,13.29625,17.26504,-8.91272,,,,,,,,-1.79376,-2.09293,,,6.20098,,,,-6.50713,,,,,,0.9049,-2.43552,,,,,,,-1.63368,,-2.3926,,,,-8.66753,,0.00069873295401,19.1559,9.5779,0.00479717,0.0036476184645,-0.0032982519875,0.0039969849415,0.00586178,0.0072952369291,-120.33986,-39.45851,-1.30802,-34.61155,-0.98362,-117.21026,-6,-188.50323,-45.69804,,1.95e-06,8.79e-09,2.25e-06,0.000497779,,0.000518151,,,,3.22e-07,0.000925233,5.47e-08,0.00324501,0.000185174,0.000445999,2.94e-06,0.00197523,,,,,0.0010468,0.000264418,4.7e-06,,
DNCB17-06,,,7.02,36.5,0.002730345,0.000226291,8.88e-05,0.00119467,0.002840201,0.000687953,0.001253383,6.26e-07,0.000630218,8.79e-09,7.41e-08,0.0,0.0,5.4e-06,0.0,0.0,0.0,0.0,3.67e-08,3.07e-08,0.0,5.5e-06,0.0,0.0,4.01e-07,1.1537635699220496,-14.2569,-9.9066,-7.2657,-11.9109,-32.9181,-12.2975,-6.571,-10.1774,-9.6933,-8.0684,-12.4911,-9.9666,-16.9293,-20.7499,-9.1615,-18.2588,-8.1423,-6.2431,-30.4575,-21.4324,-36.3832,-56.2723,-3.1238,-6.561,-10.19,-5.5709,-4.7107,-7.7217,-8.4374,-4.0733,,,,,,,,,-3.2036,-22.3708,-34.5597,-33.4029,-36.4634,-45.0846,,,-3.3821,-5.8884,,,,,,,,,,,,,,,,,,,,,,,,,,,,,,,,,,,-7.02,-39.83,-32.9213,-8.0936,-7.08265e-05,-20.465,,,-12.797,,-7.8373,-30.8783,-7.8226,-11.5764,-19.9896,,-10.9781,-21.918,-39.4949,-2.6602,,,,,,,-18.125,,-24.9406,,,,,-5.6379,-43.2497,-7.9989,-30.9735,,-13.5796,-4.0978,-11.9807,-9.7024,-15.4238,-11.1132,-6.2939,-3.8492,-7.1647,-6.6873,-5.4412,-8.2234,-8.098,-4.6752,-5.4499,-19.0288,-8.6551,-12.8216,-24.1599,-15.0533,-17.7418,-8.6599,-6.5676,-2.6081,-10.1478,-6.549,-6.5452,-9.4359,-4.9717,,,,,,-8.9656,-6.6261,-91.3481,-64.8549,-45.9561,,,,-3.2025,-48.2859,-43.5106,-3.1073,-5.4405,-8.8314,-8.3318,-6.7221,-11.1915,,,,,,,,,,-7.727,-10.4388,-13.6588,-17.2401,-10.9042,-19.0664,-8.0613,7.02,-0.14768,-1.91518,-0.14768,,-1.27023,-7.66161,-3.84877,,-2.52602,-7.32641,,,-0.82519,,0.21043,-1.45521,-2.60877,-7.63582,,-0.62143,-2.66608,0.49508,-7.7899,-9.88338,-8.03181,-0.24278,-5.83284,0.11974,0.11974,-0.46878,-0.33892,5.46081,-7.57218,-0.5147,-5.35133,,,,0.64041,-4.72252,,,1.81884,,,-9.06088,-3.31875,1.79161,-4.26436,3.82448,-3.50483,0.87682,-1.67993,-2.10717,,,-4.76193,,1.79327,5.24769,-6.02303,-6.46031,,2.07383,-5.70408,-5.28107,3.40095,0.86528,-1.68125,0.1957,,,-4.33424,-5.13569,,-1.00792,,-3.26931,,,-4.88052,-7.82857,-8.09175,5.4430555555e-05,1.0079,0.504,0.00783477,0.005400194447,-0.0053729791693,0.0054274097248,0.00874869,0.010800388894,-127.34712,-42.01863,-1.78999,-36.70629,-1.30242,-123.92547,-6,-198.99244,-48.29176,7.41e-08,4.01e-07,8.79e-09,6.26e-07,0.00119467,,0.000687953,,,,,0.000406023,3.07e-08,0.0028402,8.88e-05,0.000226291,5.4e-06,0.00273034,,,,,0.000630218,0.00125338,5.5e-06,,3.67e-08
DNCB17-7a,,,6.12,56.8,0.000361465,0.000239868,7.8e-05,0.000275712,0.000608029,3.92e-05,0.000517385,0.0,0.000801125,0.0,0.0,0.0,0.0,4.8e-06,1.63e-05,6.33e-08,6.3e-08,0.0,7.48e-07,1.01e-07,0.0,7.53e-07,0.0,0.0,8.08e-07,1.0,,,,,-29.9202,-12.9915,-6.1927,-10.854,-10.8365,-8.3771,-12.119,,,,,,,,,,,,-3.6802,-8.2284,-13.1897,-7.6595,-6.1415,-8.8213,-9.0912,-4.8454,,,,,,,,,-4.4313,-22.9773,-34.734,-33.9663,-37.2876,-42.1062,-7.2975,-27.0095,-3.4659,-7.6205,-11.1154,-12.2355,-25.5446,-10.2089,-21.4072,,,,,,,,,,,,,,,,,,,,-11.895,-13.4483,-16.38,-16.2819,-27.1797,-18.1327,-5.5485,-7.6603,-14.2182,-8.8194,-6.12,-36.8692,-29.9209,-7.1261,-2.21199e-05,-19.4862,,,-10.8368,,,-27.2421,-7.7564,,,,-11.3534,-21.7363,-38.5823,-3.6013,-18.0715,,,,-4.8768,-20.4218,-19.108,-17.7471,-24.5738,,,,,-6.2494,-39.6489,-7.1403,-28.9105,,-13.5518,-4.1348,,-10.7419,-14.3492,-11.416,-6.5709,-3.7458,-8.233,-8.1893,-6.2061,-8.7089,-8.2261,-4.7837,-5.4328,-18.6426,-9.6239,-13.3425,-25.3681,-16.6528,-19.9685,-8.9191,-6.7201,-3.468,,-8.5641,-8.2195,-10.6354,-6.0555,-7.2992,-12.5778,-12.9413,-23.5265,-11.0007,-9.0557,-6.98,-84.2055,-59.8018,-42.7136,,,,-3.0966,-43.5587,-40.9546,-3.4114,-6.2249,-10.7264,-10.6219,-8.1868,-12.0265,,,,,,,,,,-6.336,-9.7839,-14.3264,-19.2957,-10.1666,-19.5154,-6.7894,6.12,,,,,,,,-2.78314,-3.59598,,,,-4.05306,,0.0376,,,-8.96455,-8.81318,-3.83676,-4.35108,0.24822,,,,-0.49437,,-0.11681,-0.11681,-0.67744,,,,-5.77522,-6.75568,,,,,,8.91762,,,17.97908,21.25812,,,,,,,,,-4.13589,5.0764,,,7.56678,,,,-9.06481,,,,,,0.61829,-4.16308,,,,,-5.63678,,-4.88369,,-8.0043,,,,,,0.00014775263689,10.9425,5.4712,0.00232573,0.0013502648256,-0.0012763885071,0.001424141144,0.00281248,0.0027005296511,-117.97385,-38.96594,-1.69255,-33.72862,-0.85022,-113.08747,-6,-181.49609,-43.31322,,8.08e-07,,,0.000275712,,3.92e-05,6.33e-08,,,1.63e-05,0.000312157,1.01e-07,0.000608029,7.8e-05,0.000239868,4.8e-06,0.000361465,6.3e-08,,,,0.000801125,0.000517385,7.53e-07,,7.48e-07
DNCB17-7b,,,6.04,63.8,0.00037147,0.0002374,7.67e-05,0.000273467,0.000608029,3.22e-05,0.000498647,0.0,0.000801125,1.43e-08,0.0,0.0,0.0,4.76e-06,5.87e-05,6.02e-08,6.13e-08,0.0,1.91e-07,2.95e-07,0.0,7.76e-07,0.0,0.0,8.59e-07,1.0,,,,,-28.7953,-12.6449,-6.1666,-10.8498,-10.8381,-8.3075,-11.895,-9.1488,-15.0682,-19.6459,-9.4011,-19.2102,-7.9103,,,,,,-3.6849,-8.2717,-13.344,-7.6953,-6.1596,-8.8149,-8.9236,-4.8321,,,,,,,,,-4.5168,-22.8663,-34.4855,-33.8404,-37.2434,-41.1012,-7.3196,-26.9307,-3.4327,-7.7237,-11.2026,-12.0968,-25.2022,-10.1168,-21.2684,,,,,,,,,,,,,,,,,,,,-11.2459,-13.0516,-15.7828,-15.9364,-26.3386,-17.2699,-5.0665,-7.0287,-13.4787,-8.3657,-6.04,-35.9284,-28.7944,-6.6429,-2.22888e-05,-19.1787,,,-10.2395,,,-26.1144,-7.362,-12.4526,,,-11.3632,-21.5741,-38.1864,-3.6483,-17.8721,,,,-4.3053,-19.5629,-18.8227,-17.5676,-24.2636,,,,,-6.2707,-38.6254,-6.9836,-28.3683,,-14.0093,-4.1422,,-10.7598,-14.1115,-11.31,-6.5677,-3.7518,-8.2965,-8.2501,-6.2236,-8.7183,-8.0982,-4.7707,-5.438,-18.7382,-9.6276,-13.1133,-24.9611,-16.5619,-19.8841,-8.8083,-6.6928,-3.4562,,-8.6099,-8.2872,-10.5321,-6.0287,-7.3112,-12.6355,-12.5617,-23.2198,-10.8967,-9.0756,-6.8962,-82.1818,-58.4392,-41.9215,,,,-3.0966,-42.3717,-40.0685,-3.4298,-6.2125,-10.7533,-10.6326,-8.1272,-11.8284,,,,,,,,,,-6.9733,-10.3415,-14.9916,-20.0908,-10.6054,-19.9253,-7.2606,6.04,,,,,,,,-1.48984,-3.55397,,,,-4.18767,,-0.0183,,-3.3626,-8.855,-8.75518,-3.96691,-4.38256,0.12736,,,,-0.61696,,-0.23412,-0.23412,-0.78622,,,,-5.95831,-6.70575,,,,,,9.64579,,,19.50437,22.40967,,,,,,,,,-4.18321,7.5247,,,9.1874,,,,-9.38665,,,,,,0.49739,-4.32267,,,,,-6.75919,,-5.1035,,-8.07147,,,,,,0.00022373835902,17.0147,8.5074,0.00226464,0.0013149675957,-0.0012030984162,0.0014268367752,0.00282462,0.0026299351914,-114.96093,-37.94746,-1.60903,-32.78834,-0.70893,-109.97581,-6,-176.59071,-42.05304,,8.59e-07,1.43e-08,,0.000273467,,3.22e-05,6.02e-08,,,5.87e-05,0.000260809,2.95e-07,0.000608029,7.67e-05,0.0002374,4.76e-06,0.00037147,6.13e-08,,,,0.000801125,0.000498647,7.76e-07,,1.91e-07
DNCB17-09,,,6.18,61.5,0.000425842,0.00031187,8.13e-05,0.000321373,0.001014475,3.64e-05,0.000517385,1.25e-07,0.000826049,0.0,0.0,0.0,0.0,5.75e-06,4.1e-05,2.88e-09,0.0,0.0,1.53e-07,2.2e-07,0.0,8.22e-07,0.0,0.0,9.68e-07,1.0,,,,,-29.1637,-12.532,-6.1242,-10.7771,-10.3866,-7.9938,-11.8024,,,,,,,-6.9289,-31.3755,-21.7705,-36.3795,-55.2445,-3.6221,-8.1733,-13.1864,-7.2223,-5.8073,-8.629,-8.8025,-4.7777,,,,,,,,,-4.4654,-22.8786,-34.5423,-33.8575,-37.2342,-41.2557,-8.6474,-28.405,-3.2723,-7.2896,-12.4861,-13.2483,-26.1909,-11.3675,-22.6481,,,,,,,,,,,,,,,,,,,,-11.6442,-13.4823,-16.1412,-16.3273,-26.7526,-17.5091,-5.2961,-7.0783,-13.7922,-8.7006,-6.18,-36.2333,-29.1634,-6.8036,-2.68925e-05,-19.2781,,,-10.5515,,,-26.5981,-7.3793,,-19.6902,,-11.4511,-21.7173,-38.4055,-3.3471,-18.9292,,,,-4.4494,-19.6867,-18.4983,,-24.2493,,,,,-6.1365,-39.0735,-7.1511,-28.6609,,-13.846,-4.1188,-12.4849,-10.7096,-14.2847,-11.2088,-6.5503,-3.6399,-8.1429,-7.7203,-5.8228,-8.4787,-7.9157,-4.6675,-5.3621,-18.7471,-9.5292,-12.885,-24.5613,-16.1745,-19.3798,-8.6559,-6.63,-3.3988,-11.494,-8.5104,-8.0771,-10.3899,-5.9786,,,,,,-9.0697,-6.8088,-83.0703,-59.1136,-42.4113,,,,-3.0834,-42.9875,-40.3574,-3.4258,-6.1985,-10.7033,-10.2109,-7.8432,-11.7602,,,,,,,,,,-7.0943,-10.4651,-15.0571,-20.0908,-10.5622,-19.663,-7.3212,6.18,,,,,,,,-0.40408,-3.47854,,,,-3.43764,,0.07326,,,-8.37301,,-3.21835,-4.34917,0.18647,,,,-0.55728,,-0.17618,-0.17618,-0.73102,,,,-4.41194,-6.18489,,,,,,9.46798,,,19.12601,22.19315,,,,,,,,,-3.38724,6.90458,,,9.83306,,,,-8.49667,,,,,,0.5565,-3.54461,,,,,-6.27965,,-4.39163,,-6.41819,,,,,,0.00024170093384,15.1779,7.589,0.0026691,0.0015924479584,-0.0014715974915,0.0017132984254,0.00340616,0.0031848959169,-115.76469,-38.10572,-1.46456,-33.0927,-0.75458,-111.21435,-6,-178.64129,-42.69221,,9.68e-07,,1.25e-07,0.000321373,,3.64e-05,2.88e-09,,,4.1e-05,0.000456666,2.2e-07,0.00101447,8.13e-05,0.00031187,5.75e-06,0.000425842,,,,,0.000826049,0.000517385,8.22e-07,,1.53e-07
DNCB17-13,,,6.31,40.6,0.004976127,0.004447645,0.000788525,0.013373921,0.00608357,0.006422588,0.015115553,1.5e-05,0.000366737,5.22e-07,0.0,0.0,2.31e-08,8.34e-08,1.07e-06,0.0,0.0,0.0,0.0,2.81e-06,0.0,6.87e-05,0.0,0.0,1.53e-07,1.1113401522053958,,,,,-30.2579,-11.4521,-7.1926,-9.8476,-10.8622,-8.5458,-13.6312,-7.6092,-13.28,-16.0985,-8.0787,-18.3901,-6.4329,-4.9094,-25.1404,-20.0378,-34.9288,-54.6397,-2.3443,-4.8425,-7.5786,-5.3411,-3.8278,-7.8375,-8.197,-2.51,,,,,,,,,-2.2857,-21.3209,-33.4182,-32.3444,-35.4605,-43.6453,,,-2.5921,-6.4773,,,,,,-42.3653,-24.1481,-14.5357,-20.3561,-24.5586,-8.2943,-21.5011,,,,,,,,,,,,,-13.2972,-14.214,-15.6985,-14.9682,-25.1583,-20.0898,-6.5623,-9.076,-15.8542,-9.74,-6.31,-39.2029,-30.2611,-5.8652,-0.000314146,-20.2565,,,-9.8407,,,-27.5658,-6.3014,-11.1498,-17.9237,,-9.3642,-20.1843,-37.6069,-2.5663,,-21.8189,-8.0279,,-6.1397,-22.3793,-21.9533,,-25.3778,,,,,-6.5437,-41.1375,-6.4694,-29.19,,,-3.2231,-9.7386,-7.8633,-12.9691,-10.8113,-4.6406,-2.8322,-5.2218,-6.2354,-4.3195,-8.1114,-7.6502,-2.8735,-7.5114,-20.4921,-9.7512,-16.0335,-28.5504,-19.0126,-22.3485,-11.2988,-7.8356,-2.4127,-8.5983,-5.4222,-7.3009,-9.8295,-3.9941,,,,,,-8.988,-7.217,-87.1342,-61.0849,-42.5715,,,,-3.4362,-45.4198,-42.1348,-2.3392,-4.5471,-6.9986,-7.9824,-5.6838,-10.8268,,,,,,,,,,,,,,,,,6.31,,,,,,,,-0.97158,-0.26693,,,,-0.51497,,0.3537,,-1.11087,-7.9646,,-0.30872,-0.29844,0.07157,-9.6041,,,-0.66722,,-0.30169,-0.30169,-0.88419,,,-9.40798,0.48745,-6.06944,,,,,,7.5082,-9.05322,,15.00447,18.22522,-6.66006,,,,,,,,-1.41442,0.24071,,,6.42208,,,,-5.85614,,,,,,0.44175,-5.47362,,,,,,,-0.59565,-9.32412,-5.90247,,,,-8.93899,,0.001308808593,4.1424,2.0712,0.0553151,0.031595573263,-0.030941168966,0.032249977559,0.0764173,0.063191146526,-124.54427,-40.55978,-0.95887,-36.0734,-1.20597,-119.75835,-6,-191.54712,-45.36985,,1.53e-07,5.22e-07,1.5e-05,0.0133739,,0.00642259,,2.31e-08,,1.07e-06,0.00251521,2.81e-06,0.00608357,0.000788525,0.00444765,8.34e-08,0.00497613,,,,,0.000366737,0.0151156,6.87e-05,,
DNCB17-21,,,7.47,41.0,0.002927389,0.001729685,0.000208705,0.004780179,0.008720549,0.002054551,0.002784718,5.26e-06,0.000345374,7.69e-09,0.0,0.0,0.0,2.92e-06,8.95e-07,6.11e-09,0.0,0.0,5.97e-08,1.01e-08,0.0,3.25e-05,0.0,8.95e-08,3.57e-07,1.1069213071003698,,,,,-33.3746,-12.2867,-6.7363,-9.8546,-8.8391,-7.6843,-11.9964,-10.6365,-16.7379,-20.0148,-8.7719,-16.7435,-8.2941,-5.3402,-28.7626,-20.4627,-35.3479,-55.0416,-2.6386,-5.6012,-8.8063,-4.0687,-3.7207,-6.9988,-7.3147,-3.3851,,,,,,,,,-2.7523,-21.7748,-33.8633,-32.7974,-35.919,-44.3439,-8.4801,-29.5962,-3.3532,-4.9145,-10.6489,-11.4984,-23.011,-10.5086,-22.9839,,,,,,,,,,,,,,,,,,,,-15.5537,-17.652,-18.4203,-18.8714,-28.326,-20.0018,-7.6635,-7.8366,-16.9396,-12.0088,-7.47,-39.1423,-33.3776,-9.0232,-0.000161015,-20.2363,,,-14.1569,,,-31.8479,-8.2992,-10.6776,-19.5122,,-10.9921,-21.8007,-39.2083,-2.166,-16.3242,,,,-6.0691,-21.1262,-16.739,,-24.1915,-7.0484,,,,-5.4119,-42.8187,-8.2067,-30.9028,,-12.0275,-3.7551,-10.6981,-8.8574,-15.2334,-10.17,-5.7539,-3.0735,-5.9288,-4.9116,-4.1594,-7.2207,-6.7178,-3.6955,-5.8123,-19.9638,-8.5141,-11.9884,-22.162,-13.8109,-15.9809,-8.4267,-6.7163,-2.6042,-9.2186,-6.0789,-6.3648,-8.8493,-4.7666,,,,,,-8.99,-6.0455,-90.4979,-64.4913,-46.015,-10.3335,,,-3.4681,-48.2569,-42.6587,-2.9215,-4.797,-7.7129,-6.665,-5.5283,-9.8991,,,,,,,,,,-7.8371,-9.987,-12.7809,-15.9507,-9.8457,-16.9632,-7.5394,7.47,,,,,,,,7.8414,-1.52037,,-9.97236,7.63924,1.31269,-6.32375,0.16646,,-2.11092,-4.95245,,1.51919,-1.49321,0.01673,-0.6757,,,-0.72215,,-0.35633,-0.35633,-0.93826,,,-3.56939,4.22326,-3.10903,,,-8.25128,,,7.59656,,,15.18475,18.28914,0.8935,,,,,,,,0.49381,0.52039,,,12.57167,,,,-3.95661,,,,,,0.38691,-0.78798,,-3.19781,,,-3.90044,,1.29006,,2.91876,,-1.71538,,-6.0601,,0.00019320249376,1.3442,0.6721,0.0220661,0.014373101958,-0.014276500711,0.014469703205,0.0257778,0.028746203915,-125.11152,-41.2566,-1.71606,-36.01237,-1.19654,-122.47021,-6,-197.05664,-48.20163,,3.57e-07,7.69e-09,5.26e-06,0.00478018,,0.00205455,6.11e-09,,,8.95e-07,0.000313796,1.01e-08,0.00872055,0.000208705,0.00172968,2.92e-06,0.00292739,,,8.95e-08,,0.000345374,0.00278472,3.25e-05,,5.97e-08
DNCB17-24,,,7.98,28.0,0.001078306,8.8e-05,5.86e-05,0.000398473,0.001622504,0.00049897,1.41e-05,8.76e-07,0.000363177,0.0,0.0,0.0,0.0,1.05e-06,3.42e-06,0.0,0.0,0.0,4.59e-08,4.86e-07,0.0,1.6e-06,0.0,0.0,2.62e-07,1.2181542300698351,,,,,-33.4082,-10.0286,-6.6869,-10.4827,-9.1673,-8.4547,-12.0637,,,,,,,-6.0815,-31.6551,-21.4021,-36.4821,-56.7547,-3.5082,-7.1075,-10.8004,-5.3086,-5.2762,-7.4935,-8.232,-6.3479,,,,,,,,,-3.3265,-22.7785,-35.1643,-33.8284,-36.7684,-47.5732,,,-4.4716,-5.1622,,,,,,,,,,,,,,,,,,,,,,,,,-15.7447,-17.6289,-19.2178,-19.4608,-30.3901,-19.9974,-7.1896,-7.0395,-16.9911,-11.7816,-7.98,-41.1809,-33.4114,-7.6521,-3.14726e-05,-20.9168,,,-13.3513,,,-32.2006,-6.4324,,-20.8319,,-12.0238,-23.2251,-41.1335,-2.8287,,,,,-5.4874,-20.7785,-16.6608,,-24.5763,,,,,-5.0093,-47.4321,-10.9236,-34.4434,,-11.4358,-4.2575,-12.0491,-10.0831,-18.6119,-10.6141,-8.3321,-4.1585,-7.6078,-6.3169,-5.9345,-7.8992,-7.7501,-6.8769,-6.0767,-20.3756,-9.5007,-12.1139,-22.0622,-13.306,-15.1778,-8.6143,-9.1058,-2.9926,-10.4116,-7.0824,-6.1995,-9.1255,-7.2428,,,,,,-8.9119,-5.9292,-99.6927,-72.2419,-52.51,,,,-3.4533,-53.5151,-46.6833,-4.9685,-5.9058,-9.4602,-8.1627,-7.4585,-11.0904,,,,,,,,,,-7.8463,-10.8926,-14.1807,-17.8023,-9.6352,-16.1655,-7.5799,7.98,,,,,,,,9.47247,-5.68326,,,,-0.41529,-9.14575,-2.35975,,,-5.93728,,-0.21664,-5.82041,0.34187,-3.03904,,,-0.39408,,-0.03775,-0.03775,-0.63935,,,-4.60077,0.32326,-3.87491,,,,,,8.84077,,,17.55151,21.53338,-7.39729,,,,,,,,-1.68081,3.77111,,,13.29851,,,,-5.90268,,,,,,0.71211,-1.55675,,-4.8698,,,-4.27272,,-0.58191,,1.11933,,-5.58286,,-6.34821,,-2.8308810613e-05,-1.3415,-0.6708,0.00260901,0.0021101596292,-0.0021243140345,0.0020960052239,0.00264383,0.0042203192585,-132.78822,-44.55566,-2.97266,-38.0734,-1.51208,-131.96779,-6,-213.15544,-53.64549,,2.62e-07,,8.76e-07,0.000398473,,0.00049897,,,,3.42e-06,1.11389e-07,4.86e-07,0.0016225,5.86e-05,8.8e-05,1.05e-06,0.00107831,,,,,0.000363177,1.41e-05,1.6e-06,,4.59e-08
DNCB17-25,,,5.96,70.7,0.004263201,0.000995268,0.00045603,0.00371775,0.005172346,0.004233774,0.002197585,1.24e-05,0.000982713,8.24e-08,3.34e-07,0.0,0.0,1.59e-05,3.43e-05,0.0,0.0,0.0,1.9e-07,1.21e-07,0.0,3.08e-05,0.0,5.67e-08,7.21e-07,1.0,-12.4687,-8.5573,-6.8368,-10.3101,-28.6144,-13.2177,-6.405,-8.9427,-10.2057,-7.5975,-11.9535,-8.4444,-11.7336,-14.0917,-8.652,-18.3489,-7.1936,-4.9654,-25.191,-19.6919,-34.1881,-52.7118,-2.7206,-5.1773,-8.1887,-5.8632,-4.2996,-7.7511,-7.8021,-3.4246,,,,,,,,,-2.4357,-20.5997,-32.0887,-31.559,-35.0389,-39.2373,,,-2.4876,-6.9284,,,,,,,,,,,,,,,,,,,,,,,,,-11.3836,-13.4234,-13.8027,-14.1901,-21.9629,-17.2157,-5.3707,-7.2033,-13.5353,-8.6889,-5.96,-35.0383,-28.6119,-7.0679,-0.000156554,-18.8895,,,-10.5499,,-6.7851,-25.9237,-7.8793,-11.7029,-17.4479,,-9.2009,-19.2514,-35.642,-2.7902,,,,,-4.5333,-19.5173,-18.203,,-23.9804,-7.2464,,,,-6.2069,-37.2271,-6.4036,-27.4219,,-14.027,-3.4118,-9.7411,-7.8757,-12.7134,-10.4805,-5.4013,-3.2952,-5.7273,-6.9482,-4.8695,-8.176,-7.5186,-3.8702,-5.0755,-18.4578,-7.0969,-12.5408,-24.2369,-16.1255,-19.4646,-8.3415,-5.8734,-2.4377,-8.5183,-5.4815,-7.2571,-9.4347,-4.5704,,,,,,-9.0904,-6.8261,-79.4093,-56.2909,-40.3109,-11.6681,,,-3.0079,-40.8085,-38.81,-3.0251,-4.7869,-7.1985,-8.3317,-5.749,-10.2334,,,,,,,,,,-7.1455,-8.2719,-10.8581,-13.9151,-10.6012,-19.9058,-7.2809,5.96,-1.28176,-2.95259,-1.28176,-5.47873,-2.09284,-8.37127,-2.33583,2.36042,-1.31168,-6.66695,,,-1.37809,,0.19043,-0.63949,-2.29119,-8.03674,,-1.15286,-1.51175,0.15483,-9.50447,,-8.00315,-0.59126,-3.98308,-0.20316,-0.20316,-0.74739,0.36801,5.94426,-9.18434,-1.05186,-5.7984,3.30833,3.30366,,1.02632,-8.88824,9.16692,,2.35256,18.61552,21.44292,-9.44513,-4.3771,0.95481,-4.39085,4.35751,-2.06844,0.0996,-1.98892,-2.08534,6.34843,,-2.77747,9.95977,0.9645,5.85297,-6.46991,-7.59213,,2.34188,-7.24606,-6.45493,3.47666,0.52482,-2.48427,-0.51547,,,-2.78979,-5.77066,,-1.6771,,-5.41727,,,-4.84432,-8.93168,-8.05957,0.0036695877905,32.591,16.2955,0.0170699,0.011259521025,-0.00942472713,0.013094314921,0.0226423,0.022519042051,-111.20838,-36.07542,-0.61984,-31.90144,-0.5765,-106.59964,-6,-171.08048,-40.42394,3.34e-07,7.21e-07,8.24e-08,1.24e-05,0.00371775,,0.00423377,,,,3.43e-05,0.00317321,1.21e-07,0.00517235,0.00045603,0.000995268,1.59e-05,0.0042632,,,5.67e-08,,0.000982713,0.00219759,3.08e-05,,1.9e-07
DNCB17-30,,,6.24,45.3,0.004194475,0.000600699,0.000463959,0.003830031,0.008618938,0.00465687,0.000307412,1.4e-05,0.000904381,8.79e-09,0.0,0.0,3.58e-07,1.39e-06,5.5e-06,0.0,0.0,1.89e-08,5.97e-08,1.68e-06,0.0,1.02e-05,0.0,4.76e-08,6.47e-06,1.0571568396238438,,,,,-29.9055,-11.6839,-5.4358,-8.1551,-8.9481,-6.5795,-11.7317,-9.3383,-14.693,-17.5187,-9.7852,-20.0088,-8.1619,-4.908,-25.108,-19.9686,-34.7928,-54.3045,-2.6558,-5.2316,-8.0974,-5.4978,-3.9745,-7.7695,-8.388,-4.3014,,,,,,,,,-2.3891,-21.2772,-33.2724,-32.2907,-35.4688,-42.7122,,,-2.3836,-6.3682,,,,,,-40.4842,-22.7685,-11.956,-18.8793,-22.9642,-7.0728,-20.0886,-16.6136,-7.9725,-16.8212,-9.9151,-13.3869,-16.5307,-17.4827,-18.7618,-22.4217,-9.456,-22.296,-9.1486,-12.4929,-13.5881,-14.9821,-14.4286,-24.3051,-19.1437,-5.885,-8.302,-14.9926,-9.0799,-6.24,-38.5023,-29.9081,-5.9937,-0.000173166,-20.0242,,,-9.878,,,-27.2064,-6.4986,-12.8654,-17.8259,,-9.411,-20.0983,-37.3482,-2.4151,,-20.2501,-6.7184,-15.2251,-5.3979,-21.4459,-20.3284,,-25.1457,-7.3224,,,,-6.1785,-41.8573,-7.8388,-30.2749,,-15.0872,-3.3952,-9.871,-8.0862,-14.4522,-10.9018,-6.2985,-3.4494,-5.9311,-6.7151,-4.7706,-8.3601,-8.1794,-4.9697,-6.0807,-19.1167,-8.3687,-14.4429,-26.8335,-17.5338,-20.8727,-9.79,-7.8738,-2.437,-8.5974,-5.5337,-7.0091,-9.7899,-5.5003,,,,,,-9.0109,-7.1559,-88.587,-63.0325,-44.9484,-11.7772,,,-3.0441,-46.0184,-42.9567,-3.8385,-5.2514,-7.7803,-8.5256,-6.1773,-11.3992,,,,,,,,,,-7.4966,-9.1786,-11.631,-14.4734,-11.7164,-21.1604,-8.2598,6.24,,,,,,,,1.0795,-2.82392,,,,-0.75798,,0.66099,,-3.63979,-8.79001,,-0.54884,-3.48829,0.54073,,,,-0.19914,,0.16986,0.16986,-0.40599,,,-9.66878,-0.39269,-6.38663,,,,,,8.4377,-9.38252,,16.90804,20.98316,-8.79749,,,,,,,,-2.05061,3.20469,-6.88209,,7.14211,,,,-6.61068,,,,,,0.91088,-3.26661,,,,,-5.50668,,-1.47905,-9.92056,-6.44813,-3.54439,,,-8.87417,,0.0037638949096,33.0429,16.5215,0.0158696,0.011390930224,-0.0095089827695,0.013272877679,0.0205512,0.022781860449,-122.0936,-39.60721,-0.70617,-35.36776,-1.09842,-118.90793,-6,-190.83721,-45.90765,,6.47e-06,8.79e-09,1.4e-05,0.00383003,,0.00465687,,3.58e-07,1.89e-08,5.5e-06,0.00410379,1.68e-06,0.00861894,0.000463959,0.000600699,1.39e-06,0.00419447,,,4.76e-08,,0.000904381,0.000307412,1.02e-05,,5.97e-08
DNCB17-32,,,5.71,64.7,0.004240582,0.000494548,0.000446567,0.00123085,0.00405626,0.004036612,0.000182802,1.38e-05,0.000655142,2.09e-08,1.85e-07,0.0,0.0,5.76e-06,4.78e-06,0.0,0.0,0.0,4.59e-08,3.27e-06,0.0,9.42e-06,0.0,1.05e-07,5.26e-06,1.0,-11.4619,-8.3177,-7.2889,-9.697,-27.6508,-12.2388,-5.4684,-8.0662,-9.8673,-7.0072,-11.4923,-8.716,-12.4856,-14.9681,-9.6012,-20.0339,-7.7954,-4.9038,-24.4139,-19.7046,-34.2736,-53.0179,-3.0956,-5.599,-8.597,-6.8336,-4.9753,-8.6311,-8.6329,-4.7979,,,,,,,,,-2.4396,-20.7645,-32.3664,-31.7367,-35.1499,-40.0582,,,-2.5117,-7.4607,,,,,,,,,,,,,,,,,,,,,,,,,-11.7552,-13.2726,-14.2103,-14.0755,-22.6474,-18.3925,-5.9171,-8.5008,-14.2967,-8.8996,-5.71,-35.8104,-27.6498,-5.579,-0.000115636,-19.1403,,,-8.8411,,-6.9119,-24.6494,-6.6295,-12.9721,-17.1749,,-8.9562,-19.1456,-35.7286,-3.0579,,,,,-5.465,-21.006,-19.7301,,-24.5451,-6.9788,,,,-6.6807,-38.7342,-7.2012,-28.5373,,-15.5776,-3.3984,-9.7138,-7.9294,-13.5739,-10.8723,-6.38,-3.4853,-5.9489,-7.7143,-5.3619,-8.8592,-8.1349,-5.0592,-5.4215,-18.4132,-7.5227,-13.7076,-26.1737,-17.4937,-21.1371,-9.0974,-7.2296,-2.4198,-8.4722,-5.4926,-7.6678,-9.8045,-5.5478,,,,,,-9.0778,-7.2061,-82.4026,-58.7428,-42.2967,-11.7182,,,-3.1838,-42.1395,-40.515,-3.9897,-5.2218,-7.6793,-9.3686,-6.534,-11.1346,,,,,,,,,,-7.604,-8.8739,-11.4494,-14.4767,-11.8513,-21.8079,-8.1905,5.71,-2.32085,-4.0085,-2.32085,-6.99255,-2.94798,-9.24768,-2.73948,-5.76462,-3.49779,-8.936,,,-2.86552,,0.18764,-0.73239,-3.68586,-9.41758,,-2.64418,-3.7186,-0.02248,,,,-0.76703,-4.2088,-0.38351,-0.38351,-0.93455,0.29409,5.48818,,-3.80182,-7.41008,-2.06373,-2.06763,,1.01134,,7.83657,,1.88787,15.89499,18.48317,,-5.19245,-0.01711,-5.01401,3.89284,-2.45865,-2.38491,-4.08452,-3.34873,2.13118,,-5.17788,4.30266,-0.00946,4.72785,-7.15579,-8.59036,,1.15778,,,2.61583,0.34754,-3.88923,-1.50993,,,-3.19886,-7.32729,,-3.17508,,,,,-7.47453,,,0.0027775095635,41.3574,20.6787,0.00857051,0.0067158733429,-0.0053271185611,0.0081046281246,0.0117984,0.013431746686,-113.66677,-36.90312,-0.68198,-32.67054,-0.69136,-109.50265,-6,-175.80937,-41.81197,1.85e-07,5.26e-06,2.09e-08,1.38e-05,0.00123085,,0.00403661,,,,4.78e-06,0.00306409,3.27e-06,0.00405626,0.000446567,0.000494548,5.76e-06,0.00424058,,,1.05e-07,,0.000655142,0.000182802,9.42e-06,,4.59e-08
DNCB17-36,,,6.68,42.2,0.00081471,0.00044641,9.54e-05,0.000814162,0.002027311,0.000714185,0.000234749,1.63e-06,0.000484236,0.0,0.0,0.0,0.0,3.27e-06,2.02e-06,0.0,0.0,0.0,0.0,7.03e-07,0.0,4.99e-06,0.0,2.79e-08,1.86e-06,1.0934203825124689,,,,,-30.7285,-11.3345,-5.8667,-9.4012,-9.4385,-7.4986,-11.8618,,,,,,,-5.8191,-28.6485,-20.9242,-35.7922,-55.4346,-3.2286,-6.611,-10.2491,-6.1285,-5.0062,-8.2119,-8.6456,-4.8545,,,,,,,,,-3.1784,-22.1631,-34.2253,-33.1831,-36.3206,-44.0697,,,-3.2655,-6.3959,,,,,,,,,,,,,,,,,,,,,,,,,-13.6838,-15.0561,-16.9728,-16.6974,-27.2429,-19.6393,-6.5981,-8.2901,-15.8269,-10.176,-6.68,-38.9619,-30.7313,-6.5008,-4.22053e-05,-20.1764,,,-10.8392,,,-28.4281,-6.5663,,-19.1944,,-10.6319,-21.4062,-38.7695,-2.8648,,,,,-5.7589,-21.5389,-18.809,,-24.9035,-7.5544,,,,-6.0384,-42.7305,-8.2858,-30.9087,,,-4.0546,-11.4667,-9.5695,-15.5972,-11.2202,-6.9344,-3.4874,-6.7661,-6.7996,-5.2684,-8.2605,-7.8809,-4.9886,-5.6167,-19.0105,-8.7305,-13.2953,-24.98,-15.9186,-18.861,-8.9828,-7.3973,-3.1223,-10.2095,-7.0191,-7.5223,-10.1227,-6.1646,,,,,,-8.9961,-6.8015,-90.325,-64.4457,-46.08,-11.6124,,,-3.3159,-47.3658,-43.3686,-3.8058,-5.4433,-8.7789,-8.7795,-6.8583,-11.2833,,,,,,,,,,,,,,,,,6.68,,,,,,,,0.07217,-3.63224,,,,-1.65652,,0.12677,,,-7.74684,,-1.44929,-3.70152,0.20991,-8.6671,,,-0.52924,,-0.16253,-0.16253,-0.74274,,,-9.02508,-1.4475,-5.70042,,,,,,8.00554,,,16.01395,19.48359,,,,,,,,,-2.2075,1.7919,,,8.00479,,,,-6.68634,,,,,,0.58008,-2.63516,,,,,,,-1.77752,,-4.67823,,,,-8.92225,,0.00077768186549,25.9689,12.9844,0.00443356,0.0029946696793,-0.0026058287466,0.0033835106121,0.00510966,0.0059893393586,-124.44612,-40.97721,-1.61689,-35.83055,-1.16873,-121.20579,-6,-194.78321,-47.29479,,1.86e-06,,1.63e-06,0.000814162,,0.000714185,,,,2.02e-06,0.000535502,7.03e-07,0.00202731,9.54e-05,0.00044641,3.27e-06,0.00081471,,,2.79e-08,,0.000484236,0.000234749,4.99e-06,,
DNCB17-37,,,6.4,44.6,0.000945638,0.000376466,0.000159342,0.001762813,0.002636979,0.000462302,0.001273163,1.13e-06,0.000761959,1.54e-08,0.0,0.0,0.0,6.08e-06,8.2e-06,0.0,0.0,0.0,5.35e-08,7.98e-06,0.0,1.05e-05,0.0,3.12e-08,5.32e-07,1.0654900999773538,,,,,-29.325,-10.7176,-6.4473,-10.16,-10.2444,-8.0333,-12.6143,-9.2192,-15.6233,-19.4508,-9.3699,-19.3067,-7.893,-5.9869,-28.6486,-21.0575,-35.8915,-55.4325,-2.9539,-6.5211,-10.3707,-6.0802,-4.7084,-7.9906,-8.5539,-3.8859,,,,,,,,,-3.3766,-22.2864,-34.2965,-33.3013,-36.4703,-43.4108,,,-2.9756,-6.6457,,,,,,,,,,,,,,,,,,,,,,,,,-12.5914,-13.8101,-16.0705,-15.6408,-26.4164,-18.9634,-5.8148,-7.9464,-14.9496,-9.157,-6.4,-38.6053,-29.3276,-5.3423,-6.06617e-05,-20.0582,,,-9.3899,,,-26.7767,-5.6873,-12.2989,-19.0688,,-10.5567,-21.2635,-38.5388,-2.8486,,,,,-5.1873,-21.1139,-19.228,,-25.0298,-7.5059,,,,-6.0993,-41.4052,-7.2912,-29.7692,,-14.6613,-3.8442,-11.4046,-9.5305,-14.3624,-11.2128,-6.033,-3.6281,-7.0992,-7.1756,-5.3853,-8.4602,-8.2213,-4.4349,-5.4012,-18.5788,-8.685,-13.4873,-25.5967,-16.412,-19.6004,-8.9721,-6.4823,-3.0689,-10.3117,-7.1556,-7.5546,-10.2812,-5.4183,,,,,,-9.0077,-7.0149,-87.6809,-62.0537,-43.9065,-11.8103,,,-3.1186,-45.7341,-42.3397,-3.1219,-5.1575,-8.6779,-8.7169,-6.5259,-11.1748,,,,,,,,,,-7.5043,-10.1907,-13.6273,-17.4515,-11.444,-20.5892,-8.1345,6.4,,,,,,,,1.43511,-2.22214,,,,-1.6023,,0.24102,,-3.02413,-8.62312,,-1.3936,-2.30633,0.44609,,,,-0.29362,,0.07486,0.07486,-0.50196,,,-9.70021,-1.91444,-6.32042,,,,,,8.76377,,,17.55332,21.45212,,,,,,,,,-2.72818,4.15643,,,8.02681,,,,-7.26881,,,,,,0.81624,-2.68195,,,,,-5.92064,,-1.74206,,-6.33452,,,,-8.97306,,0.00081576487527,17.5666,8.7833,0.00770945,0.0046438530246,-0.0042359705869,0.0050517354622,0.00950044,0.0092877060492,-123.01491,-40.30855,-1.30458,-35.47137,-1.11408,-118.83653,-6,-190.549,-45.63226,,5.32e-07,1.54e-08,1.13e-06,0.00176281,,0.000462302,,,,8.2e-06,0.00103621,7.98e-06,0.00263698,0.000159342,0.000376466,6.08e-06,0.000945638,,,3.12e-08,,0.000761959,0.00127316,1.05e-05,,5.35e-08
DNCB17-38,,,6.48,51.5,0.000873867,0.000445176,0.000170851,0.003011627,0.003245008,0.000611232,0.001920675,1e-06,0.001381496,8.79e-09,1.48e-07,0.0,0.0,3.46e-06,6.95e-06,0.0,0.0,0.0,0.0,2.31e-07,0.0,2.51e-05,0.0,0.0,7.14e-07,1.0,-13.2417,-9.185,-7.0651,-11.0365,-30.2287,-12.1006,-6.3556,-9.896,-9.8481,-7.7377,-12.1424,-9.6513,-15.3412,-18.9148,-9.4111,-18.8675,-8.1447,-6.0475,-29.1413,-21.0216,-35.7608,-55.0178,-2.7637,-6.1774,-9.9482,-5.589,-4.377,-7.3762,-8.0137,-3.5421,,,,,,,,,-3.2635,-21.9641,-33.8287,-32.9644,-36.2212,-42.3549,,,-2.9511,-6.413,,,,,,,,,,,,,,,,,,,,,,,,,-12.8848,-14.5368,-16.2248,-16.2264,-26.1135,-18.6973,-6.1128,-7.75,-14.9821,-9.6563,-6.48,-37.608,-30.2303,-6.9295,-8.2157e-05,-19.7289,,,-11.0253,,-7.2904,-27.8478,-7.1959,-12.1727,-19.1695,,-10.5384,-21.0581,-38.0871,-2.7314,,,,,-5.2174,-20.6865,-18.7005,,-24.5246,,,,,-5.6993,-40.3493,-7.1584,-29.2304,,,-3.824,-11.3889,-9.321,-14.1232,-10.8999,-5.8673,-3.5986,-6.9365,-6.8699,-5.2125,-8.0219,-7.8864,-4.2506,-5.6851,-19.1218,-8.7731,-13.187,-24.7633,-16.092,-19.1101,-8.9662,-6.5971,-3.1125,-10.38,-7.0611,-7.2659,-10.0569,-5.311,,,,,,-9.037,-6.7521,-85.5895,-60.6657,-43.1279,,,,-2.8604,-44.6806,-41.2539,-2.9991,-4.8179,-8.1847,-8.0675,-5.9799,-10.4696,,,,,,,,,,,,,,,,,6.48,-0.46801,-2.19292,-0.46801,-7.64239,-1.80133,-8.14577,-2.71755,4.36151,-1.67158,-6.10239,,,-0.91265,,0.46916,-1.03725,-3.18889,-7.95523,,-0.69968,-1.62229,0.6959,-8.27605,-9.78862,-6.55644,-0.04542,-4.90396,0.32817,0.32817,-0.23928,0.03119,6.49763,-7.60844,-0.70476,-5.34423,4.48495,4.48257,,0.87431,-5.93298,8.53615,,2.87798,17.16458,21.43713,-9.40202,-3.95587,2.39915,-4.04667,4.88318,-2.40713,2.18206,-0.87434,-2.2068,3.73263,,-2.83498,9.22081,2.40317,6.60719,-6.74256,-6.95241,,2.49004,-5.84541,-4.39112,4.95499,1.066,-2.74129,0.85735,,,-3.18904,,,-0.93014,,-3.24993,,,-3.22384,-7.84498,-6.61484,0.0014292517762,21.828,10.914,0.0112023,0.0065478016432,-0.0058331757551,0.0072624275313,0.0138276,0.013095603286,-119.80776,-39.22883,-1.21989,-34.46904,-0.96207,-115.72653,-6,-185.73569,-44.49481,1.48e-07,7.14e-07,8.79e-09,1e-06,0.00301163,,0.000611232,,,,6.95e-06,0.00109683,2.31e-07,0.00324501,0.000170851,0.000445176,3.46e-06,0.000873867,,,,,0.0013815,0.00192067,2.51e-05,,
