A,Table A,Title information (filtered),
A,
A,Running EQ6 from EQ3/6-V8.0a (R43a) for PC,
A,---,
A,
A,Sample: {sample_name},
A,Date created:  2025-06-20 04:35 PM,
A,EQ6 input file generated by AqEquil,
A,,
A,---,
A,
A,data0.dyn,
A,Water model: SUPCRT92,
A,TP points: 1,
A,+--------------------------------------------------------------------,
A,---,
B1,EndTable:,A,
B1,
B1,
B1,Table B1,Miscellaneous parameters I,
B1,Xi,t(days),Temp(C),Press(bars),pH,pmH,log fO2,Eh(v),pe,aw,
B1,0.000,0.000,25.0000,1.2307,7.0000,6.9998,-0.6695,0.8051,13.6088,1.0000,
B1,6.0174E-13,0.000,25.0000,1.2307,7.0000,6.9998,-0.6695,0.8051,13.6088,1.0000,
B1,1.0000E-08,0.000,25.0000,1.2307,7.0017,7.0015,-0.6695,0.8050,13.6071,1.0000,
B1,1.0000E-07,0.000,25.0000,1.2307,7.0167,7.0165,-0.6696,0.8041,13.5921,1.0000,
B1,1.0000E-06,0.000,25.0000,1.2307,7.1607,7.1604,-0.6703,0.7955,13.4479,1.0000,
B1,1.0000E-05,0.000,25.0000,1.2307,7.8086,7.8081,-0.6775,0.7571,12.7982,1.0000,
B1,1.2936E-05,0.000,25.0000,1.2307,7.8927,7.8920,-0.6798,0.7521,12.7136,1.0000,
B1,1.0000E-04,0.000,25.0000,1.2307,8.7738,8.7721,-0.7564,0.6988,11.8133,1.0000,
B1,2.6647E-04,0.000,25.0000,1.2307,9.1978,9.1950,-0.9559,0.6708,11.3394,1.0000,
B1,5.5192E-04,0.000,25.0000,1.2307,9.1980,9.1952,-72.9916,-0.3946,-6.6697,1.0000,
B1,6.6556E-04,0.000,25.0000,1.2307,9.1977,9.1948,-73.0064,-0.3948,-6.6731,1.0000,
B1,6.6780E-04,0.000,25.0000,1.2307,9.1276,9.1248,-75.5397,-0.4281,-7.2363,1.0000,
B1,1.0000E-03,0.000,25.0000,1.2307,9.1276,9.1248,-75.5397,-0.4281,-7.2363,1.0000,
B1,1.3057E-03,0.000,25.0000,1.2307,9.1277,9.1249,-75.5418,-0.4281,-7.2369,1.0000,
B1,1.3091E-03,0.000,25.0000,1.2307,9.1587,9.1558,-76.2580,-0.4405,-7.4470,1.0000,
B1,3.1840E-03,0.000,25.0000,1.2307,9.1587,9.1558,-76.2583,-0.4405,-7.4470,1.0000,
B1,1.0000E-02,0.000,25.0000,1.2307,9.6340,9.6300,-83.4187,-0.5746,-9.7125,1.0000,
B1,0.1000,0.000,25.0000,1.2307,9.7725,9.7677,-85.7360,-0.6170,-10.4302,0.9997,
B1,0.4955,0.000,25.0000,1.2307,9.8572,9.8520,-87.1543,-0.6430,-10.8692,0.9985,
B1,1.000,0.000,25.0000,1.2307,9.8572,9.8520,-87.1543,-0.6430,-10.8692,0.9985,
B2,EndTable:,B1,
B2,
B2,
B2,Table B2,Miscellaneous parameters II,
B2,Xi,t(days),H2O(kg),Alk(eq/kg.H2O),Signam(m),I(m),J(m),TDS(g/kg.sol),TDS(g/L),density(g/L),M/m,
B2,0.000,0.000,1.000,1.0120E-07,2.7063E-04,1.0062E-07,-1.9298E-10,0.0087,0.0087,1000.9656,1.0010,
B2,6.0174E-13,0.000,1.000,1.0120E-07,2.7063E-04,1.0062E-07,-1.9296E-10,0.0087,0.0087,1000.9656,1.0010,
B2,1.0000E-08,0.000,1.000,1.0159E-07,2.7064E-04,1.0143E-07,2.0701E-10,0.0087,0.0087,1000.9656,1.0010,
B2,1.0000E-07,0.000,1.000,1.0516E-07,2.7069E-04,1.0885E-07,3.8069E-09,0.0087,0.0087,1000.9656,1.0010,
B2,1.0000E-06,0.000,1.000,1.4652E-07,2.7120E-04,1.8969E-07,3.9806E-08,0.0087,0.0087,1000.9656,1.0010,
B2,1.0000E-05,0.000,1.000,6.5198E-07,2.7660E-04,1.2160E-06,3.9975E-07,0.0091,0.0091,1000.9659,1.0010,
B2,1.2936E-05,0.000,1.000,7.9134E-07,2.7834E-04,1.5656E-06,5.1718E-07,0.0093,0.0093,1000.9660,1.0010,
B2,1.0000E-04,0.000,1.000,6.0387E-06,2.4610E-04,1.1992E-05,3.9948E-06,0.0082,0.0082,1000.9653,1.0010,
B2,2.6647E-04,0.000,1.000,1.6091E-05,1.8448E-04,3.1907E-05,1.0623E-05,0.0062,0.0062,1000.9640,1.0010,
B2,5.5192E-04,0.000,1.000,1.6109E-05,4.4642E-05,3.1920E-05,1.0625E-05,0.0017,0.0017,1000.9611,1.0010,
B2,6.6556E-04,0.000,1.000,1.6095E-05,4.4671E-05,3.1913E-05,1.0622E-05,0.0017,0.0017,1000.9611,1.0010,
B2,6.6780E-04,0.000,1.000,1.3717E-05,5.2183E-05,3.1335E-05,1.0425E-05,0.0023,0.0023,1000.9615,1.0010,
B2,1.0000E-03,0.000,1.000,1.3717E-05,5.2183E-05,3.1335E-05,1.0425E-05,0.0023,0.0023,1000.9615,1.0010,
B2,1.3057E-03,0.000,1.000,1.3720E-05,5.2171E-05,3.1335E-05,1.0425E-05,0.0023,0.0023,1000.9615,1.0010,
B2,1.3091E-03,0.000,1.000,1.4739E-05,4.8639E-05,3.1474E-05,1.0468E-05,0.0020,0.0020,1000.9613,1.0010,
B2,3.1840E-03,0.000,0.9999,1.4739E-05,4.8636E-05,3.1474E-05,1.0468E-05,0.0020,0.0020,1000.9613,1.0010,
B2,1.0000E-02,0.000,0.9998,4.4345E-05,1.1937E-03,6.6289E-05,2.1970E-05,0.0036,0.0036,1000.9623,1.0010,
B2,0.1000,0.000,0.9979,6.1243E-05,1.6324E-02,9.0879E-05,3.0063E-05,0.0346,0.0346,1000.9822,1.0009,
B2,0.4955,0.000,0.9896,7.4585E-05,8.3094E-02,1.1045E-04,3.6484E-05,0.1695,0.1697,1001.0686,1.0009,
B2,1.000,0.000,0.9759,7.4585E-05,8.3094E-02,1.1045E-04,3.6484E-05,0.1695,0.1697,1001.0686,1.0009,
C1,EndTable:,B2,
C1,
C1,
C1,Table C1,Dissolved elements(molality),
C1,Xi,t(days),Mg,Cl,Si,Fe,
C1,0.000,0.000,1.0000E-18,0.000,1.0000E-18,1.0000E-18,
C1,6.0174E-13,0.000,2.4071E-14,0.000,6.0174E-13,1.1770E-12,
C1,1.0000E-08,0.000,4.0000E-10,0.000,1.0000E-08,1.1762E-12,
C1,1.0000E-07,0.000,4.0000E-09,0.000,1.0000E-07,1.1687E-12,
C1,1.0000E-06,0.000,4.0000E-08,0.000,1.0000E-06,1.1093E-12,
C1,1.0000E-05,0.000,4.0000E-07,0.000,1.0000E-05,1.0021E-12,
C1,1.2936E-05,0.000,5.1746E-07,0.000,1.2927E-05,9.9926E-13,
C1,1.0000E-04,0.000,4.0000E-06,0.000,1.4633E-05,1.0978E-12,
C1,2.6647E-04,0.000,1.0659E-05,0.000,1.7897E-05,1.3312E-12,
C1,5.5192E-04,0.000,1.0647E-05,0.000,1.7900E-05,2.2166E-08,
C1,6.6556E-04,0.000,1.0645E-05,0.000,1.7946E-05,2.2323E-08,
C1,6.6780E-04,0.000,1.0409E-05,0.000,2.7909E-05,7.5824E-08,
C1,1.0000E-03,0.000,1.0409E-05,0.000,2.7909E-05,7.5824E-08,
C1,1.3057E-03,0.000,1.0409E-05,0.000,2.7894E-05,7.5860E-08,
C1,1.3091E-03,0.000,1.0448E-05,0.000,2.3134E-05,8.9292E-08,
C1,3.1840E-03,0.000,1.0448E-05,0.000,2.3130E-05,8.9294E-08,
C1,1.0000E-02,0.000,2.2068E-05,0.000,5.8013E-07,3.3054E-07,
C1,0.1000,0.000,3.0300E-05,0.000,1.8348E-07,6.1622E-07,
C1,0.4955,0.000,3.6867E-05,0.000,9.1844E-08,9.5073E-07,
C1,1.000,0.000,3.6867E-05,0.000,9.1844E-08,9.5073E-07,
C2,EndTable:,C1,
C2,
C2,
C2,Table C2,Dissolved elements(ppm: mg/kg.sol),
C2,Xi,t(days),Mg,Cl,Si,Fe,
C2,0.000,0.000,2.4305E-14,0.000,2.8085E-14,5.5847E-14,
C2,6.0174E-13,0.000,5.8503E-10,0.000,1.6900E-08,6.5731E-08,
C2,1.0000E-08,0.000,9.7219E-06,0.000,2.8085E-04,6.5684E-08,
C2,1.0000E-07,0.000,9.7219E-05,0.000,2.8085E-03,6.5268E-08,
C2,1.0000E-06,0.000,9.7219E-04,0.000,2.8085E-02,6.1949E-08,
C2,1.0000E-05,0.000,9.7219E-03,0.000,0.2809,5.5962E-08,
C2,1.2936E-05,0.000,1.2577E-02,0.000,0.3631,5.5805E-08,
C2,1.0000E-04,0.000,9.7219E-02,0.000,0.4110,6.1308E-08,
C2,2.6647E-04,0.000,0.2591,0.000,0.5026,7.4343E-08,
C2,5.5192E-04,0.000,0.2588,0.000,0.5027,1.2379E-03,
C2,6.6556E-04,0.000,0.2587,0.000,0.5040,1.2467E-03,
C2,6.6780E-04,0.000,0.2530,0.000,0.7838,4.2346E-03,
C2,1.0000E-03,0.000,0.2530,0.000,0.7838,4.2346E-03,
C2,1.3057E-03,0.000,0.2530,0.000,0.7834,4.2365E-03,
C2,1.3091E-03,0.000,0.2539,0.000,0.6497,4.9867E-03,
C2,3.1840E-03,0.000,0.2539,0.000,0.6496,4.9868E-03,
C2,1.0000E-02,0.000,0.5364,0.000,1.6293E-02,1.8459E-02,
C2,0.1000,0.000,0.7364,0.000,5.1528E-03,3.4413E-02,
C2,0.4955,0.000,0.8959,0.000,2.5791E-03,5.3086E-02,
C2,1.000,0.000,0.8959,0.000,2.5791E-03,5.3086E-02,
C3,EndTable:,C2,
C3,
C3,
C3,Table C3,Dissolved elements(molarity),
C3,Xi,t(days),Mg,Cl,Si,Fe,
C3,0.000,0.000,1.0010E-18,0.000,1.0010E-18,1.0010E-18,
C3,6.0174E-13,0.000,2.4094E-14,0.000,6.0232E-13,1.1781E-12,
C3,1.0000E-08,0.000,4.0038E-10,0.000,1.0010E-08,1.1773E-12,
C3,1.0000E-07,0.000,4.0038E-09,0.000,1.0010E-07,1.1698E-12,
C3,1.0000E-06,0.000,4.0038E-08,0.000,1.0010E-06,1.1103E-12,
C3,1.0000E-05,0.000,4.0038E-07,0.000,1.0010E-05,1.0030E-12,
C3,1.2936E-05,0.000,5.1795E-07,0.000,1.2939E-05,1.0002E-12,
C3,1.0000E-04,0.000,4.0038E-06,0.000,1.4647E-05,1.0989E-12,
C3,2.6647E-04,0.000,1.0669E-05,0.000,1.7914E-05,1.3325E-12,
C3,5.5192E-04,0.000,1.0658E-05,0.000,1.7917E-05,2.2187E-08,
C3,6.6556E-04,0.000,1.0655E-05,0.000,1.7963E-05,2.2344E-08,
C3,6.6780E-04,0.000,1.0419E-05,0.000,2.7936E-05,7.5897E-08,
C3,1.0000E-03,0.000,1.0419E-05,0.000,2.7936E-05,7.5897E-08,
C3,1.3057E-03,0.000,1.0419E-05,0.000,2.7921E-05,7.5933E-08,
C3,1.3091E-03,0.000,1.0458E-05,0.000,2.3156E-05,8.9378E-08,
C3,3.1840E-03,0.000,1.0458E-05,0.000,2.3153E-05,8.9380E-08,
C3,1.0000E-02,0.000,2.2089E-05,0.000,5.8069E-07,3.3085E-07,
C3,0.1000,0.000,3.0329E-05,0.000,1.8365E-07,6.1680E-07,
C3,0.4955,0.000,3.6900E-05,0.000,9.1927E-08,9.5158E-07,
C3,1.000,0.000,3.6900E-05,0.000,9.1927E-08,9.5158E-07,
C4,EndTable:,C3,
C4,
C4,
C4,Table C4,Dissolved elements(ppm: mg/L),
C4,Xi,t(days),Mg,Cl,Si,Fe,
C4,0.000,0.000,2.4328E-14,0.000,2.8112E-14,5.5900E-14,
C4,6.0174E-13,0.000,5.8560E-10,0.000,1.6916E-08,6.5795E-08,
C4,1.0000E-08,0.000,9.7313E-06,0.000,2.8112E-04,6.5747E-08,
C4,1.0000E-07,0.000,9.7313E-05,0.000,2.8112E-03,6.5331E-08,
C4,1.0000E-06,0.000,9.7313E-04,0.000,2.8112E-02,6.2009E-08,
C4,1.0000E-05,0.000,9.7313E-03,0.000,0.2811,5.6016E-08,
C4,1.2936E-05,0.000,1.2589E-02,0.000,0.3634,5.5859E-08,
C4,1.0000E-04,0.000,9.7313E-02,0.000,0.4114,6.1368E-08,
C4,2.6647E-04,0.000,0.2593,0.000,0.5031,7.4414E-08,
C4,5.5192E-04,0.000,0.2590,0.000,0.5032,1.2391E-03,
C4,6.6556E-04,0.000,0.2590,0.000,0.5045,1.2479E-03,
C4,6.6780E-04,0.000,0.2532,0.000,0.7846,4.2386E-03,
C4,1.0000E-03,0.000,0.2532,0.000,0.7846,4.2386E-03,
C4,1.3057E-03,0.000,0.2532,0.000,0.7842,4.2406E-03,
C4,1.3091E-03,0.000,0.2542,0.000,0.6503,4.9915E-03,
C4,3.1840E-03,0.000,0.2542,0.000,0.6503,4.9916E-03,
C4,1.0000E-02,0.000,0.5369,0.000,1.6309E-02,1.8477E-02,
C4,0.1000,0.000,0.7371,0.000,5.1579E-03,3.4446E-02,
C4,0.4955,0.000,0.8969,0.000,2.5818E-03,5.3143E-02,
C4,1.000,0.000,0.8969,0.000,2.5818E-03,5.3143E-02,
D1,EndTable:,C4,
D1,
D1,
D1,Table D1,Solute basis species(total molality),
D1,Xi,t(days),H+,Mg+2,SiO2,Fe+2,
D1,0.000,0.000,-1.1579E-09,1.0000E-18,1.0000E-18,1.0000E-18,
D1,6.0174E-13,0.000,-1.1603E-09,2.4071E-14,6.0174E-13,1.1770E-12,
D1,1.0000E-08,0.000,-1.9602E-09,4.0000E-10,1.0000E-08,1.1762E-12,
D1,1.0000E-07,0.000,-9.1602E-09,4.0000E-09,1.0000E-07,1.1687E-12,
D1,1.0000E-06,0.000,-8.1160E-08,4.0000E-08,1.0000E-06,1.1093E-12,
D1,1.0000E-05,0.000,-8.0116E-07,4.0000E-07,1.0000E-05,1.0021E-12,
D1,1.2936E-05,0.000,-1.0361E-06,5.1746E-07,1.2927E-05,9.9926E-13,
D1,1.0000E-04,0.000,-8.0012E-06,4.0000E-06,1.4633E-05,1.0978E-12,
D1,2.6647E-04,0.000,-2.1318E-05,1.0659E-05,1.7897E-05,1.3312E-12,
D1,5.5192E-04,0.000,-2.1340E-05,1.0647E-05,1.7900E-05,2.2166E-08,
D1,6.6556E-04,0.000,-2.1336E-05,1.0645E-05,1.7946E-05,2.2323E-08,
D1,6.6780E-04,0.000,-2.0971E-05,1.0409E-05,2.7909E-05,7.5824E-08,
D1,1.0000E-03,0.000,-2.0971E-05,1.0409E-05,2.7909E-05,7.5824E-08,
D1,1.3057E-03,0.000,-2.0971E-05,1.0409E-05,2.7894E-05,7.5860E-08,
D1,1.3091E-03,0.000,-2.1075E-05,1.0448E-05,2.3134E-05,8.9292E-08,
D1,3.1840E-03,0.000,-2.1076E-05,1.0448E-05,2.3130E-05,8.9294E-08,
D1,1.0000E-02,0.000,-4.4799E-05,2.2068E-05,5.8013E-07,3.3054E-07,
D1,0.1000,0.000,-6.1834E-05,3.0300E-05,1.8348E-07,6.1622E-07,
D1,0.4955,0.000,-7.5636E-05,3.6867E-05,9.1844E-08,9.5073E-07,
D1,1.000,0.000,-7.5636E-05,3.6867E-05,9.1844E-08,9.5073E-07,
D2,EndTable:,D1,
D2,
D2,
D2,Table D2,Solute basis species(total ppm: mg/kg.sol),
D2,Xi,t(days),H+,Mg+2,SiO2,Fe+2,
D2,0.000,0.000,-0.0000,0.0000,0.0000,0.0000,
D2,6.0174E-13,0.000,-0.0000,0.0000,0.0000,0.0000,
D2,1.0000E-08,0.000,-0.0000,0.0000,0.0006,0.0000,
D2,1.0000E-07,0.000,-0.0000,0.0001,0.0060,0.0000,
D2,1.0000E-06,0.000,-0.0001,0.0010,0.0601,0.0000,
D2,1.0000E-05,0.000,-0.0008,0.0097,0.6008,0.0000,
D2,1.2936E-05,0.000,-0.0010,0.0126,0.7767,0.0000,
D2,1.0000E-04,0.000,-0.0081,0.0972,0.8792,0.0000,
D2,2.6647E-04,0.000,-0.0215,0.2591,1.0753,0.0000,
D2,5.5192E-04,0.000,-0.0215,0.2588,1.0755,0.0012,
D2,6.6556E-04,0.000,-0.0215,0.2587,1.0783,0.0012,
D2,6.6780E-04,0.000,-0.0211,0.2530,1.6769,0.0042,
D2,1.0000E-03,0.000,-0.0211,0.2530,1.6769,0.0042,
D2,1.3057E-03,0.000,-0.0211,0.2530,1.6760,0.0042,
D2,1.3091E-03,0.000,-0.0212,0.2539,1.3900,0.0050,
D2,3.1840E-03,0.000,-0.0212,0.2539,1.3898,0.0050,
D2,1.0000E-02,0.000,-0.0452,0.5364,0.0349,0.0185,
D2,0.1000,0.000,-0.0623,0.7364,0.0110,0.0344,
D2,0.4955,0.000,-0.0762,0.8959,0.0055,0.0531,
D2,1.000,0.000,-0.0762,0.8959,0.0055,0.0531,
D3,EndTable:,D2,
D3,
D3,
D3,Table D3,Solute basis species(total molarity),
D3,Xi,t(days),H+,Mg+2,SiO2,Fe+2,
D3,0.000,0.000,-1.1590E-09,1.0010E-18,1.0010E-18,1.0010E-18,
D3,6.0174E-13,0.000,-1.1614E-09,2.4094E-14,6.0232E-13,1.1781E-12,
D3,1.0000E-08,0.000,-1.9621E-09,4.0038E-10,1.0010E-08,1.1773E-12,
D3,1.0000E-07,0.000,-9.1690E-09,4.0038E-09,1.0010E-07,1.1698E-12,
D3,1.0000E-06,0.000,-8.1238E-08,4.0038E-08,1.0010E-06,1.1103E-12,
D3,1.0000E-05,0.000,-8.0193E-07,4.0038E-07,1.0010E-05,1.0030E-12,
D3,1.2936E-05,0.000,-1.0371E-06,5.1795E-07,1.2939E-05,1.0002E-12,
D3,1.0000E-04,0.000,-8.0088E-06,4.0038E-06,1.4647E-05,1.0989E-12,
D3,2.6647E-04,0.000,-2.1339E-05,1.0669E-05,1.7914E-05,1.3325E-12,
D3,5.5192E-04,0.000,-2.1361E-05,1.0658E-05,1.7917E-05,2.2187E-08,
D3,6.6556E-04,0.000,-2.1356E-05,1.0655E-05,1.7963E-05,2.2344E-08,
D3,6.6780E-04,0.000,-2.0991E-05,1.0419E-05,2.7936E-05,7.5897E-08,
D3,1.0000E-03,0.000,-2.0991E-05,1.0419E-05,2.7936E-05,7.5897E-08,
D3,1.3057E-03,0.000,-2.0991E-05,1.0419E-05,2.7921E-05,7.5933E-08,
D3,1.3091E-03,0.000,-2.1096E-05,1.0458E-05,2.3156E-05,8.9378E-08,
D3,3.1840E-03,0.000,-2.1096E-05,1.0458E-05,2.3153E-05,8.9380E-08,
D3,1.0000E-02,0.000,-4.4842E-05,2.2089E-05,5.8069E-07,3.3085E-07,
D3,0.1000,0.000,-6.1892E-05,3.0329E-05,1.8365E-07,6.1680E-07,
D3,0.4955,0.000,-7.5704E-05,3.6900E-05,9.1927E-08,9.5158E-07,
D3,1.000,0.000,-7.5704E-05,3.6900E-05,9.1927E-08,9.5158E-07,
D4,EndTable:,D3,
D4,
D4,
D4,Table D4,Solute basis species(total ppm: mg/L),
D4,Xi,t(days),H+,Mg+2,SiO2,Fe+2,
D4,0.000,0.000,-0.0000,0.0000,0.0000,0.0000,
D4,6.0174E-13,0.000,-0.0000,0.0000,0.0000,0.0000,
D4,1.0000E-08,0.000,-0.0000,0.0000,0.0006,0.0000,
D4,1.0000E-07,0.000,-0.0000,0.0001,0.0060,0.0000,
D4,1.0000E-06,0.000,-0.0001,0.0010,0.0601,0.0000,
D4,1.0000E-05,0.000,-0.0008,0.0097,0.6014,0.0000,
D4,1.2936E-05,0.000,-0.0010,0.0126,0.7774,0.0000,
D4,1.0000E-04,0.000,-0.0081,0.0973,0.8801,0.0000,
D4,2.6647E-04,0.000,-0.0215,0.2593,1.0763,0.0000,
D4,5.5192E-04,0.000,-0.0215,0.2590,1.0765,0.0012,
D4,6.6556E-04,0.000,-0.0215,0.2590,1.0793,0.0012,
D4,6.6780E-04,0.000,-0.0212,0.2532,1.6785,0.0042,
D4,1.0000E-03,0.000,-0.0212,0.2532,1.6785,0.0042,
D4,1.3057E-03,0.000,-0.0212,0.2532,1.6776,0.0042,
D4,1.3091E-03,0.000,-0.0213,0.2542,1.3913,0.0050,
D4,3.1840E-03,0.000,-0.0213,0.2542,1.3911,0.0050,
D4,1.0000E-02,0.000,-0.0452,0.5369,0.0349,0.0185,
D4,0.1000,0.000,-0.0624,0.7371,0.0110,0.0344,
D4,0.4955,0.000,-0.0763,0.8969,0.0055,0.0531,
D4,1.000,0.000,-0.0763,0.8969,0.0055,0.0531,
E1,EndTable:,D4,
E1,
E1,
E1,Table E1,Basis species(log true molality; log mole fraction for H2O, log fugacity for O2(g)),
E1,Xi,t(days),H2O,H+,Mg+2,SiO2,Fe+2,O2(g),
E1,0.000,0.000,-2.1174E-06,-7.000,-18.00,-18.00,-27.67,-0.6695,
E1,6.0174E-13,0.000,-2.1174E-06,-7.000,-13.62,-12.22,-21.60,-0.6695,
E1,1.0000E-08,0.000,-2.1175E-06,-7.002,-9.398,-8.001,-21.60,-0.6695,
E1,1.0000E-07,0.000,-2.1179E-06,-7.017,-8.398,-7.001,-21.63,-0.6696,
E1,1.0000E-06,0.000,-2.1218E-06,-7.160,-7.398,-6.002,-21.92,-0.6703,
E1,1.0000E-05,0.000,-2.1641E-06,-7.808,-6.398,-5.007,-23.21,-0.6775,
E1,1.2936E-05,0.000,-2.1777E-06,-7.892,-6.286,-4.897,-23.38,-0.6798,
E1,1.0000E-04,0.000,-1.9255E-06,-8.772,-5.398,-4.897,-25.12,-0.7564,
E1,2.6647E-04,0.000,-1.4433E-06,-9.195,-4.974,-4.897,-25.91,-0.9559,
E1,5.5192E-04,0.000,-3.4927E-07,-9.195,-4.974,-4.897,-7.905,-72.99,
E1,6.6556E-04,0.000,-3.4951E-07,-9.195,-4.974,-4.896,-7.902,-73.01,
E1,6.6780E-04,0.000,-4.0828E-07,-9.125,-4.984,-4.685,-7.340,-75.54,
E1,1.0000E-03,0.000,-4.0828E-07,-9.125,-4.984,-4.685,-7.340,-75.54,
E1,1.3057E-03,0.000,-4.0818E-07,-9.125,-4.984,-4.685,-7.340,-75.54,
E1,1.3091E-03,0.000,-3.8054E-07,-9.156,-4.982,-4.775,-7.282,-76.26,
E1,3.1840E-03,0.000,-3.8053E-07,-9.156,-4.982,-4.775,-7.282,-76.26,
E1,1.0000E-02,0.000,-9.3391E-06,-9.630,-4.660,-6.565,-7.035,-83.42,
E1,0.1000,0.000,-1.2770E-04,-9.768,-4.524,-7.144,-6.922,-85.74,
E1,0.4955,0.000,-6.4964E-04,-9.852,-4.440,-7.498,-6.853,-87.15,
E1,1.000,0.000,-6.4964E-04,-9.852,-4.440,-7.498,-6.853,-87.15,
E2,EndTable:,E1,
E2,
E2,
E2,Table E2,Basis species(log activity; log fugacity for O2(g)),
E2,Xi,t(days),H2O,H+,Mg+2,SiO2,Fe+2,O2(g),
E2,0.000,0.000,-0.0000,-7.0000,-18.0007,-18.0011,-27.6721,-0.6695,
E2,6.0174E-13,0.000,-0.0000,-7.0000,-13.6192,-12.2217,-21.6013,-0.6695,
E2,1.0000E-08,0.000,-0.0000,-7.0017,-9.3986,-8.0011,-21.6047,-0.6695,
E2,1.0000E-07,0.000,-0.0000,-7.0167,-8.3986,-7.0012,-21.6346,-0.6696,
E2,1.0000E-06,0.000,-0.0000,-7.1607,-7.3988,-6.0016,-21.9225,-0.6703,
E2,1.0000E-05,0.000,-0.0000,-7.8086,-6.4002,-5.0072,-23.2166,-0.6775,
E2,1.2936E-05,0.000,-0.0000,-7.8927,-6.2887,-4.8972,-23.3841,-0.6798,
E2,1.0000E-04,0.000,-0.0000,-8.7738,-5.4055,-4.8972,-25.1273,-0.7564,
E2,2.6647E-04,0.000,-0.0000,-9.1978,-4.9851,-4.8972,-25.9254,-0.9559,
E2,5.5192E-04,0.000,-0.0000,-9.1980,-4.9856,-4.8972,-7.9169,-72.9916,
E2,6.6556E-04,0.000,-0.0000,-9.1977,-4.9857,-4.8960,-7.9136,-73.0064,
E2,6.6780E-04,0.000,-0.0000,-9.1276,-4.9951,-4.6849,-7.3513,-75.5397,
E2,1.0000E-03,0.000,-0.0000,-9.1276,-4.9951,-4.6849,-7.3513,-75.5397,
E2,1.3057E-03,0.000,-0.0000,-9.1277,-4.9951,-4.6852,-7.3512,-75.5418,
E2,1.3091E-03,0.000,-0.0000,-9.1587,-4.9936,-4.7747,-7.2937,-76.2580,
E2,3.1840E-03,0.000,-0.0000,-9.1587,-4.9936,-4.7748,-7.2937,-76.2583,
E2,1.0000E-02,0.000,-0.0000,-9.6340,-4.6763,-6.5649,-7.0510,-83.4187,
E2,0.1000,0.000,-0.0001,-9.7725,-4.5428,-7.1441,-6.9416,-85.7360,
E2,0.4955,0.000,-0.0007,-9.8572,-4.4605,-7.4981,-6.8741,-87.1543,
E2,1.000,0.000,-0.0007,-9.8572,-4.4605,-7.4981,-6.8741,-87.1543,
E3,EndTable:,E2,
E3,
E3,
E3,Table E3,Basis species(log activity coefficient),
E3,Xi,t(days),H2O,H+,Mg+2,SiO2,Fe+2,O2(g),
E3,0.000,0.000,-0.0000,-0.0002,-0.0006,0.0000,-0.0006,0.0000,
E3,6.0174E-13,0.000,-0.0000,-0.0002,-0.0006,0.0000,-0.0006,0.0000,
E3,1.0000E-08,0.000,-0.0000,-0.0002,-0.0007,0.0000,-0.0007,0.0000,
E3,1.0000E-07,0.000,-0.0000,-0.0002,-0.0007,0.0000,-0.0007,0.0000,
E3,1.0000E-06,0.000,-0.0000,-0.0002,-0.0009,0.0000,-0.0009,0.0000,
E3,1.0000E-05,0.000,0.0000,-0.0006,-0.0022,0.0000,-0.0023,0.0000,
E3,1.2936E-05,0.000,0.0000,-0.0006,-0.0026,0.0000,-0.0026,0.0000,
E3,1.0000E-04,0.000,0.0000,-0.0018,-0.0070,0.0000,-0.0070,0.0000,
E3,2.6647E-04,0.000,0.0000,-0.0028,-0.0114,0.0000,-0.0114,0.0000,
E3,5.5192E-04,0.000,0.0000,-0.0028,-0.0114,0.0000,-0.0114,0.0000,
E3,6.6556E-04,0.000,0.0000,-0.0028,-0.0114,0.0000,-0.0114,0.0000,
E3,6.6780E-04,0.000,0.0000,-0.0028,-0.0113,0.0000,-0.0113,0.0000,
E3,1.0000E-03,0.000,0.0000,-0.0028,-0.0113,0.0000,-0.0113,0.0000,
E3,1.3057E-03,0.000,0.0000,-0.0028,-0.0113,0.0000,-0.0113,0.0000,
E3,1.3091E-03,0.000,0.0000,-0.0028,-0.0113,0.0000,-0.0114,0.0000,
E3,3.1840E-03,0.000,0.0000,-0.0028,-0.0113,0.0000,-0.0114,0.0000,
E3,1.0000E-02,0.000,0.0000,-0.0041,-0.0163,0.0000,-0.0164,0.0000,
E3,0.1000,0.000,-0.0000,-0.0048,-0.0191,0.0000,-0.0192,0.0000,
E3,0.4955,0.000,-0.0000,-0.0052,-0.0210,0.0000,-0.0211,0.0000,
E3,1.000,0.000,-0.0000,-0.0052,-0.0210,0.0000,-0.0211,0.0000,
J,EndTable:,E3,
J,
J,
J,Table J,Moles of reactants destroyed/created,
J,Xi,t(days),forsterite,fayalite,
J,0.000,0.000,0.000,0.000,
J,6.0174E-13,0.000,1.2035E-14,5.8971E-13,
J,1.0000E-08,0.000,2.0000E-10,9.8000E-09,
J,1.0000E-07,0.000,2.0000E-09,9.8000E-08,
J,1.0000E-06,0.000,2.0000E-08,9.8000E-07,
J,1.0000E-05,0.000,2.0000E-07,9.8000E-06,
J,1.2936E-05,0.000,2.5873E-07,1.2678E-05,
J,1.0000E-04,0.000,2.0000E-06,9.8000E-05,
J,2.6647E-04,0.000,5.3293E-06,2.6114E-04,
J,5.5192E-04,0.000,1.1038E-05,5.4088E-04,
J,6.6556E-04,0.000,1.3311E-05,6.5225E-04,
J,6.6780E-04,0.000,1.3356E-05,6.5445E-04,
J,1.0000E-03,0.000,2.0000E-05,9.8000E-04,
J,1.3057E-03,0.000,2.6114E-05,1.2796E-03,
J,1.3091E-03,0.000,2.6181E-05,1.2829E-03,
J,3.1840E-03,0.000,6.3681E-05,3.1204E-03,
J,1.0000E-02,0.000,2.0000E-04,9.8000E-03,
J,0.1000,0.000,2.0000E-03,9.8000E-02,
J,0.4955,0.000,9.9095E-03,0.4856,
J,1.000,0.000,2.0000E-02,0.9800,
K,EndTable:,J,
K,
K,
K,Table K,Affinities of reactants (kcal),
K,Xi,t(days),Total,forsterite,fayalite,
K,0.000,0.000,87.6483,73.4876,87.9373,
K,6.0174E-13,0.000,63.2912,53.6476,63.4880,
K,1.0000E-08,0.000,57.3026,36.3643,57.7299,
K,1.0000E-07,0.000,55.8821,32.1896,56.3657,
K,1.0000E-06,0.000,54.4477,27.3122,55.0015,
K,1.0000E-05,0.000,52.9611,19.6948,53.6400,
K,1.2936E-05,0.000,52.7942,18.7819,53.4883,
K,1.0000E-04,0.000,52.5987,11.5633,53.4361,
K,2.6647E-04,0.000,52.3961,8.1026,53.3000,
K,5.5192E-04,0.000,4.2402,8.1026,4.1614,
K,6.6556E-04,0.000,4.2320,8.1033,4.1530,
K,6.6780E-04,0.000,2.8232,8.2233,2.7129,
K,1.0000E-03,0.000,2.8232,8.2233,2.7129,
K,1.3057E-03,0.000,2.8226,8.2231,2.7124,
K,1.3091E-03,0.000,2.6221,8.1722,2.5088,
K,3.1840E-03,0.000,2.6220,8.1722,2.5088,
K,1.0000E-02,0.000,1.8039,7.1546,1.6947,
K,0.1000,0.000,1.5389,6.8251,1.4310,
K,0.4955,0.000,1.3762,6.6229,1.2691,
K,1.000,0.000,1.3762,6.6229,1.2691,
P,EndTable:,K,
P,
P,
P,Table P,Moles of product minerals,
P,Xi,t(days),goethite,hisingerite,antigorite,magnetite,minnesotaite,greenalite,Fe-brucite,
P,0.000,0.000,
P,6.0174E-13,0.000,2.4190E-15,
P,1.0000E-08,0.000,1.9599E-08,
P,1.0000E-07,0.000,1.9600E-07,
P,1.0000E-06,0.000,1.9600E-06,
P,1.0000E-05,0.000,1.9600E-05,
P,1.2936E-05,0.000,2.5346E-05,4.7963E-09,
P,1.0000E-04,0.000,1.1063E-04,4.2683E-05,
P,2.6647E-04,0.000,2.7370E-04,1.2428E-04,1.9607E-12,
P,5.5192E-04,0.000,5.5582E-04,2.6296E-04,2.3812E-07,7.5576E-11,
P,6.6556E-04,0.000,0.000,3.1815E-04,3.3286E-07,2.2273E-04,
P,6.6780E-04,0.000,0.000,3.1417E-04,3.3965E-07,2.2682E-04,3.9443E-10,
P,1.0000E-03,0.000,0.000,1.5056E-04,6.1648E-07,3.9043E-04,1.6250E-04,
P,1.3057E-03,0.000,0.000,0.000,8.7125E-07,5.4100E-04,3.1205E-04,
P,1.3091E-03,0.000,0.000,0.000,8.7323E-07,5.4116E-04,3.1406E-04,9.7845E-09,
P,3.1840E-03,0.000,0.000,0.000,2.4357E-06,5.4116E-04,0.000,1.5391E-03,
P,1.0000E-02,0.000,0.000,0.000,7.8737E-06,1.6674E-03,0.000,4.8659E-03,
P,0.1000,0.000,0.000,0.000,8.2703E-05,1.6739E-02,0.000,4.8594E-02,
P,0.4955,0.000,0.000,0.000,4.1213E-04,8.2661E-02,0.000,0.2407,9.5414E-04,
P,1.000,0.000,0.000,0.000,8.3258E-04,8.1526E-02,0.000,0.4858,0.2579,
Q,EndTable:,P,
Q,
Q,
Q,Table Q,Saturation indices of potential product phases,
Q,Xi,t(days),goethite,H2O,Gas,coesite,cristobalite,alpha,cristobalite,beta,hematite,quartz,chalcedony,cristobalite,amorphous-silica,hisingerite,brucite,enstatite,Mg-cronstedtite,chrysotile,forsterite,periclase,talc,antigorite,sepiolite,ferrous-oxide,fayalite,ferrosilite,magnetite,greenalite,Fe-brucite,minnesotaite,grunerite,iron,
Q,0.000,0.000,-6.0708,-0.0000,0.0000,
Q,6.0174E-13,0.000,0.0000,-0.0000,0.0000,-9.0324,-8.7729,-9.2164,-0.1154,-8.2224,-8.4937,-8.7729,-9.5082,
Q,1.0000E-08,0.000,-0.0000,-0.0000,0.0000,-4.8118,-4.5523,-4.9958,-0.1154,-4.0018,-4.2731,-4.5523,-5.2876,-6.2078,
Q,1.0000E-07,0.000,0.0000,-0.0000,0.0000,-3.8119,-3.5524,-3.9959,-0.1154,-3.0019,-3.2732,-3.5524,-4.2877,-4.2078,
Q,1.0000E-06,0.000,-0.0000,-0.0000,0.0000,-2.8123,-2.5528,-2.9963,-0.1154,-2.0023,-2.2736,-2.5528,-3.2881,-2.2088,-9.3755,
Q,1.0000E-05,0.000,0.0000,-0.0000,0.0000,-1.8179,-1.5584,-2.0019,-0.1154,-1.0079,-1.2792,-1.5584,-2.2937,-0.2199,-7.0810,-7.1172,
Q,1.2936E-05,0.000,-0.0000,-0.0000,0.0000,-1.7079,-1.4484,-1.8919,-0.1154,-0.8979,-1.1692,-1.4484,-2.1837,0.0000,-6.8014,-6.7276,-9.5533,
Q,1.0000E-04,0.000,0.0000,-0.0000,0.0000,-1.7079,-1.4484,-1.8919,-0.1154,-0.8979,-1.1692,-1.4484,-2.1837,0.0000,-4.1558,-4.0821,-4.2622,-4.4935,-8.4757,-9.1933,-4.3011,
Q,2.6647E-04,0.000,-0.0000,-0.0000,0.0000,-1.7079,-1.4484,-1.8919,-0.1154,-0.8979,-1.1692,-1.4484,-2.1837,-0.0000,-2.8875,-2.8138,-1.7256,-0.6885,-5.9391,-7.9250,-0.4961,0.0000,-6.1857,
Q,5.5192E-04,0.000,0.0000,-0.0000,0.0000,-1.7079,-1.4484,-1.8919,-0.1154,-0.8979,-1.1692,-1.4484,-2.1837,0.0000,-2.8875,-2.8138,-1.7256,-0.6885,-5.9391,-7.9250,-0.4961,0.0000,-6.1857,-3.0527,-3.0503,-1.8653,0.0000,-1.8783,-2.3598,-2.1234,-7.9520,
Q,6.6556E-04,0.000,-0.0012,-0.0000,0.0000,-1.7067,-1.4472,-1.8907,-0.1179,-0.8967,-1.1680,-1.4472,-2.1825,0.0000,-2.8884,-2.8134,-1.7285,-0.6887,-5.9396,-7.9259,-0.4938,0.0000,-6.1818,-3.0502,-3.0441,-1.8615,0.0000,-1.8684,-2.3573,-2.1110,-7.9248,
Q,6.6780E-04,0.000,-0.2123,-0.0000,0.0000,-1.4956,-1.2361,-1.6796,-0.5401,-0.6856,-0.9569,-1.2361,-1.9714,-0.0000,-3.0379,-2.7518,-2.2387,-0.7150,-6.0275,-8.0754,-0.0980,0.0000,-5.5133,-2.6280,-1.9886,-1.2282,0.0000,-0.1796,-1.9351,0.0000,-3.2805,-8.9097,
Q,1.0000E-03,0.000,-0.2123,-0.0000,0.0000,-1.4956,-1.2361,-1.6796,-0.5401,-0.6856,-0.9569,-1.2361,-1.9714,-0.0000,-3.0379,-2.7518,-2.2387,-0.7150,-6.0275,-8.0754,-0.0980,-0.0000,-5.5133,-2.6280,-1.9886,-1.2282,-0.0000,-0.1796,-1.9351,-0.0000,-3.2805,-8.9097,
Q,1.3057E-03,0.000,-0.2125,-0.0000,0.0000,-1.4959,-1.2364,-1.6799,-0.5404,-0.6859,-0.9572,-1.2364,-1.9717,-0.0009,-3.0377,-2.7519,-2.2389,-0.7150,-6.0274,-8.0752,-0.0985,-0.0000,-5.5141,-2.6277,-1.9881,-1.2281,-0.0000,-0.1791,-1.9348,-0.0000,-3.2802,-8.9083,
Q,1.3091E-03,0.000,-0.2722,-0.0000,0.0000,-1.5854,-1.3259,-1.7694,-0.6598,-0.7754,-1.0467,-1.3259,-2.0612,-0.2993,-2.9743,-2.7780,-2.3210,-0.7038,-5.9901,-8.0118,-0.2663,-0.0000,-5.7976,-2.5083,-1.8389,-1.1983,0.0000,-0.0000,-1.8154,-0.0000,-3.1608,-8.4308,
Q,3.1840E-03,0.000,-0.2722,-0.0000,0.0000,-1.5855,-1.3260,-1.7695,-0.6598,-0.7755,-1.0468,-1.3260,-2.0613,-0.2995,-2.9743,-2.7780,-2.3210,-0.7038,-5.9901,-8.0118,-0.2664,-0.0000,-5.7978,-2.5083,-1.8389,-1.1983,-0.0000,-0.0000,-1.8154,-0.0001,-3.1610,-8.4306,
Q,1.0000E-02,0.000,-0.8689,-0.0000,0.0000,-3.3756,-3.1161,-3.5596,-1.8532,-2.5656,-2.8369,-3.1161,-3.8514,-5.0731,-1.7063,-3.3001,-2.7686,-0.4801,-5.2442,-6.7438,-3.6229,-0.0000,-11.4665,-1.3149,-1.2422,-1.7950,-0.0000,-0.0000,-0.6220,-3.5803,-9.1280,-3.6570,
Q,0.1000,0.000,-1.0621,-0.0001,0.0000,-3.9548,-3.6953,-4.1388,-2.2395,-3.1448,-3.4161,-3.6953,-4.4306,-6.6180,-1.2960,-3.4690,-2.9135,-0.4077,-5.0027,-6.3334,-4.7088,-0.0000,-13.3012,-0.9286,-1.0489,-1.9880,-0.0000,-0.0000,-0.2359,-4.7386,-11.0583,-2.1121,
Q,0.4955,0.000,-1.1806,-0.0007,0.0000,-4.3088,-4.0493,-4.4928,-2.4759,-3.4988,-3.7701,-4.0493,-4.7846,-7.5635,-1.0454,-3.5719,-3.0028,-0.3634,-4.8545,-6.0823,-5.3721,0.0000,-14.4247,-0.6922,-0.9302,-2.1057,0.0000,0.0000,0.0000,-5.4462,-12.2365,-1.1666,
Q,1.000,0.000,-1.1806,-0.0007,0.0000,-4.3088,-4.0493,-4.4928,-2.4759,-3.4988,-3.7701,-4.0493,-4.7846,-7.5635,-1.0454,-3.5719,-3.0028,-0.3634,-4.8545,-6.0823,-5.3721,0.0000,-14.4247,-0.6922,-0.9302,-2.1057,0.0000,0.0000,0.0000,-5.4462,-12.2365,-1.1666,
T,EndTable:,Q,
T,
T,
T,Table T,Fugacities (bars),
T,Xi,t(days),H2O(g),O2(g),H2(g),
T,0.000,0.000,2.5978E-02,0.2140,6.0585E-42,
T,6.0174E-13,0.000,2.5978E-02,0.2140,6.0585E-42,
T,1.0000E-08,0.000,2.5978E-02,0.2140,6.0586E-42,
T,1.0000E-07,0.000,2.5978E-02,0.2140,6.0591E-42,
T,1.0000E-06,0.000,2.5978E-02,0.2136,6.0640E-42,
T,1.0000E-05,0.000,2.5978E-02,0.2101,6.1142E-42,
T,1.2936E-05,0.000,2.5978E-02,0.2090,6.1308E-42,
T,1.0000E-04,0.000,2.5978E-02,0.1752,6.6954E-42,
T,2.6647E-04,0.000,2.5978E-02,0.1107,8.4244E-42,
T,5.5192E-04,0.000,2.5978E-02,1.0195E-73,8.7781E-06,
T,6.6556E-04,0.000,2.5978E-02,9.8529E-74,8.9293E-06,
T,6.6780E-04,0.000,2.5978E-02,2.8862E-76,1.6498E-04,
T,1.0000E-03,0.000,2.5978E-02,2.8862E-76,1.6498E-04,
T,1.3057E-03,0.000,2.5978E-02,2.8724E-76,1.6538E-04,
T,1.3091E-03,0.000,2.5978E-02,5.5207E-77,3.7723E-04,
T,3.1840E-03,0.000,2.5978E-02,5.5174E-77,3.7734E-04,
T,1.0000E-02,0.000,2.5977E-02,3.8136E-84,1.435,
T,0.1000,0.000,2.5970E-02,1.8364E-86,20.68,
T,0.4955,0.000,2.5939E-02,7.0097E-88,105.7,
T,1.000,0.000,2.5939E-02,7.0097E-88,105.7,
W,EndTable:,T,
W,
W,
W,Table W,Overall mass and volume changes,
W,Xi,t(days),g destroyed,g created,g net,cc destroyed,cc created,cc net,
W,0.000,  0.000,0.000,0.000,0.000,0.000,0.000,0.000,
W,6.0174E-13,  0.000,1.2186E-10,2.1494E-13,-1.2165E-10,0.000,0.000,0.000,
W,1.0000E-08,  0.000,2.0252E-06,1.7414E-06,-2.8373E-07,0.000,0.000,0.000,
W,1.0000E-07,  0.000,2.0252E-05,1.7415E-05,-2.8363E-06,0.000,0.000,0.000,
W,1.0000E-06,  0.000,2.0252E-04,1.7415E-04,-2.8362E-05,0.000,0.000,0.000,
W,1.0000E-05,  0.000,2.0252E-03,1.7415E-03,-2.8362E-04,0.000,0.000,0.000,
W,1.2936E-05,  0.000,2.6198E-03,2.2536E-03,-3.6624E-04,0.000,0.000,0.000,
W,1.0000E-04,  0.000,2.0252E-02,2.3313E-02,3.0619E-03,0.000,0.000,0.000,
W,2.6647E-04,  0.000,5.3964E-02,6.3580E-02,9.6166E-03,0.000,0.000,0.000,
W,5.5192E-04,  0.000,0.1118,0.1335,2.1762E-02,0.000,0.000,0.000,
W,6.6556E-04,  0.000,0.1348,0.1536,1.8794E-02,0.000,0.000,0.000,
W,6.6780E-04,  0.000,0.1352,0.1533,1.8063E-02,0.000,0.000,0.000,
W,1.0000E-03,  0.000,0.2025,0.2178,1.5250E-02,0.000,0.000,0.000,
W,1.3057E-03,  0.000,0.2644,0.2771,1.2663E-02,0.000,0.000,0.000,
W,1.3091E-03,  0.000,0.2651,0.2781,1.2987E-02,0.000,0.000,0.000,
W,3.1840E-03,  0.000,0.6448,0.7085,6.3654E-02,0.000,0.000,0.000,
W,1.0000E-02,  0.000,2.025,2.231,0.2054,0.000,0.000,0.000,
W,0.1000,  0.000,20.25,22.32,2.064,0.000,0.000,0.000,
W,0.4955,  0.000,100.3,110.6,10.24,0.000,0.000,0.000,
W,1.000,  0.000,202.5,226.4,23.92,0.000,0.000,0.000,
Z,EndTable:,W,
Z,
Z,
Z,Table Z,Endfile,
Z,Endtable:,Z,
